[IDX] Loading derived state from DB...
[IDX] Loaded 30369 tokens, 146 pools, 4 markets, 1 vaults
[IDX] --from-current-block set: DB last processed block is 83051488; RPC head is 83051530
[IDX] Starting live stream from block 83051530
[Metadata] Background worker started
[Backfill] CH @ Init = 83051530
[SQ] 83051530-83051530: MC 0 MPC 0 TR 0 PMINT 0 PBURN 0 PSYNC 0 TC 0 LT 0 MG 0 VD 0 VDP 0 VWD 0 VLOCK 0 VUNLOCK 0 VCLOSE 0 VMAX 0 VLOCKUP 0 VDECR 0 V3SWAP 0 V2SWAP 0 NFC 0 NFB 0 NFS 0 NFPEN 0 NFT 0 TF 0
[Backfill] Complete, LP = 83051530, metadata fetched = 0
[WS] Backfill from 83051530 to 83051530
[SQ] 83051531: MC 0 MPC 0 TR 0 PMINT 0 PBURN 0 PSYNC 0 TC 0 LT 0 MG 0 VD 0 VDP 0 VWD 0 VLOCK 0 VUNLOCK 0 VCLOSE 0 VMAX 0 VLOCKUP 0 VDECR 0 V3SWAP 1 V2SWAP 0 NFC 0 NFB 0 NFS 0 NFPEN 0 NFT 0 TF 2
[SQ] 83051532: MC 0 MPC 0 TR 0 PMINT 0 PBURN 0 PSYNC 0 TC 0 LT 0 MG 0 VD 0 VDP 0 VWD 0 VLOCK 0 VUNLOCK 0 VCLOSE 0 VMAX 0 VLOCKUP 0 VDECR 0 V3SWAP 0 V2SWAP 0 NFC 0 NFB 0 NFS 0 NFPEN 0 NFT 0 TF 2
[SQ] 83051533: MC 0 MPC 0 TR 0 PMINT 0 PBURN 0 PSYNC 0 TC 0 LT 0 MG 0 VD 0 VDP 0 VWD 0 VLOCK 0 VUNLOCK 0 VCLOSE 0 VMAX 0 VLOCKUP 0 VDECR 0 V3SWAP 0 V2SWAP 0 NFC 0 NFB 0 NFS 0 NFPEN 0 NFT 0 TF 0
[SQ] 83051534: MC 0 MPC 0 TR 0 PMINT 0 PBURN 0 PSYNC 0 TC 0 LT 0 MG 0 VD 0 VDP 0 VWD 0 VLOCK 0 VUNLOCK 0 VCLOSE 0 VMAX 0 VLOCKUP 0 VDECR 0 V3SWAP 0 V2SWAP 0 NFC 0 NFB 0 NFS 0 NFPEN 0 NFT 0 TF 0
[SQ] 83051535: MC 0 MPC 0 TR 0 PMINT 0 PBURN 0 PSYNC 0 TC 0 LT 0 MG 0 VD 0 VDP 0 VWD 0 VLOCK 0 VUNLOCK 0 VCLOSE 0 VMAX 0 VLOCKUP 0 VDECR 0 V3SWAP 0 V2SWAP 0 NFC 0 NFB 0 NFS 0 NFPEN 0 NFT 0 TF 0
[SQ] 83051536: MC 0 MPC 0 TR 0 PMINT 0 PBURN 0 PSYNC 0 TC 0 LT 0 MG 0 VD 0 VDP 0 VWD 0 VLOCK 0 VUNLOCK 0 VCLOSE 0 VMAX 0 VLOCKUP 0 VDECR 0 V3SWAP 0 V2SWAP 0 NFC 0 NFB 0 NFS 0 NFPEN 0 NFT 0 TF 0
[SQ] 83051537: MC 0 MPC 0 TR 0 PMINT 0 PBURN 0 PSYNC 0 TC 0 LT 0 MG 0 VD 0 VDP 0 VWD 0 VLOCK 0 VUNLOCK 0 VCLOSE 0 VMAX 0 VLOCKUP 0 VDECR 0 V3SWAP 0 V2SWAP 0 NFC 0 NFB 0 NFS 0 NFPEN 0 NFT 0 TF 0
[SQ] 83051538: MC 0 MPC 0 TR 0 PMINT 0 PBURN 0 PSYNC 0 TC 0 LT 0 MG 0 VD 0 VDP 0 VWD 0 VLOCK 0 VUNLOCK 0 VCLOSE 0 VMAX 0 VLOCKUP 0 VDECR 0 V3SWAP 0 V2SWAP 0 NFC 0 NFB 0 NFS 0 NFPEN 0 NFT 0 TF 0
[SQ] 83051539: MC 0 MPC 0 TR 0 PMINT 0 PBURN 0 PSYNC 0 TC 0 LT 0 MG 0 VD 0 VDP 0 VWD 0 VLOCK 0 VUNLOCK 0 VCLOSE 0 VMAX 0 VLOCKUP 0 VDECR 0 V3SWAP 0 V2SWAP 0 NFC 0 NFB 0 NFS 0 NFPEN 0 NFT 0 TF 2
[SQ] 83051540: MC 0 MPC 0 TR 0 PMINT 0 PBURN 0 PSYNC 0 TC 0 LT 0 MG 0 VD 0 VDP 0 VWD 0 VLOCK 0 VUNLOCK 0 VCLOSE 0 VMAX 0 VLOCKUP 0 VDECR 0 V3SWAP 0 V2SWAP 0 NFC 0 NFB 0 NFS 0 NFPEN 0 NFT 0 TF 0
[SQ] 83051541: MC 0 MPC 0 TR 0 PMINT 0 PBURN 0 PSYNC 0 TC 0 LT 0 MG 0 VD 0 VDP 0 VWD 0 VLOCK 0 VUNLOCK 0 VCLOSE 0 VMAX 0 VLOCKUP 0 VDECR 0 V3SWAP 0 V2SWAP 0 NFC 0 NFB 0 NFS 0 NFPEN 0 NFT 0 TF 0
[SQ] 83051542: MC 0 MPC 0 TR 0 PMINT 0 PBURN 0 PSYNC 0 TC 0 LT 0 MG 0 VD 0 VDP 0 VWD 0 VLOCK 0 VUNLOCK 0 VCLOSE 0 VMAX 0 VLOCKUP 0 VDECR 0 V3SWAP 0 V2SWAP 0 NFC 0 NFB 0 NFS 0 NFPEN 0 NFT 0 TF 0
[SQ] 83051543: MC 0 MPC 0 TR 0 PMINT 0 PBURN 0 PSYNC 0 TC 0 LT 0 MG 0 VD 0 VDP 0 VWD 0 VLOCK 0 VUNLOCK 0 VCLOSE 0 VMAX 0 VLOCKUP 0 VDECR 0 V3SWAP 0 V2SWAP 0 NFC 0 NFB 0 NFS 0 NFPEN 0 NFT 0 TF 0
[SQ] 83051544: MC 0 MPC 0 TR 0 PMINT 0 PBURN 0 PSYNC 0 TC 0 LT 0 MG 0 VD 0 VDP 0 VWD 0 VLOCK 0 VUNLOCK 0 VCLOSE 0 VMAX 0 VLOCKUP 0 VDECR 0 V3SWAP 0 V2SWAP 0 NFC 0 NFB 0 NFS 0 NFPEN 0 NFT 0 TF 0
[SQ] 83051545: MC 0 MPC 0 TR 0 PMINT 0 PBURN 0 PSYNC 0 TC 0 LT 0 MG 0 VD 0 VDP 0 VWD 0 VLOCK 0 VUNLOCK 0 VCLOSE 0 VMAX 0 VLOCKUP 0 VDECR 0 V3SWAP 0 V2SWAP 0 NFC 0 NFB 0 NFS 0 NFPEN 0 NFT 0 TF 6
[SQ] 83051546: MC 0 MPC 0 TR 0 PMINT 0 PBURN 0 PSYNC 0 TC 0 LT 0 MG 0 VD 0 VDP 0 VWD 0 VLOCK 0 VUNLOCK 0 VCLOSE 0 VMAX 0 VLOCKUP 0 VDECR 0 V3SWAP 0 V2SWAP 0 NFC 0 NFB 0 NFS 0 NFPEN 0 NFT 0 TF 0
[SQ] 83051547: MC 0 MPC 0 TR 0 PMINT 0 PBURN 0 PSYNC 0 TC 0 LT 0 MG 0 VD 0 VDP 0 VWD 0 VLOCK 0 VUNLOCK 0 VCLOSE 0 VMAX 0 VLOCKUP 0 VDECR 0 V3SWAP 0 V2SWAP 0 NFC 0 NFB 0 NFS 0 NFPEN 0 NFT 0 TF 0
[SQ] 83051548: MC 0 MPC 0 TR 0 PMINT 0 PBURN 0 PSYNC 0 TC 0 LT 0 MG 0 VD 0 VDP 0 VWD 0 VLOCK 0 VUNLOCK 0 VCLOSE 0 VMAX 0 VLOCKUP 0 VDECR 0 V3SWAP 1 V2SWAP 0 NFC 0 NFB 0 NFS 0 NFPEN 0 NFT 0 TF 9
[SQ] 83051549: MC 0 MPC 0 TR 0 PMINT 0 PBURN 0 PSYNC 0 TC 0 LT 0 MG 0 VD 0 VDP 0 VWD 0 VLOCK 0 VUNLOCK 0 VCLOSE 0 VMAX 0 VLOCKUP 0 VDECR 0 V3SWAP 0 V2SWAP 0 NFC 0 NFB 0 NFS 0 NFPEN 0 NFT 0 TF 0
[SQ] 83051550: MC 0 MPC 0 TR 0 PMINT 0 PBURN 0 PSYNC 0 TC 0 LT 0 MG 0 VD 0 VDP 0 VWD 0 VLOCK 0 VUNLOCK 0 VCLOSE 0 VMAX 0 VLOCKUP 0 VDECR 0 V3SWAP 0 V2SWAP 0 NFC 0 NFB 0 NFS 0 NFPEN 0 NFT 0 TF 0
[SQ] 83051551: MC 0 MPC 0 TR 0 PMINT 0 PBURN 0 PSYNC 0 TC 0 LT 0 MG 0 VD 0 VDP 0 VWD 0 VLOCK 0 VUNLOCK 0 VCLOSE 0 VMAX 0 VLOCKUP 0 VDECR 0 V3SWAP 0 V2SWAP 0 NFC 0 NFB 0 NFS 0 NFPEN 0 NFT 0 TF 0
[SQ] 83051552: MC 0 MPC 0 TR 0 PMINT 0 PBURN 0 PSYNC 0 TC 0 LT 0 MG 0 VD 0 VDP 0 VWD 0 VLOCK 0 VUNLOCK 0 VCLOSE 0 VMAX 0 VLOCKUP 0 VDECR 0 V3SWAP 0 V2SWAP 0 NFC 0 NFB 0 NFS 0 NFPEN 0 NFT 0 TF 0
[SQ] 83051553: MC 0 MPC 0 TR 0 PMINT 0 PBURN 0 PSYNC 0 TC 0 LT 0 MG 0 VD 0 VDP 0 VWD 0 VLOCK 0 VUNLOCK 0 VCLOSE 0 VMAX 0 VLOCKUP 0 VDECR 0 V3SWAP 0 V2SWAP 0 NFC 0 NFB 0 NFS 0 NFPEN 0 NFT 0 TF 2
[SQ] 83051554: MC 0 MPC 0 TR 0 PMINT 0 PBURN 0 PSYNC 0 TC 0 LT 0 MG 0 VD 0 VDP 0 VWD 0 VLOCK 0 VUNLOCK 0 VCLOSE 0 VMAX 0 VLOCKUP 0 VDECR 0 V3SWAP 0 V2SWAP 0 NFC 0 NFB 0 NFS 0 NFPEN 0 NFT 0 TF 0
[SQ] 83051555: MC 0 MPC 0 TR 0 PMINT 0 PBURN 0 PSYNC 0 TC 0 LT 0 MG 0 VD 0 VDP 0 VWD 0 VLOCK 0 VUNLOCK 0 VCLOSE 0 VMAX 0 VLOCKUP 0 VDECR 0 V3SWAP 0 V2SWAP 0 NFC 0 NFB 0 NFS 0 NFPEN 0 NFT 0 TF 0
[SQ] 83051556: MC 0 MPC 0 TR 0 PMINT 0 PBURN 0 PSYNC 0 TC 0 LT 0 MG 0 VD 0 VDP 0 VWD 0 VLOCK 0 VUNLOCK 0 VCLOSE 0 VMAX 0 VLOCKUP 0 VDECR 0 V3SWAP 0 V2SWAP 0 NFC 0 NFB 0 NFS 0 NFPEN 0 NFT 0 TF 0
[SQ] 83051557: MC 0 MPC 0 TR 0 PMINT 0 PBURN 0 PSYNC 0 TC 0 LT 0 MG 0 VD 0 VDP 0 VWD 0 VLOCK 0 VUNLOCK 0 VCLOSE 0 VMAX 0 VLOCKUP 0 VDECR 0 V3SWAP 0 V2SWAP 0 NFC 0 NFB 0 NFS 0 NFPEN 0 NFT 0 TF 0
[SQ] 83051558: MC 0 MPC 0 TR 0 PMINT 0 PBURN 0 PSYNC 0 TC 0 LT 0 MG 0 VD 0 VDP 0 VWD 0 VLOCK 0 VUNLOCK 0 VCLOSE 0 VMAX 0 VLOCKUP 0 VDECR 0 V3SWAP 0 V2SWAP 0 NFC 0 NFB 0 NFS 0 NFPEN 0 NFT 0 TF 0
[SQ] 83051559: MC 0 MPC 0 TR 0 PMINT 0 PBURN 0 PSYNC 0 TC 0 LT 0 MG 0 VD 0 VDP 0 VWD 0 VLOCK 0 VUNLOCK 0 VCLOSE 0 VMAX 0 VLOCKUP 0 VDECR 0 V3SWAP 0 V2SWAP 0 NFC 0 NFB 0 NFS 0 NFPEN 0 NFT 0 TF 0
[SQ] 83051560: MC 0 MPC 0 TR 0 PMINT 0 PBURN 0 PSYNC 0 TC 0 LT 0 MG 0 VD 0 VDP 0 VWD 0 VLOCK 0 VUNLOCK 0 VCLOSE 0 VMAX 0 VLOCKUP 0 VDECR 0 V3SWAP 0 V2SWAP 0 NFC 0 NFB 0 NFS 0 NFPEN 0 NFT 0 TF 2
[SQ] 83051561: MC 0 MPC 0 TR 0 PMINT 0 PBURN 0 PSYNC 0 TC 0 LT 0 MG 0 VD 0 VDP 0 VWD 0 VLOCK 0 VUNLOCK 0 VCLOSE 0 VMAX 0 VLOCKUP 0 VDECR 0 V3SWAP 1 V2SWAP 0 NFC 0 NFB 0 NFS 0 NFPEN 0 NFT 0 TF 5
[SQ] 83051562: MC 0 MPC 0 TR 0 PMINT 0 PBURN 0 PSYNC 0 TC 0 LT 0 MG 0 VD 0 VDP 0 VWD 0 VLOCK 0 VUNLOCK 0 VCLOSE 0 VMAX 0 VLOCKUP 0 VDECR 0 V3SWAP 0 V2SWAP 0 NFC 0 NFB 0 NFS 0 NFPEN 0 NFT 0 TF 0
[SQ] 83051563: MC 0 MPC 0 TR 0 PMINT 0 PBURN 0 PSYNC 0 TC 0 LT 0 MG 0 VD 0 VDP 0 VWD 0 VLOCK 0 VUNLOCK 0 VCLOSE 0 VMAX 0 VLOCKUP 0 VDECR 0 V3SWAP 0 V2SWAP 0 NFC 0 NFB 0 NFS 0 NFPEN 0 NFT 0 TF 2
[SQ] 83051564: MC 0 MPC 0 TR 0 PMINT 0 PBURN 0 PSYNC 0 TC 0 LT 0 MG 0 VD 0 VDP 0 VWD 0 VLOCK 0 VUNLOCK 0 VCLOSE 0 VMAX 0 VLOCKUP 0 VDECR 0 V3SWAP 0 V2SWAP 0 NFC 0 NFB 0 NFS 0 NFPEN 0 NFT 0 TF 0
[SQ] 83051565: MC 0 MPC 0 TR 0 PMINT 0 PBURN 0 PSYNC 0 TC 0 LT 0 MG 0 VD 0 VDP 0 VWD 0 VLOCK 0 VUNLOCK 0 VCLOSE 0 VMAX 0 VLOCKUP 0 VDECR 0 V3SWAP 0 V2SWAP 0 NFC 0 NFB 0 NFS 0 NFPEN 0 NFT 0 TF 0
[SQ] 83051566: MC 0 MPC 0 TR 0 PMINT 0 PBURN 0 PSYNC 0 TC 0 LT 0 MG 0 VD 0 VDP 0 VWD 0 VLOCK 0 VUNLOCK 0 VCLOSE 0 VMAX 0 VLOCKUP 0 VDECR 0 V3SWAP 0 V2SWAP 0 NFC 0 NFB 0 NFS 0 NFPEN 0 NFT 0 TF 0
[SQ] 83051567: MC 0 MPC 0 TR 0 PMINT 0 PBURN 0 PSYNC 0 TC 0 LT 0 MG 0 VD 0 VDP 0 VWD 0 VLOCK 0 VUNLOCK 0 VCLOSE 0 VMAX 0 VLOCKUP 0 VDECR 0 V3SWAP 0 V2SWAP 0 NFC 0 NFB 0 NFS 0 NFPEN 0 NFT 0 TF 0
[SQ] 83051568: MC 0 MPC 0 TR 0 PMINT 0 PBURN 0 PSYNC 0 TC 0 LT 0 MG 0 VD 0 VDP 0 VWD 0 VLOCK 0 VUNLOCK 0 VCLOSE 0 VMAX 0 VLOCKUP 0 VDECR 0 V3SWAP 0 V2SWAP 0 NFC 0 NFB 0 NFS 0 NFPEN 0 NFT 0 TF 0
[SQ] 83051569: MC 0 MPC 0 TR 0 PMINT 0 PBURN 0 PSYNC 0 TC 0 LT 0 MG 0 VD 0 VDP 0 VWD 0 VLOCK 0 VUNLOCK 0 VCLOSE 0 VMAX 0 VLOCKUP 0 VDECR 0 V3SWAP 0 V2SWAP 0 NFC 0 NFB 0 NFS 0 NFPEN 0 NFT 0 TF 0
[SQ] 83051570: MC 0 MPC 0 TR 0 PMINT 0 PBURN 0 PSYNC 0 TC 0 LT 0 MG 0 VD 0 VDP 0 VWD 0 VLOCK 0 VUNLOCK 0 VCLOSE 0 VMAX 0 VLOCKUP 0 VDECR 0 V3SWAP 0 V2SWAP 0 NFC 0 NFB 0 NFS 0 NFPEN 0 NFT 0 TF 6
[SQ] 83051571: MC 0 MPC 0 TR 0 PMINT 0 PBURN 0 PSYNC 0 TC 0 LT 0 MG 0 VD 0 VDP 0 VWD 0 VLOCK 0 VUNLOCK 0 VCLOSE 0 VMAX 0 VLOCKUP 0 VDECR 0 V3SWAP 0 V2SWAP 0 NFC 0 NFB 0 NFS 0 NFPEN 0 NFT 0 TF 0
[SQ] 83051572: MC 0 MPC 0 TR 0 PMINT 0 PBURN 0 PSYNC 0 TC 0 LT 0 MG 0 VD 0 VDP 0 VWD 0 VLOCK 0 VUNLOCK 0 VCLOSE 0 VMAX 0 VLOCKUP 0 VDECR 0 V3SWAP 0 V2SWAP 0 NFC 0 NFB 0 NFS 0 NFPEN 0 NFT 0 TF 0
[SQ] 83051573: MC 0 MPC 0 TR 0 PMINT 0 PBURN 0 PSYNC 0 TC 0 LT 0 MG 0 VD 0 VDP 0 VWD 0 VLOCK 0 VUNLOCK 0 VCLOSE 0 VMAX 0 VLOCKUP 0 VDECR 0 V3SWAP 0 V2SWAP 0 NFC 0 NFB 0 NFS 0 NFPEN 0 NFT 0 TF 0
[SQ] 83051574: MC 0 MPC 0 TR 0 PMINT 0 PBURN 0 PSYNC 0 TC 0 LT 0 MG 0 VD 0 VDP 0 VWD 0 VLOCK 0 VUNLOCK 0 VCLOSE 0 VMAX 0 VLOCKUP 0 VDECR 0 V3SWAP 0 V2SWAP 0 NFC 0 NFB 0 NFS 0 NFPEN 0 NFT 0 TF 0
[SQ] 83051575: MC 0 MPC 0 TR 0 PMINT 0 PBURN 0 PSYNC 0 TC 0 LT 0 MG 0 VD 0 VDP 0 VWD 0 VLOCK 0 VUNLOCK 0 VCLOSE 0 VMAX 0 VLOCKUP 0 VDECR 0 V3SWAP 0 V2SWAP 0 NFC 0 NFB 0 NFS 0 NFPEN 0 NFT 0 TF 0
[SQ] 83051576: MC 0 MPC 0 TR 0 PMINT 0 PBURN 0 PSYNC 0 TC 0 LT 0 MG 0 VD 0 VDP 0 VWD 0 VLOCK 0 VUNLOCK 0 VCLOSE 0 VMAX 0 VLOCKUP 0 VDECR 0 V3SWAP 0 V2SWAP 0 NFC 0 NFB 0 NFS 0 NFPEN 0 NFT 0 TF 0
[SQ] 83051577: MC 0 MPC 0 TR 0 PMINT 0 PBURN 0 PSYNC 0 TC 0 LT 0 MG 0 VD 0 VDP 0 VWD 0 VLOCK 0 VUNLOCK 0 VCLOSE 0 VMAX 0 VLOCKUP 0 VDECR 0 V3SWAP 0 V2SWAP 0 NFC 0 NFB 0 NFS 0 NFPEN 0 NFT 0 TF 0
[SQ] 83051578: MC 0 MPC 0 TR 0 PMINT 0 PBURN 0 PSYNC 0 TC 0 LT 0 MG 0 VD 0 VDP 0 VWD 0 VLOCK 0 VUNLOCK 0 VCLOSE 0 VMAX 0 VLOCKUP 0 VDECR 0 V3SWAP 0 V2SWAP 0 NFC 0 NFB 0 NFS 0 NFPEN 0 NFT 0 TF 0
[SQ] 83051579: MC 0 MPC 0 TR 0 PMINT 0 PBURN 0 PSYNC 0 TC 0 LT 0 MG 0 VD 0 VDP 0 VWD 0 VLOCK 0 VUNLOCK 0 VCLOSE 0 VMAX 0 VLOCKUP 0 VDECR 0 V3SWAP 0 V2SWAP 0 NFC 0 NFB 0 NFS 0 NFPEN 0 NFT 0 TF 0
[SQ] 83051580: MC 0 MPC 0 TR 0 PMINT 0 PBURN 0 PSYNC 0 TC 0 LT 0 MG 0 VD 0 VDP 0 VWD 0 VLOCK 0 VUNLOCK 0 VCLOSE 0 VMAX 0 VLOCKUP 0 VDECR 0 V3SWAP 0 V2SWAP 0 NFC 0 NFB 0 NFS 0 NFPEN 0 NFT 0 TF 0
[SQ] 83051581: MC 0 MPC 0 TR 0 PMINT 0 PBURN 0 PSYNC 0 TC 0 LT 0 MG 0 VD 0 VDP 0 VWD 0 VLOCK 0 VUNLOCK 0 VCLOSE 0 VMAX 0 VLOCKUP 0 VDECR 0 V3SWAP 0 V2SWAP 0 NFC 0 NFB 0 NFS 0 NFPEN 0 NFT 0 TF 0
[SQ] 83051582: MC 0 MPC 0 TR 0 PMINT 0 PBURN 0 PSYNC 0 TC 0 LT 0 MG 0 VD 0 VDP 0 VWD 0 VLOCK 0 VUNLOCK 0 VCLOSE 0 VMAX 0 VLOCKUP 0 VDECR 0 V3SWAP 0 V2SWAP 0 NFC 0 NFB 0 NFS 0 NFPEN 0 NFT 0 TF 0
[SQ] 83051583: MC 0 MPC 0 TR 0 PMINT 0 PBURN 0 PSYNC 0 TC 0 LT 0 MG 0 VD 0 VDP 0 VWD 0 VLOCK 0 VUNLOCK 0 VCLOSE 0 VMAX 0 VLOCKUP 0 VDECR 0 V3SWAP 1 V2SWAP 0 NFC 0 NFB 0 NFS 0 NFPEN 0 NFT 0 TF 3
[SQ] 83051584: MC 0 MPC 0 TR 0 PMINT 0 PBURN 0 PSYNC 0 TC 0 LT 0 MG 0 VD 0 VDP 0 VWD 0 VLOCK 0 VUNLOCK 0 VCLOSE 0 VMAX 0 VLOCKUP 0 VDECR 0 V3SWAP 0 V2SWAP 0 NFC 0 NFB 0 NFS 0 NFPEN 0 NFT 0 TF 0
[SQ] 83051585: MC 0 MPC 0 TR 0 PMINT 0 PBURN 0 PSYNC 0 TC 0 LT 0 MG 0 VD 0 VDP 0 VWD 0 VLOCK 0 VUNLOCK 0 VCLOSE 0 VMAX 0 VLOCKUP 0 VDECR 0 V3SWAP 0 V2SWAP 0 NFC 0 NFB 0 NFS 0 NFPEN 0 NFT 0 TF 0
[SQ] 83051586: MC 0 MPC 0 TR 0 PMINT 0 PBURN 0 PSYNC 0 TC 0 LT 0 MG 0 VD 0 VDP 0 VWD 0 VLOCK 0 VUNLOCK 0 VCLOSE 0 VMAX 0 VLOCKUP 0 VDECR 0 V3SWAP 0 V2SWAP 0 NFC 0 NFB 0 NFS 0 NFPEN 0 NFT 0 TF 29
[SQ] 83051587: MC 0 MPC 0 TR 0 PMINT 0 PBURN 0 PSYNC 0 TC 0 LT 0 MG 0 VD 0 VDP 0 VWD 0 VLOCK 0 VUNLOCK 0 VCLOSE 0 VMAX 0 VLOCKUP 0 VDECR 0 V3SWAP 0 V2SWAP 0 NFC 0 NFB 0 NFS 0 NFPEN 0 NFT 0 TF 9
[SQ] 83051588: MC 0 MPC 0 TR 0 PMINT 0 PBURN 0 PSYNC 0 TC 0 LT 0 MG 0 VD 0 VDP 0 VWD 0 VLOCK 0 VUNLOCK 0 VCLOSE 0 VMAX 0 VLOCKUP 0 VDECR 0 V3SWAP 0 V2SWAP 0 NFC 0 NFB 0 NFS 0 NFPEN 0 NFT 0 TF 1
[SQ] 83051589: MC 0 MPC 0 TR 0 PMINT 0 PBURN 0 PSYNC 0 TC 0 LT 0 MG 0 VD 0 VDP 0 VWD 0 VLOCK 0 VUNLOCK 0 VCLOSE 0 VMAX 0 VLOCKUP 0 VDECR 0 V3SWAP 0 V2SWAP 0 NFC 0 NFB 0 NFS 0 NFPEN 0 NFT 0 TF 10
[SQ] 83051590: MC 0 MPC 0 TR 0 PMINT 0 PBURN 0 PSYNC 0 TC 0 LT 0 MG 0 VD 0 VDP 0 VWD 0 VLOCK 0 VUNLOCK 0 VCLOSE 0 VMAX 0 VLOCKUP 0 VDECR 0 V3SWAP 0 V2SWAP 0 NFC 0 NFB 0 NFS 0 NFPEN 0 NFT 0 TF 0
[SQ] 83051591: MC 0 MPC 0 TR 0 PMINT 0 PBURN 0 PSYNC 0 TC 0 LT 0 MG 0 VD 0 VDP 0 VWD 0 VLOCK 0 VUNLOCK 0 VCLOSE 0 VMAX 0 VLOCKUP 0 VDECR 0 V3SWAP 0 V2SWAP 0 NFC 0 NFB 0 NFS 0 NFPEN 0 NFT 0 TF 7
[SQ] 83051592: MC 0 MPC 0 TR 0 PMINT 0 PBURN 0 PSYNC 0 TC 0 LT 0 MG 0 VD 0 VDP 0 VWD 0 VLOCK 0 VUNLOCK 0 VCLOSE 0 VMAX 0 VLOCKUP 0 VDECR 0 V3SWAP 0 V2SWAP 0 NFC 0 NFB 0 NFS 0 NFPEN 0 NFT 0 TF 0
[SQ] 83051593: MC 0 MPC 0 TR 0 PMINT 0 PBURN 0 PSYNC 0 TC 0 LT 0 MG 0 VD 0 VDP 0 VWD 0 VLOCK 0 VUNLOCK 0 VCLOSE 0 VMAX 0 VLOCKUP 0 VDECR 0 V3SWAP 1 V2SWAP 0 NFC 0 NFB 0 NFS 0 NFPEN 0 NFT 0 TF 18
[SQ] 83051594: MC 0 MPC 0 TR 0 PMINT 0 PBURN 0 PSYNC 0 TC 0 LT 0 MG 0 VD 0 VDP 0 VWD 0 VLOCK 0 VUNLOCK 0 VCLOSE 0 VMAX 0 VLOCKUP 0 VDECR 0 V3SWAP 1 V2SWAP 0 NFC 0 NFB 0 NFS 0 NFPEN 0 NFT 0 TF 3
[SQ] 83051595: MC 0 MPC 0 TR 0 PMINT 0 PBURN 0 PSYNC 0 TC 0 LT 0 MG 0 VD 0 VDP 0 VWD 0 VLOCK 0 VUNLOCK 0 VCLOSE 0 VMAX 0 VLOCKUP 0 VDECR 0 V3SWAP 0 V2SWAP 0 NFC 0 NFB 0 NFS 0 NFPEN 0 NFT 0 TF 0
[SQ] 83051596: MC 0 MPC 0 TR 0 PMINT 0 PBURN 0 PSYNC 0 TC 0 LT 0 MG 0 VD 0 VDP 0 VWD 0 VLOCK 0 VUNLOCK 0 VCLOSE 0 VMAX 0 VLOCKUP 0 VDECR 0 V3SWAP 1 V2SWAP 0 NFC 0 NFB 0 NFS 0 NFPEN 0 NFT 0 TF 13
[SQ] 83051597: MC 0 MPC 0 TR 0 PMINT 0 PBURN 0 PSYNC 0 TC 0 LT 0 MG 0 VD 0 VDP 0 VWD 0 VLOCK 0 VUNLOCK 0 VCLOSE 0 VMAX 0 VLOCKUP 0 VDECR 0 V3SWAP 0 V2SWAP 0 NFC 0 NFB 0 NFS 0 NFPEN 0 NFT 0 TF 2
[SQ] 83051598: MC 0 MPC 0 TR 0 PMINT 0 PBURN 0 PSYNC 0 TC 0 LT 0 MG 0 VD 0 VDP 0 VWD 0 VLOCK 0 VUNLOCK 0 VCLOSE 0 VMAX 0 VLOCKUP 0 VDECR 0 V3SWAP 1 V2SWAP 0 NFC 0 NFB 0 NFS 0 NFPEN 0 NFT 0 TF 6
[SQ] 83051599: MC 0 MPC 0 TR 0 PMINT 0 PBURN 0 PSYNC 0 TC 0 LT 0 MG 0 VD 0 VDP 0 VWD 0 VLOCK 0 VUNLOCK 0 VCLOSE 0 VMAX 0 VLOCKUP 0 VDECR 0 V3SWAP 0 V2SWAP 0 NFC 0 NFB 0 NFS 0 NFPEN 0 NFT 0 TF 6
[SQ] 83051600: MC 0 MPC 0 TR 0 PMINT 0 PBURN 0 PSYNC 0 TC 0 LT 0 MG 0 VD 0 VDP 0 VWD 0 VLOCK 0 VUNLOCK 0 VCLOSE 0 VMAX 0 VLOCKUP 0 VDECR 0 V3SWAP 0 V2SWAP 0 NFC 0 NFB 0 NFS 0 NFPEN 0 NFT 0 TF 0
[SQ] 83051601: MC 0 MPC 0 TR 0 PMINT 0 PBURN 0 PSYNC 0 TC 0 LT 0 MG 0 VD 0 VDP 0 VWD 0 VLOCK 0 VUNLOCK 0 VCLOSE 0 VMAX 0 VLOCKUP 0 VDECR 0 V3SWAP 0 V2SWAP 0 NFC 0 NFB 0 NFS 0 NFPEN 0 NFT 0 TF 2
[SQ] 83051602: MC 0 MPC 0 TR 0 PMINT 0 PBURN 0 PSYNC 0 TC 0 LT 0 MG 0 VD 0 VDP 0 VWD 0 VLOCK 0 VUNLOCK 0 VCLOSE 0 VMAX 0 VLOCKUP 0 VDECR 0 V3SWAP 0 V2SWAP 0 NFC 0 NFB 0 NFS 0 NFPEN 0 NFT 0 TF 4
[SQ] 83051603: MC 0 MPC 0 TR 0 PMINT 0 PBURN 0 PSYNC 0 TC 0 LT 0 MG 0 VD 0 VDP 0 VWD 0 VLOCK 0 VUNLOCK 0 VCLOSE 0 VMAX 0 VLOCKUP 0 VDECR 0 V3SWAP 0 V2SWAP 0 NFC 0 NFB 0 NFS 0 NFPEN 0 NFT 0 TF 0
[SQ] 83051604: MC 0 MPC 0 TR 0 PMINT 0 PBURN 0 PSYNC 0 TC 0 LT 0 MG 0 VD 0 VDP 0 VWD 0 VLOCK 0 VUNLOCK 0 VCLOSE 0 VMAX 0 VLOCKUP 0 VDECR 0 V3SWAP 0 V2SWAP 0 NFC 0 NFB 0 NFS 0 NFPEN 0 NFT 0 TF 2
[SQ] 83051605: MC 0 MPC 0 TR 0 PMINT 0 PBURN 0 PSYNC 0 TC 0 LT 0 MG 0 VD 0 VDP 0 VWD 0 VLOCK 0 VUNLOCK 0 VCLOSE 0 VMAX 0 VLOCKUP 0 VDECR 0 V3SWAP 0 V2SWAP 0 NFC 0 NFB 0 NFS 0 NFPEN 0 NFT 0 TF 0
[SQ] 83051606: MC 0 MPC 0 TR 0 PMINT 0 PBURN 0 PSYNC 0 TC 0 LT 0 MG 0 VD 0 VDP 0 VWD 0 VLOCK 0 VUNLOCK 0 VCLOSE 0 VMAX 0 VLOCKUP 0 VDECR 0 V3SWAP 0 V2SWAP 0 NFC 0 NFB 0 NFS 0 NFPEN 0 NFT 0 TF 0
[SQ] 83051607: MC 0 MPC 0 TR 0 PMINT 0 PBURN 0 PSYNC 0 TC 0 LT 0 MG 0 VD 0 VDP 0 VWD 0 VLOCK 0 VUNLOCK 0 VCLOSE 0 VMAX 0 VLOCKUP 0 VDECR 0 V3SWAP 0 V2SWAP 0 NFC 0 NFB 0 NFS 0 NFPEN 0 NFT 0 TF 0
[SQ] 83051608: MC 0 MPC 0 TR 0 PMINT 0 PBURN 0 PSYNC 0 TC 0 LT 0 MG 0 VD 0 VDP 0 VWD 0 VLOCK 0 VUNLOCK 0 VCLOSE 0 VMAX 0 VLOCKUP 0 VDECR 0 V3SWAP 0 V2SWAP 0 NFC 0 NFB 0 NFS 0 NFPEN 0 NFT 0 TF 3
[SQ] 83051609: MC 0 MPC 0 TR 0 PMINT 0 PBURN 0 PSYNC 0 TC 0 LT 0 MG 0 VD 0 VDP 0 VWD 0 VLOCK 0 VUNLOCK 0 VCLOSE 0 VMAX 0 VLOCKUP 0 VDECR 0 V3SWAP 0 V2SWAP 0 NFC 0 NFB 0 NFS 0 NFPEN 0 NFT 0 TF 6
[SQ] 83051610: MC 0 MPC 0 TR 0 PMINT 0 PBURN 0 PSYNC 0 TC 0 LT 0 MG 0 VD 0 VDP 0 VWD 0 VLOCK 0 VUNLOCK 0 VCLOSE 0 VMAX 0 VLOCKUP 0 VDECR 0 V3SWAP 0 V2SWAP 0 NFC 0 NFB 0 NFS 0 NFPEN 0 NFT 0 TF 0
[SQ] 83051611: MC 0 MPC 0 TR 0 PMINT 0 PBURN 0 PSYNC 0 TC 0 LT 0 MG 0 VD 0 VDP 0 VWD 0 VLOCK 0 VUNLOCK 0 VCLOSE 0 VMAX 0 VLOCKUP 0 VDECR 0 V3SWAP 0 V2SWAP 0 NFC 0 NFB 0 NFS 0 NFPEN 0 NFT 0 TF 2
[SQ] 83051612: MC 0 MPC 0 TR 0 PMINT 0 PBURN 0 PSYNC 0 TC 0 LT 0 MG 0 VD 0 VDP 0 VWD 0 VLOCK 0 VUNLOCK 0 VCLOSE 0 VMAX 0 VLOCKUP 0 VDECR 0 V3SWAP 0 V2SWAP 0 NFC 0 NFB 0 NFS 0 NFPEN 0 NFT 0 TF 7
[SQ] 83051613: MC 0 MPC 0 TR 0 PMINT 0 PBURN 0 PSYNC 0 TC 0 LT 0 MG 0 VD 0 VDP 0 VWD 0 VLOCK 0 VUNLOCK 0 VCLOSE 0 VMAX 0 VLOCKUP 0 VDECR 0 V3SWAP 0 V2SWAP 0 NFC 0 NFB 0 NFS 0 NFPEN 0 NFT 0 TF 0
[SQ] 83051614: MC 0 MPC 0 TR 0 PMINT 0 PBURN 0 PSYNC 0 TC 0 LT 0 MG 0 VD 0 VDP 0 VWD 0 VLOCK 0 VUNLOCK 0 VCLOSE 0 VMAX 0 VLOCKUP 0 VDECR 0 V3SWAP 0 V2SWAP 0 NFC 0 NFB 0 NFS 0 NFPEN 0 NFT 0 TF 0
[SQ] 83051615: MC 0 MPC 0 TR 0 PMINT 0 PBURN 0 PSYNC 0 TC 0 LT 0 MG 0 VD 0 VDP 0 VWD 0 VLOCK 0 VUNLOCK 0 VCLOSE 0 VMAX 0 VLOCKUP 0 VDECR 0 V3SWAP 0 V2SWAP 0 NFC 0 NFB 0 NFS 0 NFPEN 0 NFT 0 TF 0
[SQ] 83051616: MC 0 MPC 0 TR 0 PMINT 0 PBURN 0 PSYNC 0 TC 0 LT 0 MG 0 VD 0 VDP 0 VWD 0 VLOCK 0 VUNLOCK 0 VCLOSE 0 VMAX 0 VLOCKUP 0 VDECR 0 V3SWAP 0 V2SWAP 0 NFC 0 NFB 0 NFS 0 NFPEN 0 NFT 0 TF 2
[SQ] 83051617: MC 0 MPC 0 TR 0 PMINT 0 PBURN 0 PSYNC 0 TC 0 LT 0 MG 0 VD 0 VDP 0 VWD 0 VLOCK 0 VUNLOCK 0 VCLOSE 0 VMAX 0 VLOCKUP 0 VDECR 0 V3SWAP 0 V2SWAP 0 NFC 0 NFB 0 NFS 0 NFPEN 0 NFT 0 TF 2
[SQ] 83051618: MC 0 MPC 0 TR 0 PMINT 0 PBURN 0 PSYNC 0 TC 0 LT 0 MG 0 VD 0 VDP 0 VWD 0 VLOCK 0 VUNLOCK 0 VCLOSE 0 VMAX 0 VLOCKUP 0 VDECR 0 V3SWAP 0 V2SWAP 0 NFC 0 NFB 0 NFS 0 NFPEN 0 NFT 0 TF 0
[SQ] 83051619: MC 0 MPC 0 TR 0 PMINT 0 PBURN 0 PSYNC 0 TC 0 LT 0 MG 0 VD 0 VDP 0 VWD 0 VLOCK 0 VUNLOCK 0 VCLOSE 0 VMAX 0 VLOCKUP 0 VDECR 0 V3SWAP 0 V2SWAP 0 NFC 0 NFB 0 NFS 0 NFPEN 0 NFT 0 TF 5
[SQ] 83051620: MC 0 MPC 0 TR 0 PMINT 0 PBURN 0 PSYNC 0 TC 0 LT 0 MG 0 VD 0 VDP 0 VWD 0 VLOCK 0 VUNLOCK 0 VCLOSE 0 VMAX 0 VLOCKUP 0 VDECR 0 V3SWAP 0 V2SWAP 0 NFC 0 NFB 0 NFS 0 NFPEN 0 NFT 0 TF 0
[SQ] 83051621: MC 0 MPC 0 TR 0 PMINT 0 PBURN 0 PSYNC 0 TC 0 LT 0 MG 0 VD 0 VDP 0 VWD 0 VLOCK 0 VUNLOCK 0 VCLOSE 0 VMAX 0 VLOCKUP 0 VDECR 0 V3SWAP 0 V2SWAP 0 NFC 0 NFB 0 NFS 0 NFPEN 0 NFT 0 TF 0
[SQ] 83051622: MC 0 MPC 0 TR 0 PMINT 0 PBURN 0 PSYNC 0 TC 0 LT 0 MG 0 VD 0 VDP 0 VWD 0 VLOCK 0 VUNLOCK 0 VCLOSE 0 VMAX 0 VLOCKUP 0 VDECR 0 V3SWAP 0 V2SWAP 0 NFC 0 NFB 0 NFS 0 NFPEN 0 NFT 0 TF 4
[SQ] 83051623: MC 0 MPC 0 TR 0 PMINT 0 PBURN 0 PSYNC 0 TC 0 LT 0 MG 0 VD 0 VDP 0 VWD 0 VLOCK 0 VUNLOCK 0 VCLOSE 0 VMAX 0 VLOCKUP 0 VDECR 0 V3SWAP 0 V2SWAP 0 NFC 0 NFB 0 NFS 0 NFPEN 0 NFT 0 TF 0
[SQ] 83051624: MC 0 MPC 0 TR 0 PMINT 0 PBURN 0 PSYNC 0 TC 0 LT 0 MG 0 VD 0 VDP 0 VWD 0 VLOCK 0 VUNLOCK 0 VCLOSE 0 VMAX 0 VLOCKUP 0 VDECR 0 V3SWAP 0 V2SWAP 0 NFC 0 NFB 0 NFS 0 NFPEN 0 NFT 0 TF 0
[SQ] 83051625: MC 0 MPC 0 TR 0 PMINT 0 PBURN 0 PSYNC 0 TC 0 LT 0 MG 0 VD 0 VDP 0 VWD 0 VLOCK 0 VUNLOCK 0 VCLOSE 0 VMAX 0 VLOCKUP 0 VDECR 0 V3SWAP 0 V2SWAP 0 NFC 0 NFB 0 NFS 0 NFPEN 0 NFT 0 TF 1
[SQ] 83051626: MC 0 MPC 0 TR 0 PMINT 0 PBURN 0 PSYNC 0 TC 0 LT 0 MG 0 VD 0 VDP 0 VWD 0 VLOCK 0 VUNLOCK 0 VCLOSE 0 VMAX 0 VLOCKUP 0 VDECR 0 V3SWAP 0 V2SWAP 0 NFC 0 NFB 0 NFS 0 NFPEN 0 NFT 0 TF 8
[SQ] 83051627: MC 0 MPC 0 TR 0 PMINT 0 PBURN 0 PSYNC 0 TC 0 LT 0 MG 0 VD 0 VDP 0 VWD 0 VLOCK 0 VUNLOCK 0 VCLOSE 0 VMAX 0 VLOCKUP 0 VDECR 0 V3SWAP 0 V2SWAP 0 NFC 0 NFB 0 NFS 0 NFPEN 0 NFT 0 TF 0
[SQ] 83051628: MC 0 MPC 0 TR 0 PMINT 0 PBURN 0 PSYNC 0 TC 0 LT 0 MG 0 VD 0 VDP 0 VWD 0 VLOCK 0 VUNLOCK 0 VCLOSE 0 VMAX 0 VLOCKUP 0 VDECR 0 V3SWAP 0 V2SWAP 0 NFC 0 NFB 0 NFS 0 NFPEN 0 NFT 0 TF 0
[SQ] 83051629: MC 0 MPC 0 TR 0 PMINT 0 PBURN 0 PSYNC 0 TC 0 LT 0 MG 0 VD 0 VDP 0 VWD 0 VLOCK 0 VUNLOCK 0 VCLOSE 0 VMAX 0 VLOCKUP 0 VDECR 0 V3SWAP 0 V2SWAP 0 NFC 0 NFB 0 NFS 0 NFPEN 0 NFT 0 TF 11
[SQ] 83051630: MC 0 MPC 0 TR 0 PMINT 0 PBURN 0 PSYNC 0 TC 0 LT 0 MG 0 VD 0 VDP 0 VWD 0 VLOCK 0 VUNLOCK 0 VCLOSE 0 VMAX 0 VLOCKUP 0 VDECR 0 V3SWAP 0 V2SWAP 0 NFC 0 NFB 0 NFS 0 NFPEN 0 NFT 0 TF 0
[SQ] 83051631: MC 0 MPC 0 TR 0 PMINT 0 PBURN 0 PSYNC 0 TC 0 LT 0 MG 0 VD 0 VDP 0 VWD 0 VLOCK 0 VUNLOCK 0 VCLOSE 0 VMAX 0 VLOCKUP 0 VDECR 0 V3SWAP 0 V2SWAP 0 NFC 0 NFB 0 NFS 0 NFPEN 0 NFT 0 TF 0
[SQ] 83051632: MC 0 MPC 0 TR 0 PMINT 0 PBURN 0 PSYNC 0 TC 0 LT 0 MG 0 VD 0 VDP 0 VWD 0 VLOCK 0 VUNLOCK 0 VCLOSE 0 VMAX 0 VLOCKUP 0 VDECR 0 V3SWAP 0 V2SWAP 0 NFC 0 NFB 0 NFS 0 NFPEN 0 NFT 0 TF 0
[SQ] 83051633: MC 0 MPC 0 TR 0 PMINT 0 PBURN 0 PSYNC 0 TC 0 LT 0 MG 0 VD 0 VDP 0 VWD 0 VLOCK 0 VUNLOCK 0 VCLOSE 0 VMAX 0 VLOCKUP 0 VDECR 0 V3SWAP 0 V2SWAP 0 NFC 0 NFB 0 NFS 0 NFPEN 0 NFT 0 TF 0
[SQ] 83051634: MC 0 MPC 0 TR 0 PMINT 0 PBURN 0 PSYNC 0 TC 0 LT 0 MG 0 VD 0 VDP 0 VWD 0 VLOCK 0 VUNLOCK 0 VCLOSE 0 VMAX 0 VLOCKUP 0 VDECR 0 V3SWAP 0 V2SWAP 0 NFC 0 NFB 0 NFS 0 NFPEN 0 NFT 0 TF 0
[SQ] 83051635: MC 0 MPC 0 TR 0 PMINT 0 PBURN 0 PSYNC 0 TC 0 LT 0 MG 0 VD 0 VDP 0 VWD 0 VLOCK 0 VUNLOCK 0 VCLOSE 0 VMAX 0 VLOCKUP 0 VDECR 0 V3SWAP 0 V2SWAP 0 NFC 0 NFB 0 NFS 0 NFPEN 0 NFT 0 TF 0
[SQ] 83051636: MC 0 MPC 0 TR 0 PMINT 0 PBURN 0 PSYNC 0 TC 0 LT 0 MG 0 VD 0 VDP 0 VWD 0 VLOCK 0 VUNLOCK 0 VCLOSE 0 VMAX 0 VLOCKUP 0 VDECR 0 V3SWAP 0 V2SWAP 0 NFC 0 NFB 0 NFS 0 NFPEN 0 NFT 0 TF 0
[SQ] 83051637: MC 0 MPC 0 TR 0 PMINT 0 PBURN 0 PSYNC 0 TC 0 LT 0 MG 0 VD 0 VDP 0 VWD 0 VLOCK 0 VUNLOCK 0 VCLOSE 0 VMAX 0 VLOCKUP 0 VDECR 0 V3SWAP 0 V2SWAP 0 NFC 0 NFB 0 NFS 0 NFPEN 0 NFT 0 TF 3
[SQ] 83051638: MC 0 MPC 0 TR 0 PMINT 0 PBURN 0 PSYNC 0 TC 0 LT 0 MG 0 VD 0 VDP 0 VWD 0 VLOCK 0 VUNLOCK 0 VCLOSE 0 VMAX 0 VLOCKUP 0 VDECR 0 V3SWAP 0 V2SWAP 0 NFC 0 NFB 0 NFS 0 NFPEN 0 NFT 0 TF 0
[SQ] 83051639: MC 0 MPC 0 TR 0 PMINT 0 PBURN 0 PSYNC 0 TC 0 LT 0 MG 0 VD 0 VDP 0 VWD 0 VLOCK 0 VUNLOCK 0 VCLOSE 0 VMAX 0 VLOCKUP 0 VDECR 0 V3SWAP 0 V2SWAP 0 NFC 0 NFB 0 NFS 0 NFPEN 0 NFT 0 TF 2
[SQ] 83051640: MC 0 MPC 0 TR 0 PMINT 0 PBURN 0 PSYNC 0 TC 0 LT 0 MG 0 VD 0 VDP 0 VWD 0 VLOCK 0 VUNLOCK 0 VCLOSE 0 VMAX 0 VLOCKUP 0 VDECR 0 V3SWAP 0 V2SWAP 0 NFC 0 NFB 0 NFS 0 NFPEN 0 NFT 0 TF 0
[SQ] 83051641: MC 0 MPC 0 TR 0 PMINT 0 PBURN 0 PSYNC 0 TC 0 LT 0 MG 0 VD 0 VDP 0 VWD 0 VLOCK 0 VUNLOCK 0 VCLOSE 0 VMAX 0 VLOCKUP 0 VDECR 0 V3SWAP 0 V2SWAP 0 NFC 0 NFB 0 NFS 0 NFPEN 0 NFT 0 TF 0
[SQ] 83051642: MC 0 MPC 0 TR 0 PMINT 0 PBURN 0 PSYNC 0 TC 0 LT 0 MG 0 VD 0 VDP 0 VWD 0 VLOCK 0 VUNLOCK 0 VCLOSE 0 VMAX 0 VLOCKUP 0 VDECR 0 V3SWAP 0 V2SWAP 0 NFC 0 NFB 0 NFS 0 NFPEN 0 NFT 0 TF 0
[SQ] 83051643: MC 0 MPC 0 TR 0 PMINT 0 PBURN 0 PSYNC 0 TC 0 LT 0 MG 0 VD 0 VDP 0 VWD 0 VLOCK 0 VUNLOCK 0 VCLOSE 0 VMAX 0 VLOCKUP 0 VDECR 0 V3SWAP 1 V2SWAP 0 NFC 0 NFB 0 NFS 0 NFPEN 0 NFT 0 TF 3
[SQ] 83051644: MC 0 MPC 0 TR 0 PMINT 0 PBURN 0 PSYNC 0 TC 0 LT 0 MG 0 VD 0 VDP 0 VWD 0 VLOCK 0 VUNLOCK 0 VCLOSE 0 VMAX 0 VLOCKUP 0 VDECR 0 V3SWAP 0 V2SWAP 0 NFC 0 NFB 0 NFS 0 NFPEN 0 NFT 0 TF 0
[SQ] 83051645: MC 0 MPC 0 TR 0 PMINT 0 PBURN 0 PSYNC 0 TC 0 LT 0 MG 0 VD 0 VDP 0 VWD 0 VLOCK 0 VUNLOCK 0 VCLOSE 0 VMAX 0 VLOCKUP 0 VDECR 0 V3SWAP 0 V2SWAP 0 NFC 0 NFB 0 NFS 0 NFPEN 0 NFT 0 TF 0
[SQ] 83051646: MC 0 MPC 0 TR 0 PMINT 0 PBURN 0 PSYNC 0 TC 0 LT 0 MG 0 VD 0 VDP 0 VWD 0 VLOCK 0 VUNLOCK 0 VCLOSE 0 VMAX 0 VLOCKUP 0 VDECR 0 V3SWAP 0 V2SWAP 0 NFC 0 NFB 0 NFS 0 NFPEN 0 NFT 0 TF 0
[SQ] 83051647: MC 0 MPC 0 TR 0 PMINT 0 PBURN 0 PSYNC 0 TC 0 LT 0 MG 0 VD 0 VDP 0 VWD 0 VLOCK 0 VUNLOCK 0 VCLOSE 0 VMAX 0 VLOCKUP 0 VDECR 0 V3SWAP 1 V2SWAP 0 NFC 0 NFB 0 NFS 0 NFPEN 0 NFT 0 TF 3
[SQ] 83051648: MC 0 MPC 0 TR 0 PMINT 0 PBURN 0 PSYNC 0 TC 0 LT 0 MG 0 VD 0 VDP 0 VWD 0 VLOCK 0 VUNLOCK 0 VCLOSE 0 VMAX 0 VLOCKUP 0 VDECR 0 V3SWAP 0 V2SWAP 0 NFC 0 NFB 0 NFS 0 NFPEN 0 NFT 0 TF 0
[SQ] 83051649: MC 0 MPC 0 TR 0 PMINT 0 PBURN 0 PSYNC 0 TC 0 LT 0 MG 0 VD 0 VDP 0 VWD 0 VLOCK 0 VUNLOCK 0 VCLOSE 0 VMAX 0 VLOCKUP 0 VDECR 0 V3SWAP 0 V2SWAP 0 NFC 0 NFB 0 NFS 0 NFPEN 0 NFT 0 TF 0
[SQ] 83051650: MC 0 MPC 0 TR 0 PMINT 0 PBURN 0 PSYNC 0 TC 0 LT 0 MG 0 VD 0 VDP 0 VWD 0 VLOCK 0 VUNLOCK 0 VCLOSE 0 VMAX 0 VLOCKUP 0 VDECR 0 V3SWAP 0 V2SWAP 0 NFC 0 NFB 0 NFS 0 NFPEN 0 NFT 0 TF 0
[SQ] 83051651: MC 0 MPC 0 TR 0 PMINT 0 PBURN 0 PSYNC 0 TC 0 LT 0 MG 0 VD 0 VDP 0 VWD 0 VLOCK 0 VUNLOCK 0 VCLOSE 0 VMAX 0 VLOCKUP 0 VDECR 0 V3SWAP 0 V2SWAP 0 NFC 0 NFB 0 NFS 0 NFPEN 0 NFT 0 TF 0
[SQ] 83051652: MC 0 MPC 0 TR 0 PMINT 0 PBURN 0 PSYNC 0 TC 0 LT 0 MG 0 VD 0 VDP 0 VWD 0 VLOCK 0 VUNLOCK 0 VCLOSE 0 VMAX 0 VLOCKUP 0 VDECR 0 V3SWAP 0 V2SWAP 0 NFC 0 NFB 0 NFS 0 NFPEN 0 NFT 0 TF 0
[SQ] 83051653: MC 0 MPC 0 TR 0 PMINT 0 PBURN 0 PSYNC 0 TC 0 LT 0 MG 0 VD 0 VDP 0 VWD 0 VLOCK 0 VUNLOCK 0 VCLOSE 0 VMAX 0 VLOCKUP 0 VDECR 0 V3SWAP 0 V2SWAP 0 NFC 0 NFB 0 NFS 0 NFPEN 0 NFT 0 TF 0
[SQ] 83051654: MC 0 MPC 0 TR 0 PMINT 0 PBURN 0 PSYNC 0 TC 0 LT 0 MG 0 VD 0 VDP 0 VWD 0 VLOCK 0 VUNLOCK 0 VCLOSE 0 VMAX 0 VLOCKUP 0 VDECR 0 V3SWAP 0 V2SWAP 0 NFC 0 NFB 0 NFS 0 NFPEN 0 NFT 0 TF 0
[SQ] 83051655: MC 0 MPC 0 TR 0 PMINT 0 PBURN 0 PSYNC 0 TC 0 LT 0 MG 0 VD 0 VDP 0 VWD 0 VLOCK 0 VUNLOCK 0 VCLOSE 0 VMAX 0 VLOCKUP 0 VDECR 0 V3SWAP 0 V2SWAP 0 NFC 0 NFB 0 NFS 0 NFPEN 0 NFT 0 TF 0
[SQ] 83051656: MC 0 MPC 0 TR 0 PMINT 0 PBURN 0 PSYNC 0 TC 0 LT 0 MG 0 VD 0 VDP 0 VWD 0 VLOCK 0 VUNLOCK 0 VCLOSE 0 VMAX 0 VLOCKUP 0 VDECR 0 V3SWAP 0 V2SWAP 0 NFC 0 NFB 0 NFS 0 NFPEN 0 NFT 0 TF 0
[SQ] 83051657: MC 0 MPC 0 TR 0 PMINT 0 PBURN 0 PSYNC 0 TC 0 LT 0 MG 0 VD 0 VDP 0 VWD 0 VLOCK 0 VUNLOCK 0 VCLOSE 0 VMAX 0 VLOCKUP 0 VDECR 0 V3SWAP 0 V2SWAP 0 NFC 0 NFB 0 NFS 0 NFPEN 0 NFT 0 TF 0
[SQ] 83051658: MC 0 MPC 0 TR 0 PMINT 0 PBURN 0 PSYNC 0 TC 0 LT 0 MG 0 VD 0 VDP 0 VWD 0 VLOCK 0 VUNLOCK 0 VCLOSE 0 VMAX 0 VLOCKUP 0 VDECR 0 V3SWAP 0 V2SWAP 0 NFC 0 NFB 0 NFS 0 NFPEN 0 NFT 0 TF 0
[SQ] 83051659: MC 0 MPC 0 TR 0 PMINT 0 PBURN 0 PSYNC 0 TC 0 LT 0 MG 0 VD 0 VDP 0 VWD 0 VLOCK 0 VUNLOCK 0 VCLOSE 0 VMAX 0 VLOCKUP 0 VDECR 0 V3SWAP 0 V2SWAP 0 NFC 0 NFB 0 NFS 0 NFPEN 0 NFT 0 TF 0
[SQ] 83051660: MC 0 MPC 0 TR 0 PMINT 0 PBURN 0 PSYNC 0 TC 0 LT 0 MG 0 VD 0 VDP 0 VWD 0 VLOCK 0 VUNLOCK 0 VCLOSE 0 VMAX 0 VLOCKUP 0 VDECR 0 V3SWAP 1 V2SWAP 0 NFC 0 NFB 0 NFS 0 NFPEN 0 NFT 0 TF 3
[SQ] 83051661: MC 0 MPC 0 TR 0 PMINT 0 PBURN 0 PSYNC 0 TC 0 LT 0 MG 0 VD 0 VDP 0 VWD 0 VLOCK 0 VUNLOCK 0 VCLOSE 0 VMAX 0 VLOCKUP 0 VDECR 0 V3SWAP 0 V2SWAP 0 NFC 0 NFB 0 NFS 0 NFPEN 0 NFT 0 TF 0
[SQ] 83051662: MC 0 MPC 0 TR 0 PMINT 0 PBURN 0 PSYNC 0 TC 0 LT 0 MG 0 VD 0 VDP 0 VWD 0 VLOCK 0 VUNLOCK 0 VCLOSE 0 VMAX 0 VLOCKUP 0 VDECR 0 V3SWAP 0 V2SWAP 0 NFC 0 NFB 0 NFS 0 NFPEN 0 NFT 0 TF 0
[SQ] 83051663: MC 0 MPC 0 TR 0 PMINT 0 PBURN 0 PSYNC 0 TC 0 LT 0 MG 0 VD 0 VDP 0 VWD 0 VLOCK 0 VUNLOCK 0 VCLOSE 0 VMAX 0 VLOCKUP 0 VDECR 0 V3SWAP 0 V2SWAP 0 NFC 0 NFB 0 NFS 0 NFPEN 0 NFT 0 TF 2
[SQ] 83051664: MC 0 MPC 0 TR 0 PMINT 0 PBURN 0 PSYNC 0 TC 0 LT 0 MG 0 VD 0 VDP 0 VWD 0 VLOCK 0 VUNLOCK 0 VCLOSE 0 VMAX 0 VLOCKUP 0 VDECR 0 V3SWAP 0 V2SWAP 0 NFC 0 NFB 0 NFS 0 NFPEN 0 NFT 0 TF 10
[SQ] 83051665: MC 0 MPC 0 TR 0 PMINT 0 PBURN 0 PSYNC 0 TC 0 LT 0 MG 0 VD 0 VDP 0 VWD 0 VLOCK 0 VUNLOCK 0 VCLOSE 0 VMAX 0 VLOCKUP 0 VDECR 0 V3SWAP 0 V2SWAP 0 NFC 0 NFB 0 NFS 0 NFPEN 0 NFT 0 TF 14
[SQ] 83051666: MC 0 MPC 0 TR 0 PMINT 0 PBURN 0 PSYNC 0 TC 0 LT 0 MG 0 VD 0 VDP 0 VWD 0 VLOCK 0 VUNLOCK 0 VCLOSE 0 VMAX 0 VLOCKUP 0 VDECR 0 V3SWAP 0 V2SWAP 0 NFC 0 NFB 0 NFS 0 NFPEN 0 NFT 0 TF 13
[SQ] 83051667: MC 0 MPC 0 TR 0 PMINT 0 PBURN 0 PSYNC 0 TC 0 LT 0 MG 0 VD 0 VDP 0 VWD 0 VLOCK 0 VUNLOCK 0 VCLOSE 0 VMAX 0 VLOCKUP 0 VDECR 0 V3SWAP 0 V2SWAP 0 NFC 0 NFB 0 NFS 0 NFPEN 0 NFT 0 TF 0
[SQ] 83051668: MC 0 MPC 0 TR 0 PMINT 0 PBURN 0 PSYNC 0 TC 0 LT 0 MG 0 VD 0 VDP 0 VWD 0 VLOCK 0 VUNLOCK 0 VCLOSE 0 VMAX 0 VLOCKUP 0 VDECR 0 V3SWAP 0 V2SWAP 0 NFC 0 NFB 0 NFS 0 NFPEN 0 NFT 0 TF 13
[SQ] 83051669: MC 0 MPC 0 TR 0 PMINT 0 PBURN 0 PSYNC 0 TC 0 LT 0 MG 0 VD 0 VDP 0 VWD 0 VLOCK 0 VUNLOCK 0 VCLOSE 0 VMAX 0 VLOCKUP 0 VDECR 0 V3SWAP 1 V2SWAP 0 NFC 0 NFB 0 NFS 0 NFPEN 0 NFT 0 TF 8
[SQ] 83051670: MC 0 MPC 0 TR 0 PMINT 0 PBURN 0 PSYNC 0 TC 0 LT 0 MG 0 VD 0 VDP 0 VWD 0 VLOCK 0 VUNLOCK 0 VCLOSE 0 VMAX 0 VLOCKUP 0 VDECR 0 V3SWAP 1 V2SWAP 0 NFC 0 NFB 0 NFS 0 NFPEN 0 NFT 0 TF 23
[SQ] 83051671: MC 0 MPC 0 TR 0 PMINT 0 PBURN 0 PSYNC 0 TC 0 LT 0 MG 0 VD 0 VDP 0 VWD 0 VLOCK 0 VUNLOCK 0 VCLOSE 0 VMAX 0 VLOCKUP 0 VDECR 0 V3SWAP 0 V2SWAP 0 NFC 0 NFB 0 NFS 0 NFPEN 0 NFT 0 TF 13
[SQ] 83051672: MC 0 MPC 0 TR 0 PMINT 0 PBURN 0 PSYNC 0 TC 0 LT 0 MG 0 VD 0 VDP 0 VWD 0 VLOCK 0 VUNLOCK 0 VCLOSE 0 VMAX 0 VLOCKUP 0 VDECR 0 V3SWAP 0 V2SWAP 0 NFC 0 NFB 0 NFS 0 NFPEN 0 NFT 0 TF 0
[SQ] 83051673: MC 0 MPC 0 TR 0 PMINT 0 PBURN 0 PSYNC 0 TC 0 LT 0 MG 0 VD 0 VDP 0 VWD 0 VLOCK 0 VUNLOCK 0 VCLOSE 0 VMAX 0 VLOCKUP 0 VDECR 0 V3SWAP 0 V2SWAP 0 NFC 0 NFB 0 NFS 0 NFPEN 0 NFT 0 TF 4
[SQ] 83051674: MC 0 MPC 0 TR 0 PMINT 0 PBURN 0 PSYNC 0 TC 0 LT 0 MG 0 VD 0 VDP 0 VWD 0 VLOCK 0 VUNLOCK 0 VCLOSE 0 VMAX 0 VLOCKUP 0 VDECR 0 V3SWAP 0 V2SWAP 0 NFC 0 NFB 0 NFS 0 NFPEN 0 NFT 0 TF 5
[SQ] 83051675: MC 0 MPC 0 TR 0 PMINT 0 PBURN 0 PSYNC 0 TC 0 LT 0 MG 0 VD 0 VDP 0 VWD 0 VLOCK 0 VUNLOCK 0 VCLOSE 0 VMAX 0 VLOCKUP 0 VDECR 0 V3SWAP 0 V2SWAP 0 NFC 0 NFB 0 NFS 0 NFPEN 0 NFT 0 TF 0
[SQ] 83051676: MC 0 MPC 0 TR 0 PMINT 0 PBURN 0 PSYNC 0 TC 0 LT 0 MG 0 VD 0 VDP 0 VWD 0 VLOCK 0 VUNLOCK 0 VCLOSE 0 VMAX 0 VLOCKUP 0 VDECR 0 V3SWAP 0 V2SWAP 0 NFC 0 NFB 0 NFS 0 NFPEN 0 NFT 0 TF 0
[SQ] 83051677: MC 0 MPC 0 TR 0 PMINT 0 PBURN 0 PSYNC 0 TC 0 LT 0 MG 0 VD 0 VDP 0 VWD 0 VLOCK 0 VUNLOCK 0 VCLOSE 0 VMAX 0 VLOCKUP 0 VDECR 0 V3SWAP 0 V2SWAP 0 NFC 0 NFB 0 NFS 0 NFPEN 0 NFT 0 TF 3
[SQ] 83051678: MC 0 MPC 0 TR 0 PMINT 0 PBURN 0 PSYNC 0 TC 0 LT 0 MG 0 VD 0 VDP 0 VWD 0 VLOCK 0 VUNLOCK 0 VCLOSE 0 VMAX 0 VLOCKUP 0 VDECR 0 V3SWAP 0 V2SWAP 0 NFC 0 NFB 0 NFS 0 NFPEN 0 NFT 0 TF 15
[SQ] 83051679: MC 0 MPC 0 TR 0 PMINT 0 PBURN 0 PSYNC 0 TC 0 LT 0 MG 0 VD 0 VDP 0 VWD 0 VLOCK 0 VUNLOCK 0 VCLOSE 0 VMAX 0 VLOCKUP 0 VDECR 0 V3SWAP 0 V2SWAP 0 NFC 0 NFB 0 NFS 0 NFPEN 0 NFT 0 TF 4
[SQ] 83051680: MC 0 MPC 0 TR 0 PMINT 0 PBURN 0 PSYNC 0 TC 0 LT 0 MG 0 VD 0 VDP 0 VWD 0 VLOCK 0 VUNLOCK 0 VCLOSE 0 VMAX 0 VLOCKUP 0 VDECR 0 V3SWAP 0 V2SWAP 0 NFC 0 NFB 0 NFS 0 NFPEN 0 NFT 0 TF 0
[SQ] 83051681: MC 0 MPC 0 TR 0 PMINT 0 PBURN 0 PSYNC 0 TC 0 LT 0 MG 0 VD 0 VDP 0 VWD 0 VLOCK 0 VUNLOCK 0 VCLOSE 0 VMAX 0 VLOCKUP 0 VDECR 0 V3SWAP 0 V2SWAP 0 NFC 0 NFB 0 NFS 0 NFPEN 0 NFT 0 TF 0
[SQ] 83051682: MC 0 MPC 0 TR 0 PMINT 0 PBURN 0 PSYNC 0 TC 0 LT 0 MG 0 VD 0 VDP 0 VWD 0 VLOCK 0 VUNLOCK 0 VCLOSE 0 VMAX 0 VLOCKUP 0 VDECR 0 V3SWAP 1 V2SWAP 0 NFC 0 NFB 0 NFS 0 NFPEN 0 NFT 0 TF 3
[SQ] 83051683: MC 0 MPC 0 TR 0 PMINT 0 PBURN 0 PSYNC 0 TC 0 LT 0 MG 0 VD 0 VDP 0 VWD 0 VLOCK 0 VUNLOCK 0 VCLOSE 0 VMAX 0 VLOCKUP 0 VDECR 0 V3SWAP 1 V2SWAP 0 NFC 0 NFB 0 NFS 0 NFPEN 0 NFT 0 TF 2
[SQ] 83051684: MC 0 MPC 0 TR 0 PMINT 0 PBURN 0 PSYNC 0 TC 0 LT 0 MG 0 VD 0 VDP 0 VWD 0 VLOCK 0 VUNLOCK 0 VCLOSE 0 VMAX 0 VLOCKUP 0 VDECR 0 V3SWAP 0 V2SWAP 0 NFC 0 NFB 0 NFS 0 NFPEN 0 NFT 0 TF 0
[SQ] 83051685: MC 0 MPC 0 TR 0 PMINT 0 PBURN 0 PSYNC 0 TC 0 LT 0 MG 0 VD 0 VDP 0 VWD 0 VLOCK 0 VUNLOCK 0 VCLOSE 0 VMAX 0 VLOCKUP 0 VDECR 0 V3SWAP 0 V2SWAP 0 NFC 0 NFB 0 NFS 0 NFPEN 0 NFT 0 TF 13
[SQ] 83051686: MC 0 MPC 0 TR 0 PMINT 0 PBURN 0 PSYNC 0 TC 0 LT 0 MG 0 VD 0 VDP 0 VWD 0 VLOCK 0 VUNLOCK 0 VCLOSE 0 VMAX 0 VLOCKUP 0 VDECR 0 V3SWAP 0 V2SWAP 0 NFC 0 NFB 0 NFS 0 NFPEN 0 NFT 0 TF 5
[SQ] 83051687: MC 0 MPC 0 TR 0 PMINT 0 PBURN 0 PSYNC 0 TC 0 LT 0 MG 0 VD 0 VDP 0 VWD 0 VLOCK 0 VUNLOCK 0 VCLOSE 0 VMAX 0 VLOCKUP 0 VDECR 0 V3SWAP 0 V2SWAP 0 NFC 0 NFB 0 NFS 0 NFPEN 0 NFT 0 TF 13
[SQ] 83051688: MC 0 MPC 0 TR 0 PMINT 0 PBURN 0 PSYNC 0 TC 0 LT 0 MG 0 VD 0 VDP 0 VWD 0 VLOCK 0 VUNLOCK 0 VCLOSE 0 VMAX 0 VLOCKUP 0 VDECR 0 V3SWAP 0 V2SWAP 0 NFC 0 NFB 0 NFS 0 NFPEN 0 NFT 0 TF 12
[SQ] 83051689: MC 0 MPC 0 TR 0 PMINT 0 PBURN 0 PSYNC 0 TC 0 LT 0 MG 0 VD 0 VDP 0 VWD 0 VLOCK 0 VUNLOCK 0 VCLOSE 0 VMAX 0 VLOCKUP 0 VDECR 0 V3SWAP 1 V2SWAP 0 NFC 0 NFB 0 NFS 0 NFPEN 0 NFT 0 TF 13
[SQ] 83051690: MC 0 MPC 0 TR 0 PMINT 0 PBURN 0 PSYNC 0 TC 0 LT 0 MG 0 VD 0 VDP 0 VWD 0 VLOCK 0 VUNLOCK 0 VCLOSE 0 VMAX 0 VLOCKUP 0 VDECR 0 V3SWAP 0 V2SWAP 0 NFC 0 NFB 0 NFS 0 NFPEN 0 NFT 0 TF 2
[SQ] 83051691: MC 0 MPC 0 TR 0 PMINT 0 PBURN 0 PSYNC 0 TC 0 LT 0 MG 0 VD 0 VDP 0 VWD 0 VLOCK 0 VUNLOCK 0 VCLOSE 0 VMAX 0 VLOCKUP 0 VDECR 0 V3SWAP 0 V2SWAP 0 NFC 0 NFB 0 NFS 0 NFPEN 0 NFT 0 TF 0
[SQ] 83051692: MC 0 MPC 0 TR 0 PMINT 0 PBURN 0 PSYNC 0 TC 0 LT 0 MG 0 VD 0 VDP 0 VWD 0 VLOCK 0 VUNLOCK 0 VCLOSE 0 VMAX 0 VLOCKUP 0 VDECR 0 V3SWAP 0 V2SWAP 0 NFC 0 NFB 0 NFS 0 NFPEN 0 NFT 0 TF 0
[SQ] 83051693: MC 0 MPC 0 TR 0 PMINT 0 PBURN 0 PSYNC 0 TC 0 LT 0 MG 0 VD 0 VDP 0 VWD 0 VLOCK 0 VUNLOCK 0 VCLOSE 0 VMAX 0 VLOCKUP 0 VDECR 0 V3SWAP 0 V2SWAP 0 NFC 0 NFB 0 NFS 0 NFPEN 0 NFT 0 TF 3
[SQ] 83051694: MC 0 MPC 0 TR 0 PMINT 0 PBURN 0 PSYNC 0 TC 0 LT 0 MG 0 VD 0 VDP 0 VWD 0 VLOCK 0 VUNLOCK 0 VCLOSE 0 VMAX 0 VLOCKUP 0 VDECR 0 V3SWAP 0 V2SWAP 0 NFC 0 NFB 0 NFS 0 NFPEN 0 NFT 0 TF 6
[SQ] 83051695: MC 0 MPC 0 TR 0 PMINT 0 PBURN 0 PSYNC 0 TC 0 LT 0 MG 0 VD 0 VDP 0 VWD 0 VLOCK 0 VUNLOCK 0 VCLOSE 0 VMAX 0 VLOCKUP 0 VDECR 0 V3SWAP 0 V2SWAP 0 NFC 0 NFB 0 NFS 0 NFPEN 0 NFT 0 TF 2
[SQ] 83051696: MC 0 MPC 0 TR 0 PMINT 0 PBURN 0 PSYNC 0 TC 0 LT 0 MG 0 VD 0 VDP 0 VWD 0 VLOCK 0 VUNLOCK 0 VCLOSE 0 VMAX 0 VLOCKUP 0 VDECR 0 V3SWAP 1 V2SWAP 0 NFC 0 NFB 0 NFS 0 NFPEN 0 NFT 0 TF 9
[SQ] 83051697: MC 0 MPC 0 TR 0 PMINT 0 PBURN 0 PSYNC 0 TC 0 LT 0 MG 0 VD 0 VDP 0 VWD 0 VLOCK 0 VUNLOCK 0 VCLOSE 0 VMAX 0 VLOCKUP 0 VDECR 0 V3SWAP 0 V2SWAP 0 NFC 0 NFB 0 NFS 0 NFPEN 0 NFT 0 TF 7
[SQ] 83051698: MC 0 MPC 0 TR 0 PMINT 0 PBURN 0 PSYNC 0 TC 0 LT 0 MG 0 VD 0 VDP 0 VWD 0 VLOCK 0 VUNLOCK 0 VCLOSE 0 VMAX 0 VLOCKUP 0 VDECR 0 V3SWAP 0 V2SWAP 0 NFC 0 NFB 0 NFS 0 NFPEN 0 NFT 0 TF 10
[SQ] 83051699: MC 0 MPC 0 TR 0 PMINT 0 PBURN 0 PSYNC 0 TC 0 LT 0 MG 0 VD 0 VDP 0 VWD 0 VLOCK 0 VUNLOCK 0 VCLOSE 0 VMAX 0 VLOCKUP 0 VDECR 0 V3SWAP 0 V2SWAP 0 NFC 0 NFB 0 NFS 0 NFPEN 0 NFT 0 TF 0
[SQ] 83051700: MC 0 MPC 0 TR 0 PMINT 0 PBURN 0 PSYNC 0 TC 0 LT 0 MG 0 VD 0 VDP 0 VWD 0 VLOCK 0 VUNLOCK 0 VCLOSE 0 VMAX 0 VLOCKUP 0 VDECR 0 V3SWAP 0 V2SWAP 0 NFC 0 NFB 0 NFS 0 NFPEN 0 NFT 0 TF 19
[SQ] 83051701: MC 0 MPC 0 TR 0 PMINT 0 PBURN 0 PSYNC 0 TC 0 LT 0 MG 0 VD 0 VDP 0 VWD 0 VLOCK 0 VUNLOCK 0 VCLOSE 0 VMAX 0 VLOCKUP 0 VDECR 0 V3SWAP 0 V2SWAP 0 NFC 0 NFB 0 NFS 0 NFPEN 0 NFT 0 TF 0
[SQ] 83051702: MC 0 MPC 0 TR 0 PMINT 0 PBURN 0 PSYNC 0 TC 0 LT 0 MG 0 VD 0 VDP 0 VWD 0 VLOCK 0 VUNLOCK 0 VCLOSE 0 VMAX 0 VLOCKUP 0 VDECR 0 V3SWAP 0 V2SWAP 0 NFC 0 NFB 0 NFS 0 NFPEN 0 NFT 0 TF 6
[SQ] 83051703: MC 0 MPC 0 TR 0 PMINT 0 PBURN 0 PSYNC 0 TC 0 LT 0 MG 0 VD 0 VDP 0 VWD 0 VLOCK 0 VUNLOCK 0 VCLOSE 0 VMAX 0 VLOCKUP 0 VDECR 0 V3SWAP 0 V2SWAP 0 NFC 0 NFB 0 NFS 0 NFPEN 0 NFT 0 TF 0
[SQ] 83051704: MC 0 MPC 0 TR 0 PMINT 0 PBURN 0 PSYNC 0 TC 0 LT 0 MG 0 VD 0 VDP 0 VWD 0 VLOCK 0 VUNLOCK 0 VCLOSE 0 VMAX 0 VLOCKUP 0 VDECR 0 V3SWAP 0 V2SWAP 0 NFC 0 NFB 0 NFS 0 NFPEN 0 NFT 0 TF 0
[SQ] 83051705: MC 0 MPC 0 TR 0 PMINT 0 PBURN 0 PSYNC 0 TC 0 LT 0 MG 0 VD 0 VDP 0 VWD 0 VLOCK 0 VUNLOCK 0 VCLOSE 0 VMAX 0 VLOCKUP 0 VDECR 0 V3SWAP 0 V2SWAP 0 NFC 0 NFB 0 NFS 0 NFPEN 0 NFT 0 TF 7
[SQ] 83051706: MC 0 MPC 0 TR 0 PMINT 0 PBURN 0 PSYNC 0 TC 0 LT 0 MG 0 VD 0 VDP 0 VWD 0 VLOCK 0 VUNLOCK 0 VCLOSE 0 VMAX 0 VLOCKUP 0 VDECR 0 V3SWAP 0 V2SWAP 0 NFC 0 NFB 0 NFS 0 NFPEN 0 NFT 0 TF 4
[SQ] 83051707: MC 0 MPC 0 TR 0 PMINT 0 PBURN 0 PSYNC 0 TC 0 LT 0 MG 0 VD 0 VDP 0 VWD 0 VLOCK 0 VUNLOCK 0 VCLOSE 0 VMAX 0 VLOCKUP 0 VDECR 0 V3SWAP 0 V2SWAP 0 NFC 0 NFB 0 NFS 0 NFPEN 0 NFT 0 TF 0
[SQ] 83051708: MC 0 MPC 0 TR 0 PMINT 0 PBURN 0 PSYNC 0 TC 0 LT 0 MG 0 VD 0 VDP 0 VWD 0 VLOCK 0 VUNLOCK 0 VCLOSE 0 VMAX 0 VLOCKUP 0 VDECR 0 V3SWAP 0 V2SWAP 0 NFC 0 NFB 0 NFS 0 NFPEN 0 NFT 0 TF 0
[SQ] 83051709: MC 0 MPC 0 TR 0 PMINT 0 PBURN 0 PSYNC 0 TC 0 LT 0 MG 0 VD 0 VDP 0 VWD 0 VLOCK 0 VUNLOCK 0 VCLOSE 0 VMAX 0 VLOCKUP 0 VDECR 0 V3SWAP 0 V2SWAP 0 NFC 0 NFB 0 NFS 0 NFPEN 0 NFT 0 TF 2
[SQ] 83051710: MC 0 MPC 0 TR 0 PMINT 0 PBURN 0 PSYNC 0 TC 0 LT 0 MG 0 VD 0 VDP 0 VWD 0 VLOCK 0 VUNLOCK 0 VCLOSE 0 VMAX 0 VLOCKUP 0 VDECR 0 V3SWAP 0 V2SWAP 0 NFC 0 NFB 0 NFS 0 NFPEN 0 NFT 0 TF 0
[SQ] 83051711: MC 0 MPC 0 TR 0 PMINT 0 PBURN 0 PSYNC 0 TC 0 LT 0 MG 0 VD 0 VDP 0 VWD 0 VLOCK 0 VUNLOCK 0 VCLOSE 0 VMAX 0 VLOCKUP 0 VDECR 0 V3SWAP 0 V2SWAP 0 NFC 0 NFB 0 NFS 0 NFPEN 0 NFT 0 TF 0
[SQ] 83051712: MC 0 MPC 0 TR 0 PMINT 0 PBURN 0 PSYNC 0 TC 0 LT 0 MG 0 VD 0 VDP 0 VWD 0 VLOCK 0 VUNLOCK 0 VCLOSE 0 VMAX 0 VLOCKUP 0 VDECR 0 V3SWAP 0 V2SWAP 0 NFC 0 NFB 0 NFS 0 NFPEN 0 NFT 0 TF 0
[SQ] 83051713: MC 0 MPC 0 TR 0 PMINT 0 PBURN 0 PSYNC 0 TC 0 LT 0 MG 0 VD 0 VDP 0 VWD 0 VLOCK 0 VUNLOCK 0 VCLOSE 0 VMAX 0 VLOCKUP 0 VDECR 0 V3SWAP 0 V2SWAP 0 NFC 0 NFB 0 NFS 0 NFPEN 0 NFT 0 TF 0
[SQ] 83051714: MC 0 MPC 0 TR 0 PMINT 0 PBURN 0 PSYNC 0 TC 0 LT 0 MG 0 VD 0 VDP 0 VWD 0 VLOCK 0 VUNLOCK 0 VCLOSE 0 VMAX 0 VLOCKUP 0 VDECR 0 V3SWAP 0 V2SWAP 0 NFC 0 NFB 0 NFS 0 NFPEN 0 NFT 0 TF 2
[SQ] 83051715: MC 0 MPC 0 TR 0 PMINT 0 PBURN 0 PSYNC 0 TC 0 LT 0 MG 0 VD 0 VDP 0 VWD 0 VLOCK 0 VUNLOCK 0 VCLOSE 0 VMAX 0 VLOCKUP 0 VDECR 0 V3SWAP 0 V2SWAP 0 NFC 0 NFB 0 NFS 0 NFPEN 0 NFT 0 TF 2
[SQ] 83051716: MC 0 MPC 0 TR 0 PMINT 0 PBURN 0 PSYNC 0 TC 0 LT 0 MG 0 VD 0 VDP 0 VWD 0 VLOCK 0 VUNLOCK 0 VCLOSE 0 VMAX 0 VLOCKUP 0 VDECR 0 V3SWAP 0 V2SWAP 0 NFC 0 NFB 0 NFS 0 NFPEN 0 NFT 0 TF 0
[SQ] 83051717: MC 0 MPC 0 TR 0 PMINT 0 PBURN 0 PSYNC 0 TC 0 LT 0 MG 0 VD 0 VDP 0 VWD 0 VLOCK 0 VUNLOCK 0 VCLOSE 0 VMAX 0 VLOCKUP 0 VDECR 0 V3SWAP 1 V2SWAP 0 NFC 0 NFB 0 NFS 0 NFPEN 0 NFT 0 TF 3
[SQ] 83051718: MC 0 MPC 0 TR 0 PMINT 0 PBURN 0 PSYNC 0 TC 0 LT 0 MG 0 VD 0 VDP 0 VWD 0 VLOCK 0 VUNLOCK 0 VCLOSE 0 VMAX 0 VLOCKUP 0 VDECR 0 V3SWAP 0 V2SWAP 0 NFC 0 NFB 0 NFS 0 NFPEN 0 NFT 0 TF 0
[SQ] 83051719: MC 0 MPC 0 TR 0 PMINT 0 PBURN 0 PSYNC 0 TC 0 LT 0 MG 0 VD 0 VDP 0 VWD 0 VLOCK 0 VUNLOCK 0 VCLOSE 0 VMAX 0 VLOCKUP 0 VDECR 0 V3SWAP 0 V2SWAP 0 NFC 0 NFB 0 NFS 0 NFPEN 0 NFT 0 TF 0
[SQ] 83051720: MC 0 MPC 0 TR 0 PMINT 0 PBURN 0 PSYNC 0 TC 0 LT 0 MG 0 VD 0 VDP 0 VWD 0 VLOCK 0 VUNLOCK 0 VCLOSE 0 VMAX 0 VLOCKUP 0 VDECR 0 V3SWAP 0 V2SWAP 0 NFC 0 NFB 0 NFS 0 NFPEN 0 NFT 0 TF 2
[SQ] 83051721: MC 0 MPC 0 TR 0 PMINT 0 PBURN 0 PSYNC 0 TC 0 LT 0 MG 0 VD 0 VDP 0 VWD 0 VLOCK 0 VUNLOCK 0 VCLOSE 0 VMAX 0 VLOCKUP 0 VDECR 0 V3SWAP 0 V2SWAP 0 NFC 0 NFB 0 NFS 0 NFPEN 0 NFT 0 TF 0
[SQ] 83051722: MC 0 MPC 0 TR 0 PMINT 0 PBURN 0 PSYNC 0 TC 0 LT 0 MG 0 VD 0 VDP 0 VWD 0 VLOCK 0 VUNLOCK 0 VCLOSE 0 VMAX 0 VLOCKUP 0 VDECR 0 V3SWAP 0 V2SWAP 0 NFC 0 NFB 0 NFS 0 NFPEN 0 NFT 0 TF 0
[SQ] 83051723: MC 0 MPC 0 TR 0 PMINT 0 PBURN 0 PSYNC 0 TC 0 LT 0 MG 0 VD 0 VDP 0 VWD 0 VLOCK 0 VUNLOCK 0 VCLOSE 0 VMAX 0 VLOCKUP 0 VDECR 0 V3SWAP 0 V2SWAP 0 NFC 0 NFB 0 NFS 0 NFPEN 0 NFT 0 TF 0
[SQ] 83051724: MC 0 MPC 0 TR 0 PMINT 0 PBURN 0 PSYNC 0 TC 0 LT 0 MG 0 VD 0 VDP 0 VWD 0 VLOCK 0 VUNLOCK 0 VCLOSE 0 VMAX 0 VLOCKUP 0 VDECR 0 V3SWAP 0 V2SWAP 0 NFC 0 NFB 0 NFS 0 NFPEN 0 NFT 0 TF 0
[SQ] 83051725: MC 0 MPC 0 TR 0 PMINT 0 PBURN 0 PSYNC 0 TC 0 LT 0 MG 0 VD 0 VDP 0 VWD 0 VLOCK 0 VUNLOCK 0 VCLOSE 0 VMAX 0 VLOCKUP 0 VDECR 0 V3SWAP 0 V2SWAP 0 NFC 0 NFB 0 NFS 0 NFPEN 0 NFT 0 TF 0
[SQ] 83051726: MC 0 MPC 0 TR 0 PMINT 0 PBURN 0 PSYNC 0 TC 0 LT 0 MG 0 VD 0 VDP 0 VWD 0 VLOCK 0 VUNLOCK 0 VCLOSE 0 VMAX 0 VLOCKUP 0 VDECR 0 V3SWAP 0 V2SWAP 0 NFC 0 NFB 0 NFS 0 NFPEN 0 NFT 0 TF 0
[SQ] 83051727: MC 0 MPC 0 TR 0 PMINT 0 PBURN 0 PSYNC 0 TC 0 LT 0 MG 0 VD 0 VDP 0 VWD 0 VLOCK 0 VUNLOCK 0 VCLOSE 0 VMAX 0 VLOCKUP 0 VDECR 0 V3SWAP 0 V2SWAP 0 NFC 0 NFB 0 NFS 0 NFPEN 0 NFT 0 TF 0
[SQ] 83051728: MC 0 MPC 0 TR 0 PMINT 0 PBURN 0 PSYNC 0 TC 0 LT 0 MG 0 VD 0 VDP 0 VWD 0 VLOCK 0 VUNLOCK 0 VCLOSE 0 VMAX 0 VLOCKUP 0 VDECR 0 V3SWAP 0 V2SWAP 0 NFC 0 NFB 0 NFS 0 NFPEN 0 NFT 0 TF 0
[SQ] 83051729: MC 0 MPC 0 TR 0 PMINT 0 PBURN 0 PSYNC 0 TC 0 LT 0 MG 0 VD 0 VDP 0 VWD 0 VLOCK 0 VUNLOCK 0 VCLOSE 0 VMAX 0 VLOCKUP 0 VDECR 0 V3SWAP 0 V2SWAP 0 NFC 0 NFB 0 NFS 0 NFPEN 0 NFT 0 TF 0
[SQ] 83051730: MC 0 MPC 0 TR 0 PMINT 0 PBURN 0 PSYNC 0 TC 0 LT 0 MG 0 VD 0 VDP 0 VWD 0 VLOCK 0 VUNLOCK 0 VCLOSE 0 VMAX 0 VLOCKUP 0 VDECR 0 V3SWAP 1 V2SWAP 0 NFC 0 NFB 0 NFS 0 NFPEN 0 NFT 0 TF 3
[SQ] 83051731: MC 0 MPC 0 TR 0 PMINT 0 PBURN 0 PSYNC 0 TC 0 LT 0 MG 0 VD 0 VDP 0 VWD 0 VLOCK 0 VUNLOCK 0 VCLOSE 0 VMAX 0 VLOCKUP 0 VDECR 0 V3SWAP 0 V2SWAP 0 NFC 0 NFB 0 NFS 0 NFPEN 0 NFT 0 TF 0
[SQ] 83051732: MC 0 MPC 0 TR 0 PMINT 0 PBURN 0 PSYNC 0 TC 0 LT 0 MG 0 VD 0 VDP 0 VWD 0 VLOCK 0 VUNLOCK 0 VCLOSE 0 VMAX 0 VLOCKUP 0 VDECR 0 V3SWAP 0 V2SWAP 0 NFC 0 NFB 0 NFS 0 NFPEN 0 NFT 0 TF 0
[SQ] 83051733: MC 0 MPC 0 TR 0 PMINT 0 PBURN 0 PSYNC 0 TC 0 LT 0 MG 0 VD 0 VDP 0 VWD 0 VLOCK 0 VUNLOCK 0 VCLOSE 0 VMAX 0 VLOCKUP 0 VDECR 0 V3SWAP 0 V2SWAP 0 NFC 0 NFB 0 NFS 0 NFPEN 0 NFT 0 TF 0
[SQ] 83051734: MC 0 MPC 0 TR 0 PMINT 0 PBURN 0 PSYNC 0 TC 0 LT 0 MG 0 VD 0 VDP 0 VWD 0 VLOCK 0 VUNLOCK 0 VCLOSE 0 VMAX 0 VLOCKUP 0 VDECR 0 V3SWAP 0 V2SWAP 0 NFC 0 NFB 0 NFS 0 NFPEN 0 NFT 0 TF 0
[SQ] 83051735: MC 0 MPC 0 TR 0 PMINT 0 PBURN 0 PSYNC 0 TC 0 LT 0 MG 0 VD 0 VDP 0 VWD 0 VLOCK 0 VUNLOCK 0 VCLOSE 0 VMAX 0 VLOCKUP 0 VDECR 0 V3SWAP 0 V2SWAP 0 NFC 0 NFB 0 NFS 0 NFPEN 0 NFT 0 TF 0
[SQ] 83051736: MC 0 MPC 0 TR 0 PMINT 0 PBURN 0 PSYNC 0 TC 0 LT 0 MG 0 VD 0 VDP 0 VWD 0 VLOCK 0 VUNLOCK 0 VCLOSE 0 VMAX 0 VLOCKUP 0 VDECR 0 V3SWAP 0 V2SWAP 0 NFC 0 NFB 0 NFS 0 NFPEN 0 NFT 0 TF 0
[SQ] 83051737: MC 0 MPC 0 TR 0 PMINT 0 PBURN 0 PSYNC 0 TC 0 LT 0 MG 0 VD 0 VDP 0 VWD 0 VLOCK 0 VUNLOCK 0 VCLOSE 0 VMAX 0 VLOCKUP 0 VDECR 0 V3SWAP 0 V2SWAP 0 NFC 0 NFB 0 NFS 0 NFPEN 0 NFT 0 TF 0
[SQ] 83051738: MC 0 MPC 0 TR 0 PMINT 0 PBURN 0 PSYNC 0 TC 0 LT 0 MG 0 VD 0 VDP 0 VWD 0 VLOCK 0 VUNLOCK 0 VCLOSE 0 VMAX 0 VLOCKUP 0 VDECR 0 V3SWAP 0 V2SWAP 0 NFC 0 NFB 0 NFS 0 NFPEN 0 NFT 0 TF 0
[SQ] 83051739: MC 0 MPC 0 TR 0 PMINT 0 PBURN 0 PSYNC 0 TC 0 LT 0 MG 0 VD 0 VDP 0 VWD 0 VLOCK 0 VUNLOCK 0 VCLOSE 0 VMAX 0 VLOCKUP 0 VDECR 0 V3SWAP 0 V2SWAP 0 NFC 0 NFB 0 NFS 0 NFPEN 0 NFT 0 TF 2
[SQ] 83051740: MC 0 MPC 0 TR 0 PMINT 0 PBURN 0 PSYNC 0 TC 0 LT 0 MG 0 VD 0 VDP 0 VWD 0 VLOCK 0 VUNLOCK 0 VCLOSE 0 VMAX 0 VLOCKUP 0 VDECR 0 V3SWAP 0 V2SWAP 0 NFC 0 NFB 0 NFS 0 NFPEN 0 NFT 0 TF 0
[SQ] 83051741: MC 0 MPC 0 TR 0 PMINT 0 PBURN 0 PSYNC 0 TC 0 LT 0 MG 0 VD 0 VDP 0 VWD 0 VLOCK 0 VUNLOCK 0 VCLOSE 0 VMAX 0 VLOCKUP 0 VDECR 0 V3SWAP 0 V2SWAP 0 NFC 0 NFB 0 NFS 0 NFPEN 0 NFT 0 TF 0
[SQ] 83051742: MC 0 MPC 0 TR 0 PMINT 0 PBURN 0 PSYNC 0 TC 0 LT 0 MG 0 VD 0 VDP 0 VWD 0 VLOCK 0 VUNLOCK 0 VCLOSE 0 VMAX 0 VLOCKUP 0 VDECR 0 V3SWAP 0 V2SWAP 0 NFC 0 NFB 0 NFS 0 NFPEN 0 NFT 0 TF 0
[SQ] 83051743: MC 0 MPC 0 TR 0 PMINT 0 PBURN 0 PSYNC 0 TC 0 LT 0 MG 0 VD 0 VDP 0 VWD 0 VLOCK 0 VUNLOCK 0 VCLOSE 0 VMAX 0 VLOCKUP 0 VDECR 0 V3SWAP 0 V2SWAP 0 NFC 0 NFB 0 NFS 0 NFPEN 0 NFT 0 TF 0
[SQ] 83051744: MC 0 MPC 0 TR 0 PMINT 0 PBURN 0 PSYNC 0 TC 0 LT 0 MG 0 VD 0 VDP 0 VWD 0 VLOCK 0 VUNLOCK 0 VCLOSE 0 VMAX 0 VLOCKUP 0 VDECR 0 V3SWAP 0 V2SWAP 0 NFC 0 NFB 0 NFS 0 NFPEN 0 NFT 0 TF 2
[SQ] 83051745: MC 0 MPC 0 TR 0 PMINT 0 PBURN 0 PSYNC 0 TC 0 LT 0 MG 0 VD 0 VDP 0 VWD 0 VLOCK 0 VUNLOCK 0 VCLOSE 0 VMAX 0 VLOCKUP 0 VDECR 0 V3SWAP 0 V2SWAP 0 NFC 0 NFB 0 NFS 0 NFPEN 0 NFT 0 TF 0
[SQ] 83051746: MC 0 MPC 0 TR 0 PMINT 0 PBURN 0 PSYNC 0 TC 0 LT 0 MG 0 VD 0 VDP 0 VWD 0 VLOCK 0 VUNLOCK 0 VCLOSE 0 VMAX 0 VLOCKUP 0 VDECR 0 V3SWAP 0 V2SWAP 0 NFC 0 NFB 0 NFS 0 NFPEN 0 NFT 0 TF 0
[SQ] 83051747: MC 0 MPC 0 TR 0 PMINT 0 PBURN 0 PSYNC 0 TC 0 LT 0 MG 0 VD 0 VDP 0 VWD 0 VLOCK 0 VUNLOCK 0 VCLOSE 0 VMAX 0 VLOCKUP 0 VDECR 0 V3SWAP 1 V2SWAP 0 NFC 0 NFB 0 NFS 0 NFPEN 0 NFT 0 TF 6
[SQ] 83051748: MC 0 MPC 0 TR 0 PMINT 0 PBURN 0 PSYNC 0 TC 0 LT 0 MG 0 VD 0 VDP 0 VWD 0 VLOCK 0 VUNLOCK 0 VCLOSE 0 VMAX 0 VLOCKUP 0 VDECR 0 V3SWAP 0 V2SWAP 0 NFC 0 NFB 0 NFS 0 NFPEN 0 NFT 0 TF 0
[SQ] 83051749: MC 0 MPC 0 TR 0 PMINT 0 PBURN 0 PSYNC 0 TC 0 LT 0 MG 0 VD 0 VDP 0 VWD 0 VLOCK 0 VUNLOCK 0 VCLOSE 0 VMAX 0 VLOCKUP 0 VDECR 0 V3SWAP 0 V2SWAP 0 NFC 0 NFB 0 NFS 0 NFPEN 0 NFT 0 TF 0
[SQ] 83051750: MC 0 MPC 0 TR 0 PMINT 0 PBURN 0 PSYNC 0 TC 0 LT 0 MG 0 VD 0 VDP 0 VWD 0 VLOCK 0 VUNLOCK 0 VCLOSE 0 VMAX 0 VLOCKUP 0 VDECR 0 V3SWAP 0 V2SWAP 0 NFC 0 NFB 0 NFS 0 NFPEN 0 NFT 0 TF 0
[SQ] 83051751: MC 0 MPC 0 TR 0 PMINT 0 PBURN 0 PSYNC 0 TC 0 LT 0 MG 0 VD 0 VDP 0 VWD 0 VLOCK 0 VUNLOCK 0 VCLOSE 0 VMAX 0 VLOCKUP 0 VDECR 0 V3SWAP 0 V2SWAP 0 NFC 0 NFB 0 NFS 0 NFPEN 0 NFT 0 TF 0
[SQ] 83051752: MC 0 MPC 0 TR 0 PMINT 0 PBURN 0 PSYNC 0 TC 0 LT 0 MG 0 VD 0 VDP 0 VWD 0 VLOCK 0 VUNLOCK 0 VCLOSE 0 VMAX 0 VLOCKUP 0 VDECR 0 V3SWAP 1 V2SWAP 0 NFC 0 NFB 0 NFS 0 NFPEN 0 NFT 0 TF 3
[SQ] 83051753: MC 0 MPC 0 TR 0 PMINT 0 PBURN 0 PSYNC 0 TC 0 LT 0 MG 0 VD 0 VDP 0 VWD 0 VLOCK 0 VUNLOCK 0 VCLOSE 0 VMAX 0 VLOCKUP 0 VDECR 0 V3SWAP 0 V2SWAP 0 NFC 0 NFB 0 NFS 0 NFPEN 0 NFT 0 TF 0
[SQ] 83051754: MC 0 MPC 0 TR 0 PMINT 0 PBURN 0 PSYNC 0 TC 0 LT 0 MG 0 VD 0 VDP 0 VWD 0 VLOCK 0 VUNLOCK 0 VCLOSE 0 VMAX 0 VLOCKUP 0 VDECR 0 V3SWAP 0 V2SWAP 0 NFC 0 NFB 0 NFS 0 NFPEN 0 NFT 0 TF 0
[SQ] 83051755: MC 0 MPC 0 TR 0 PMINT 0 PBURN 0 PSYNC 0 TC 0 LT 0 MG 0 VD 0 VDP 0 VWD 0 VLOCK 0 VUNLOCK 0 VCLOSE 0 VMAX 0 VLOCKUP 0 VDECR 0 V3SWAP 0 V2SWAP 0 NFC 0 NFB 0 NFS 0 NFPEN 0 NFT 0 TF 0
[SQ] 83051756: MC 0 MPC 0 TR 0 PMINT 0 PBURN 0 PSYNC 0 TC 0 LT 0 MG 0 VD 0 VDP 0 VWD 0 VLOCK 0 VUNLOCK 0 VCLOSE 0 VMAX 0 VLOCKUP 0 VDECR 0 V3SWAP 0 V2SWAP 0 NFC 0 NFB 0 NFS 0 NFPEN 0 NFT 0 TF 2
[SQ] 83051757: MC 0 MPC 0 TR 0 PMINT 0 PBURN 0 PSYNC 0 TC 0 LT 0 MG 0 VD 0 VDP 0 VWD 0 VLOCK 0 VUNLOCK 0 VCLOSE 0 VMAX 0 VLOCKUP 0 VDECR 0 V3SWAP 0 V2SWAP 0 NFC 0 NFB 0 NFS 0 NFPEN 0 NFT 0 TF 0
[SQ] 83051758: MC 0 MPC 0 TR 0 PMINT 0 PBURN 0 PSYNC 0 TC 0 LT 0 MG 0 VD 0 VDP 0 VWD 0 VLOCK 0 VUNLOCK 0 VCLOSE 0 VMAX 0 VLOCKUP 0 VDECR 0 V3SWAP 0 V2SWAP 0 NFC 0 NFB 0 NFS 0 NFPEN 0 NFT 0 TF 0
[SQ] 83051759: MC 0 MPC 0 TR 0 PMINT 0 PBURN 0 PSYNC 0 TC 0 LT 0 MG 0 VD 0 VDP 0 VWD 0 VLOCK 0 VUNLOCK 0 VCLOSE 0 VMAX 0 VLOCKUP 0 VDECR 0 V3SWAP 1 V2SWAP 0 NFC 0 NFB 0 NFS 0 NFPEN 0 NFT 0 TF 5
[SQ] 83051760: MC 0 MPC 0 TR 0 PMINT 0 PBURN 0 PSYNC 0 TC 0 LT 0 MG 0 VD 0 VDP 0 VWD 0 VLOCK 0 VUNLOCK 0 VCLOSE 0 VMAX 0 VLOCKUP 0 VDECR 0 V3SWAP 0 V2SWAP 0 NFC 0 NFB 0 NFS 0 NFPEN 0 NFT 0 TF 0
[SQ] 83051761: MC 0 MPC 0 TR 0 PMINT 0 PBURN 0 PSYNC 0 TC 0 LT 0 MG 0 VD 0 VDP 0 VWD 0 VLOCK 0 VUNLOCK 0 VCLOSE 0 VMAX 0 VLOCKUP 0 VDECR 0 V3SWAP 0 V2SWAP 0 NFC 0 NFB 0 NFS 0 NFPEN 0 NFT 0 TF 0
[SQ] 83051762: MC 0 MPC 0 TR 0 PMINT 0 PBURN 0 PSYNC 0 TC 0 LT 0 MG 0 VD 0 VDP 0 VWD 0 VLOCK 0 VUNLOCK 0 VCLOSE 0 VMAX 0 VLOCKUP 0 VDECR 0 V3SWAP 0 V2SWAP 0 NFC 0 NFB 0 NFS 0 NFPEN 0 NFT 0 TF 0
[SQ] 83051763: MC 0 MPC 0 TR 0 PMINT 0 PBURN 0 PSYNC 0 TC 0 LT 0 MG 0 VD 0 VDP 0 VWD 0 VLOCK 0 VUNLOCK 0 VCLOSE 0 VMAX 0 VLOCKUP 0 VDECR 0 V3SWAP 0 V2SWAP 0 NFC 0 NFB 0 NFS 0 NFPEN 0 NFT 0 TF 2
[SQ] 83051764: MC 0 MPC 0 TR 0 PMINT 0 PBURN 0 PSYNC 0 TC 0 LT 0 MG 0 VD 0 VDP 0 VWD 0 VLOCK 0 VUNLOCK 0 VCLOSE 0 VMAX 0 VLOCKUP 0 VDECR 0 V3SWAP 0 V2SWAP 0 NFC 0 NFB 0 NFS 0 NFPEN 0 NFT 0 TF 6
[SQ] 83051765: MC 0 MPC 0 TR 0 PMINT 0 PBURN 0 PSYNC 0 TC 0 LT 0 MG 0 VD 0 VDP 0 VWD 0 VLOCK 0 VUNLOCK 0 VCLOSE 0 VMAX 0 VLOCKUP 0 VDECR 0 V3SWAP 1 V2SWAP 0 NFC 0 NFB 0 NFS 0 NFPEN 0 NFT 0 TF 5
[SQ] 83051766: MC 0 MPC 0 TR 0 PMINT 0 PBURN 0 PSYNC 0 TC 0 LT 0 MG 0 VD 0 VDP 0 VWD 0 VLOCK 0 VUNLOCK 0 VCLOSE 0 VMAX 0 VLOCKUP 0 VDECR 0 V3SWAP 0 V2SWAP 0 NFC 0 NFB 0 NFS 0 NFPEN 0 NFT 0 TF 4
[SQ] 83051767: MC 0 MPC 0 TR 0 PMINT 0 PBURN 0 PSYNC 0 TC 0 LT 0 MG 0 VD 0 VDP 0 VWD 0 VLOCK 0 VUNLOCK 0 VCLOSE 0 VMAX 0 VLOCKUP 0 VDECR 0 V3SWAP 0 V2SWAP 0 NFC 0 NFB 0 NFS 0 NFPEN 0 NFT 0 TF 6
[SQ] 83051768: MC 0 MPC 0 TR 0 PMINT 0 PBURN 0 PSYNC 0 TC 0 LT 0 MG 0 VD 0 VDP 0 VWD 0 VLOCK 0 VUNLOCK 0 VCLOSE 0 VMAX 0 VLOCKUP 0 VDECR 0 V3SWAP 0 V2SWAP 0 NFC 0 NFB 0 NFS 0 NFPEN 0 NFT 0 TF 0
[SQ] 83051769: MC 0 MPC 0 TR 0 PMINT 0 PBURN 0 PSYNC 0 TC 0 LT 0 MG 0 VD 0 VDP 0 VWD 0 VLOCK 0 VUNLOCK 0 VCLOSE 0 VMAX 0 VLOCKUP 0 VDECR 0 V3SWAP 0 V2SWAP 0 NFC 0 NFB 0 NFS 0 NFPEN 0 NFT 0 TF 2
[SQ] 83051770: MC 0 MPC 0 TR 0 PMINT 0 PBURN 0 PSYNC 0 TC 0 LT 0 MG 0 VD 0 VDP 0 VWD 0 VLOCK 0 VUNLOCK 0 VCLOSE 0 VMAX 0 VLOCKUP 0 VDECR 0 V3SWAP 0 V2SWAP 0 NFC 0 NFB 0 NFS 0 NFPEN 0 NFT 0 TF 2
[SQ] 83051771: MC 0 MPC 0 TR 0 PMINT 0 PBURN 0 PSYNC 0 TC 0 LT 0 MG 0 VD 0 VDP 0 VWD 0 VLOCK 0 VUNLOCK 0 VCLOSE 0 VMAX 0 VLOCKUP 0 VDECR 0 V3SWAP 0 V2SWAP 0 NFC 0 NFB 0 NFS 0 NFPEN 0 NFT 0 TF 0
[SQ] 83051772: MC 0 MPC 0 TR 0 PMINT 0 PBURN 0 PSYNC 0 TC 0 LT 0 MG 0 VD 0 VDP 0 VWD 0 VLOCK 0 VUNLOCK 0 VCLOSE 0 VMAX 0 VLOCKUP 0 VDECR 0 V3SWAP 0 V2SWAP 0 NFC 0 NFB 0 NFS 0 NFPEN 0 NFT 0 TF 0
[SQ] 83051773: MC 0 MPC 0 TR 0 PMINT 0 PBURN 0 PSYNC 0 TC 0 LT 0 MG 0 VD 0 VDP 0 VWD 0 VLOCK 0 VUNLOCK 0 VCLOSE 0 VMAX 0 VLOCKUP 0 VDECR 0 V3SWAP 0 V2SWAP 0 NFC 0 NFB 0 NFS 0 NFPEN 0 NFT 0 TF 0
[SQ] 83051774: MC 0 MPC 0 TR 0 PMINT 0 PBURN 0 PSYNC 0 TC 0 LT 0 MG 0 VD 0 VDP 0 VWD 0 VLOCK 0 VUNLOCK 0 VCLOSE 0 VMAX 0 VLOCKUP 0 VDECR 0 V3SWAP 0 V2SWAP 0 NFC 0 NFB 0 NFS 0 NFPEN 0 NFT 0 TF 2
[SQ] 83051775: MC 0 MPC 0 TR 0 PMINT 0 PBURN 0 PSYNC 0 TC 0 LT 0 MG 0 VD 0 VDP 0 VWD 0 VLOCK 0 VUNLOCK 0 VCLOSE 0 VMAX 0 VLOCKUP 0 VDECR 0 V3SWAP 0 V2SWAP 0 NFC 0 NFB 0 NFS 0 NFPEN 0 NFT 0 TF 0
[SQ] 83051776: MC 0 MPC 0 TR 0 PMINT 0 PBURN 0 PSYNC 0 TC 0 LT 0 MG 0 VD 0 VDP 0 VWD 0 VLOCK 0 VUNLOCK 0 VCLOSE 0 VMAX 0 VLOCKUP 0 VDECR 0 V3SWAP 0 V2SWAP 0 NFC 0 NFB 0 NFS 0 NFPEN 0 NFT 0 TF 0
[SQ] 83051777: MC 0 MPC 0 TR 0 PMINT 0 PBURN 0 PSYNC 0 TC 0 LT 0 MG 0 VD 0 VDP 0 VWD 0 VLOCK 0 VUNLOCK 0 VCLOSE 0 VMAX 0 VLOCKUP 0 VDECR 0 V3SWAP 0 V2SWAP 0 NFC 0 NFB 0 NFS 0 NFPEN 0 NFT 0 TF 0
[SQ] 83051778: MC 0 MPC 0 TR 0 PMINT 0 PBURN 0 PSYNC 0 TC 0 LT 0 MG 0 VD 0 VDP 0 VWD 0 VLOCK 0 VUNLOCK 0 VCLOSE 0 VMAX 0 VLOCKUP 0 VDECR 0 V3SWAP 0 V2SWAP 0 NFC 0 NFB 0 NFS 0 NFPEN 0 NFT 0 TF 0
[SQ] 83051779: MC 0 MPC 0 TR 0 PMINT 0 PBURN 0 PSYNC 0 TC 0 LT 0 MG 0 VD 0 VDP 0 VWD 0 VLOCK 0 VUNLOCK 0 VCLOSE 0 VMAX 0 VLOCKUP 0 VDECR 0 V3SWAP 0 V2SWAP 0 NFC 0 NFB 0 NFS 0 NFPEN 0 NFT 0 TF 0
[SQ] 83051780: MC 0 MPC 0 TR 0 PMINT 0 PBURN 0 PSYNC 0 TC 0 LT 0 MG 0 VD 0 VDP 0 VWD 0 VLOCK 0 VUNLOCK 0 VCLOSE 0 VMAX 0 VLOCKUP 0 VDECR 0 V3SWAP 0 V2SWAP 0 NFC 0 NFB 0 NFS 0 NFPEN 0 NFT 0 TF 0
[SQ] 83051781: MC 0 MPC 0 TR 0 PMINT 0 PBURN 0 PSYNC 0 TC 0 LT 0 MG 0 VD 0 VDP 0 VWD 0 VLOCK 0 VUNLOCK 0 VCLOSE 0 VMAX 0 VLOCKUP 0 VDECR 0 V3SWAP 0 V2SWAP 0 NFC 0 NFB 0 NFS 0 NFPEN 0 NFT 0 TF 2
[SQ] 83051782: MC 0 MPC 0 TR 0 PMINT 0 PBURN 0 PSYNC 0 TC 0 LT 0 MG 0 VD 0 VDP 0 VWD 0 VLOCK 0 VUNLOCK 0 VCLOSE 0 VMAX 0 VLOCKUP 0 VDECR 0 V3SWAP 0 V2SWAP 0 NFC 0 NFB 0 NFS 0 NFPEN 0 NFT 0 TF 2
[SQ] 83051783: MC 0 MPC 0 TR 0 PMINT 0 PBURN 0 PSYNC 0 TC 0 LT 0 MG 0 VD 0 VDP 0 VWD 0 VLOCK 0 VUNLOCK 0 VCLOSE 0 VMAX 0 VLOCKUP 0 VDECR 0 V3SWAP 0 V2SWAP 0 NFC 0 NFB 0 NFS 0 NFPEN 0 NFT 0 TF 0
[SQ] 83051784: MC 0 MPC 0 TR 0 PMINT 0 PBURN 0 PSYNC 0 TC 0 LT 0 MG 0 VD 0 VDP 0 VWD 0 VLOCK 0 VUNLOCK 0 VCLOSE 0 VMAX 0 VLOCKUP 0 VDECR 0 V3SWAP 0 V2SWAP 0 NFC 0 NFB 0 NFS 0 NFPEN 0 NFT 0 TF 0
[SQ] 83051785: MC 0 MPC 0 TR 0 PMINT 0 PBURN 0 PSYNC 0 TC 0 LT 0 MG 0 VD 0 VDP 0 VWD 0 VLOCK 0 VUNLOCK 0 VCLOSE 0 VMAX 0 VLOCKUP 0 VDECR 0 V3SWAP 0 V2SWAP 0 NFC 0 NFB 0 NFS 0 NFPEN 0 NFT 0 TF 2
[SQ] 83051786: MC 0 MPC 0 TR 0 PMINT 0 PBURN 0 PSYNC 0 TC 0 LT 0 MG 0 VD 0 VDP 0 VWD 0 VLOCK 0 VUNLOCK 0 VCLOSE 0 VMAX 0 VLOCKUP 0 VDECR 0 V3SWAP 0 V2SWAP 0 NFC 0 NFB 0 NFS 0 NFPEN 0 NFT 0 TF 0
[SQ] 83051787: MC 0 MPC 0 TR 0 PMINT 0 PBURN 0 PSYNC 0 TC 0 LT 0 MG 0 VD 0 VDP 0 VWD 0 VLOCK 0 VUNLOCK 0 VCLOSE 0 VMAX 0 VLOCKUP 0 VDECR 0 V3SWAP 1 V2SWAP 0 NFC 0 NFB 0 NFS 0 NFPEN 0 NFT 0 TF 3
[SQ] 83051788: MC 0 MPC 0 TR 0 PMINT 0 PBURN 0 PSYNC 0 TC 0 LT 0 MG 0 VD 0 VDP 0 VWD 0 VLOCK 0 VUNLOCK 0 VCLOSE 0 VMAX 0 VLOCKUP 0 VDECR 0 V3SWAP 0 V2SWAP 0 NFC 0 NFB 0 NFS 0 NFPEN 0 NFT 0 TF 2
[SQ] 83051789: MC 0 MPC 0 TR 0 PMINT 0 PBURN 0 PSYNC 0 TC 0 LT 0 MG 0 VD 0 VDP 0 VWD 0 VLOCK 0 VUNLOCK 0 VCLOSE 0 VMAX 0 VLOCKUP 0 VDECR 0 V3SWAP 0 V2SWAP 0 NFC 0 NFB 0 NFS 0 NFPEN 0 NFT 0 TF 0
[SQ] 83051790: MC 0 MPC 0 TR 0 PMINT 0 PBURN 0 PSYNC 0 TC 0 LT 0 MG 0 VD 0 VDP 0 VWD 0 VLOCK 0 VUNLOCK 0 VCLOSE 0 VMAX 0 VLOCKUP 0 VDECR 0 V3SWAP 0 V2SWAP 0 NFC 0 NFB 0 NFS 0 NFPEN 0 NFT 0 TF 0
[SQ] 83051791: MC 0 MPC 0 TR 0 PMINT 0 PBURN 0 PSYNC 0 TC 0 LT 0 MG 0 VD 0 VDP 0 VWD 0 VLOCK 0 VUNLOCK 0 VCLOSE 0 VMAX 0 VLOCKUP 0 VDECR 0 V3SWAP 0 V2SWAP 0 NFC 0 NFB 0 NFS 0 NFPEN 0 NFT 0 TF 2
[SQ] 83051792: MC 0 MPC 0 TR 0 PMINT 0 PBURN 0 PSYNC 0 TC 0 LT 0 MG 0 VD 0 VDP 0 VWD 0 VLOCK 0 VUNLOCK 0 VCLOSE 0 VMAX 0 VLOCKUP 0 VDECR 0 V3SWAP 0 V2SWAP 0 NFC 0 NFB 0 NFS 0 NFPEN 0 NFT 0 TF 2
[SQ] 83051793: MC 0 MPC 0 TR 0 PMINT 0 PBURN 0 PSYNC 0 TC 0 LT 0 MG 0 VD 0 VDP 0 VWD 0 VLOCK 0 VUNLOCK 0 VCLOSE 0 VMAX 0 VLOCKUP 0 VDECR 0 V3SWAP 0 V2SWAP 0 NFC 0 NFB 0 NFS 0 NFPEN 0 NFT 0 TF 0
[SQ] 83051794: MC 0 MPC 0 TR 0 PMINT 0 PBURN 0 PSYNC 0 TC 0 LT 0 MG 0 VD 0 VDP 0 VWD 0 VLOCK 0 VUNLOCK 0 VCLOSE 0 VMAX 0 VLOCKUP 0 VDECR 0 V3SWAP 0 V2SWAP 0 NFC 0 NFB 0 NFS 0 NFPEN 0 NFT 0 TF 0
[SQ] 83051795: MC 0 MPC 0 TR 0 PMINT 0 PBURN 0 PSYNC 0 TC 0 LT 0 MG 0 VD 0 VDP 0 VWD 0 VLOCK 0 VUNLOCK 0 VCLOSE 0 VMAX 0 VLOCKUP 0 VDECR 0 V3SWAP 0 V2SWAP 0 NFC 0 NFB 0 NFS 0 NFPEN 0 NFT 0 TF 0
[SQ] 83051796: MC 0 MPC 0 TR 0 PMINT 0 PBURN 0 PSYNC 0 TC 0 LT 0 MG 0 VD 0 VDP 0 VWD 0 VLOCK 0 VUNLOCK 0 VCLOSE 0 VMAX 0 VLOCKUP 0 VDECR 0 V3SWAP 0 V2SWAP 0 NFC 0 NFB 0 NFS 0 NFPEN 0 NFT 0 TF 0
[SQ] 83051797: MC 0 MPC 0 TR 0 PMINT 0 PBURN 0 PSYNC 0 TC 0 LT 0 MG 0 VD 0 VDP 0 VWD 0 VLOCK 0 VUNLOCK 0 VCLOSE 0 VMAX 0 VLOCKUP 0 VDECR 0 V3SWAP 0 V2SWAP 0 NFC 0 NFB 0 NFS 0 NFPEN 0 NFT 0 TF 0
[SQ] 83051798: MC 0 MPC 0 TR 0 PMINT 0 PBURN 0 PSYNC 0 TC 0 LT 0 MG 0 VD 0 VDP 0 VWD 0 VLOCK 0 VUNLOCK 0 VCLOSE 0 VMAX 0 VLOCKUP 0 VDECR 0 V3SWAP 0 V2SWAP 0 NFC 0 NFB 0 NFS 0 NFPEN 0 NFT 0 TF 2
[SQ] 83051799: MC 0 MPC 0 TR 0 PMINT 0 PBURN 0 PSYNC 0 TC 0 LT 0 MG 0 VD 0 VDP 0 VWD 0 VLOCK 0 VUNLOCK 0 VCLOSE 0 VMAX 0 VLOCKUP 0 VDECR 0 V3SWAP 0 V2SWAP 0 NFC 0 NFB 0 NFS 0 NFPEN 0 NFT 0 TF 0
[SQ] 83051800: MC 0 MPC 0 TR 0 PMINT 0 PBURN 0 PSYNC 0 TC 0 LT 0 MG 0 VD 0 VDP 0 VWD 0 VLOCK 0 VUNLOCK 0 VCLOSE 0 VMAX 0 VLOCKUP 0 VDECR 0 V3SWAP 0 V2SWAP 0 NFC 0 NFB 0 NFS 0 NFPEN 0 NFT 0 TF 0
[SQ] 83051801: MC 0 MPC 0 TR 0 PMINT 0 PBURN 0 PSYNC 0 TC 0 LT 0 MG 0 VD 0 VDP 0 VWD 0 VLOCK 0 VUNLOCK 0 VCLOSE 0 VMAX 0 VLOCKUP 0 VDECR 0 V3SWAP 1 V2SWAP 0 NFC 0 NFB 0 NFS 0 NFPEN 0 NFT 0 TF 3
[SQ] 83051802: MC 0 MPC 0 TR 0 PMINT 0 PBURN 0 PSYNC 0 TC 0 LT 0 MG 0 VD 0 VDP 0 VWD 0 VLOCK 0 VUNLOCK 0 VCLOSE 0 VMAX 0 VLOCKUP 0 VDECR 0 V3SWAP 0 V2SWAP 0 NFC 0 NFB 0 NFS 0 NFPEN 0 NFT 0 TF 2
[SQ] 83051803: MC 0 MPC 0 TR 0 PMINT 0 PBURN 0 PSYNC 0 TC 0 LT 0 MG 0 VD 0 VDP 0 VWD 0 VLOCK 0 VUNLOCK 0 VCLOSE 0 VMAX 0 VLOCKUP 0 VDECR 0 V3SWAP 0 V2SWAP 0 NFC 0 NFB 0 NFS 0 NFPEN 0 NFT 0 TF 0
[SQ] 83051804: MC 0 MPC 0 TR 0 PMINT 0 PBURN 0 PSYNC 0 TC 0 LT 0 MG 0 VD 0 VDP 0 VWD 0 VLOCK 0 VUNLOCK 0 VCLOSE 0 VMAX 0 VLOCKUP 0 VDECR 0 V3SWAP 0 V2SWAP 0 NFC 0 NFB 0 NFS 0 NFPEN 0 NFT 0 TF 0
[SQ] 83051805: MC 0 MPC 0 TR 0 PMINT 0 PBURN 0 PSYNC 0 TC 0 LT 0 MG 0 VD 0 VDP 0 VWD 0 VLOCK 0 VUNLOCK 0 VCLOSE 0 VMAX 0 VLOCKUP 0 VDECR 0 V3SWAP 0 V2SWAP 0 NFC 0 NFB 0 NFS 0 NFPEN 0 NFT 0 TF 0
[SQ] 83051806: MC 0 MPC 0 TR 0 PMINT 0 PBURN 0 PSYNC 0 TC 0 LT 0 MG 0 VD 0 VDP 0 VWD 0 VLOCK 0 VUNLOCK 0 VCLOSE 0 VMAX 0 VLOCKUP 0 VDECR 0 V3SWAP 0 V2SWAP 0 NFC 0 NFB 0 NFS 0 NFPEN 0 NFT 0 TF 2
[SQ] 83051807: MC 0 MPC 0 TR 0 PMINT 0 PBURN 0 PSYNC 0 TC 0 LT 0 MG 0 VD 0 VDP 0 VWD 0 VLOCK 0 VUNLOCK 0 VCLOSE 0 VMAX 0 VLOCKUP 0 VDECR 0 V3SWAP 0 V2SWAP 0 NFC 0 NFB 0 NFS 0 NFPEN 0 NFT 0 TF 0
[SQ] 83051808: MC 0 MPC 0 TR 0 PMINT 0 PBURN 0 PSYNC 0 TC 0 LT 0 MG 0 VD 0 VDP 0 VWD 0 VLOCK 0 VUNLOCK 0 VCLOSE 0 VMAX 0 VLOCKUP 0 VDECR 0 V3SWAP 0 V2SWAP 0 NFC 0 NFB 0 NFS 0 NFPEN 0 NFT 0 TF 0
[SQ] 83051809: MC 0 MPC 0 TR 0 PMINT 0 PBURN 0 PSYNC 0 TC 0 LT 0 MG 0 VD 0 VDP 0 VWD 0 VLOCK 0 VUNLOCK 0 VCLOSE 0 VMAX 0 VLOCKUP 0 VDECR 0 V3SWAP 0 V2SWAP 0 NFC 0 NFB 0 NFS 0 NFPEN 0 NFT 0 TF 0
[SQ] 83051810: MC 0 MPC 0 TR 0 PMINT 0 PBURN 0 PSYNC 0 TC 0 LT 0 MG 0 VD 0 VDP 0 VWD 0 VLOCK 0 VUNLOCK 0 VCLOSE 0 VMAX 0 VLOCKUP 0 VDECR 0 V3SWAP 0 V2SWAP 0 NFC 0 NFB 0 NFS 0 NFPEN 0 NFT 0 TF 1
[SQ] 83051811: MC 0 MPC 0 TR 0 PMINT 0 PBURN 0 PSYNC 0 TC 0 LT 0 MG 0 VD 0 VDP 0 VWD 0 VLOCK 0 VUNLOCK 0 VCLOSE 0 VMAX 0 VLOCKUP 0 VDECR 0 V3SWAP 0 V2SWAP 0 NFC 0 NFB 0 NFS 0 NFPEN 0 NFT 0 TF 2
[SQ] 83051812: MC 0 MPC 0 TR 0 PMINT 0 PBURN 0 PSYNC 0 TC 0 LT 0 MG 0 VD 0 VDP 0 VWD 0 VLOCK 0 VUNLOCK 0 VCLOSE 0 VMAX 0 VLOCKUP 0 VDECR 0 V3SWAP 0 V2SWAP 0 NFC 0 NFB 0 NFS 0 NFPEN 0 NFT 0 TF 0
[SQ] 83051813: MC 0 MPC 0 TR 0 PMINT 0 PBURN 0 PSYNC 0 TC 0 LT 0 MG 0 VD 0 VDP 0 VWD 0 VLOCK 0 VUNLOCK 0 VCLOSE 0 VMAX 0 VLOCKUP 0 VDECR 0 V3SWAP 0 V2SWAP 0 NFC 0 NFB 0 NFS 0 NFPEN 0 NFT 0 TF 0
[SQ] 83051814: MC 0 MPC 0 TR 0 PMINT 0 PBURN 0 PSYNC 0 TC 0 LT 0 MG 0 VD 0 VDP 0 VWD 0 VLOCK 0 VUNLOCK 0 VCLOSE 0 VMAX 0 VLOCKUP 0 VDECR 0 V3SWAP 0 V2SWAP 0 NFC 0 NFB 0 NFS 0 NFPEN 0 NFT 0 TF 2
[SQ] 83051815: MC 0 MPC 0 TR 0 PMINT 0 PBURN 0 PSYNC 0 TC 0 LT 0 MG 0 VD 0 VDP 0 VWD 0 VLOCK 0 VUNLOCK 0 VCLOSE 0 VMAX 0 VLOCKUP 0 VDECR 0 V3SWAP 0 V2SWAP 0 NFC 0 NFB 0 NFS 0 NFPEN 0 NFT 0 TF 0
[SQ] 83051816: MC 0 MPC 0 TR 0 PMINT 0 PBURN 0 PSYNC 0 TC 0 LT 0 MG 0 VD 0 VDP 0 VWD 0 VLOCK 0 VUNLOCK 0 VCLOSE 0 VMAX 0 VLOCKUP 0 VDECR 0 V3SWAP 0 V2SWAP 0 NFC 0 NFB 0 NFS 0 NFPEN 0 NFT 0 TF 0
[SQ] 83051817: MC 0 MPC 0 TR 0 PMINT 0 PBURN 0 PSYNC 0 TC 0 LT 0 MG 0 VD 0 VDP 0 VWD 0 VLOCK 0 VUNLOCK 0 VCLOSE 0 VMAX 0 VLOCKUP 0 VDECR 0 V3SWAP 0 V2SWAP 0 NFC 0 NFB 0 NFS 0 NFPEN 0 NFT 0 TF 0
[SQ] 83051818: MC 0 MPC 0 TR 0 PMINT 0 PBURN 0 PSYNC 0 TC 0 LT 0 MG 0 VD 0 VDP 0 VWD 0 VLOCK 0 VUNLOCK 0 VCLOSE 0 VMAX 0 VLOCKUP 0 VDECR 0 V3SWAP 0 V2SWAP 0 NFC 0 NFB 0 NFS 0 NFPEN 0 NFT 0 TF 0
[SQ] 83051819: MC 0 MPC 0 TR 0 PMINT 0 PBURN 0 PSYNC 0 TC 0 LT 0 MG 0 VD 0 VDP 0 VWD 0 VLOCK 0 VUNLOCK 0 VCLOSE 0 VMAX 0 VLOCKUP 0 VDECR 0 V3SWAP 0 V2SWAP 0 NFC 0 NFB 0 NFS 0 NFPEN 0 NFT 0 TF 0
[SQ] 83051820: MC 0 MPC 0 TR 0 PMINT 0 PBURN 0 PSYNC 0 TC 0 LT 0 MG 0 VD 0 VDP 0 VWD 0 VLOCK 0 VUNLOCK 0 VCLOSE 0 VMAX 0 VLOCKUP 0 VDECR 0 V3SWAP 0 V2SWAP 0 NFC 0 NFB 0 NFS 0 NFPEN 0 NFT 0 TF 2
[SQ] 83051821: MC 0 MPC 0 TR 0 PMINT 0 PBURN 0 PSYNC 0 TC 0 LT 0 MG 0 VD 0 VDP 0 VWD 0 VLOCK 0 VUNLOCK 0 VCLOSE 0 VMAX 0 VLOCKUP 0 VDECR 0 V3SWAP 0 V2SWAP 0 NFC 0 NFB 0 NFS 0 NFPEN 0 NFT 0 TF 2
[SQ] 83051822: MC 0 MPC 0 TR 0 PMINT 0 PBURN 0 PSYNC 0 TC 0 LT 0 MG 0 VD 0 VDP 0 VWD 0 VLOCK 0 VUNLOCK 0 VCLOSE 0 VMAX 0 VLOCKUP 0 VDECR 0 V3SWAP 1 V2SWAP 0 NFC 0 NFB 0 NFS 0 NFPEN 0 NFT 0 TF 3
[SQ] 83051823: MC 0 MPC 0 TR 0 PMINT 0 PBURN 0 PSYNC 0 TC 0 LT 0 MG 0 VD 0 VDP 0 VWD 0 VLOCK 0 VUNLOCK 0 VCLOSE 0 VMAX 0 VLOCKUP 0 VDECR 0 V3SWAP 0 V2SWAP 0 NFC 0 NFB 0 NFS 0 NFPEN 0 NFT 0 TF 0
[SQ] 83051824: MC 0 MPC 0 TR 0 PMINT 0 PBURN 0 PSYNC 0 TC 0 LT 0 MG 0 VD 0 VDP 0 VWD 0 VLOCK 0 VUNLOCK 0 VCLOSE 0 VMAX 0 VLOCKUP 0 VDECR 0 V3SWAP 0 V2SWAP 0 NFC 0 NFB 0 NFS 0 NFPEN 0 NFT 0 TF 0
[SQ] 83051825: MC 0 MPC 0 TR 0 PMINT 0 PBURN 0 PSYNC 0 TC 0 LT 0 MG 0 VD 0 VDP 0 VWD 0 VLOCK 0 VUNLOCK 0 VCLOSE 0 VMAX 0 VLOCKUP 0 VDECR 0 V3SWAP 0 V2SWAP 0 NFC 0 NFB 0 NFS 0 NFPEN 0 NFT 0 TF 0
[SQ] 83051826: MC 0 MPC 0 TR 0 PMINT 0 PBURN 0 PSYNC 0 TC 0 LT 0 MG 0 VD 0 VDP 0 VWD 0 VLOCK 0 VUNLOCK 0 VCLOSE 0 VMAX 0 VLOCKUP 0 VDECR 0 V3SWAP 0 V2SWAP 0 NFC 0 NFB 0 NFS 0 NFPEN 0 NFT 0 TF 0
[SQ] 83051827: MC 0 MPC 0 TR 0 PMINT 0 PBURN 0 PSYNC 0 TC 0 LT 0 MG 0 VD 0 VDP 0 VWD 0 VLOCK 0 VUNLOCK 0 VCLOSE 0 VMAX 0 VLOCKUP 0 VDECR 0 V3SWAP 0 V2SWAP 0 NFC 0 NFB 0 NFS 0 NFPEN 0 NFT 0 TF 0
[SQ] 83051828: MC 0 MPC 0 TR 0 PMINT 0 PBURN 0 PSYNC 0 TC 0 LT 0 MG 0 VD 0 VDP 0 VWD 0 VLOCK 0 VUNLOCK 0 VCLOSE 0 VMAX 0 VLOCKUP 0 VDECR 0 V3SWAP 0 V2SWAP 0 NFC 0 NFB 0 NFS 0 NFPEN 0 NFT 0 TF 0
[SQ] 83051829: MC 0 MPC 0 TR 0 PMINT 0 PBURN 0 PSYNC 0 TC 0 LT 0 MG 0 VD 0 VDP 0 VWD 0 VLOCK 0 VUNLOCK 0 VCLOSE 0 VMAX 0 VLOCKUP 0 VDECR 0 V3SWAP 0 V2SWAP 0 NFC 0 NFB 0 NFS 0 NFPEN 0 NFT 0 TF 0
[SQ] 83051830: MC 0 MPC 0 TR 0 PMINT 0 PBURN 0 PSYNC 0 TC 0 LT 0 MG 0 VD 0 VDP 0 VWD 0 VLOCK 0 VUNLOCK 0 VCLOSE 0 VMAX 0 VLOCKUP 0 VDECR 0 V3SWAP 0 V2SWAP 0 NFC 0 NFB 0 NFS 0 NFPEN 0 NFT 0 TF 2
[SQ] 83051831: MC 0 MPC 0 TR 0 PMINT 0 PBURN 0 PSYNC 0 TC 0 LT 0 MG 0 VD 0 VDP 0 VWD 0 VLOCK 0 VUNLOCK 0 VCLOSE 0 VMAX 0 VLOCKUP 0 VDECR 0 V3SWAP 0 V2SWAP 0 NFC 0 NFB 0 NFS 0 NFPEN 0 NFT 0 TF 1
[SQ] 83051832: MC 0 MPC 0 TR 0 PMINT 0 PBURN 0 PSYNC 0 TC 0 LT 0 MG 0 VD 0 VDP 0 VWD 0 VLOCK 0 VUNLOCK 0 VCLOSE 0 VMAX 0 VLOCKUP 0 VDECR 0 V3SWAP 0 V2SWAP 0 NFC 0 NFB 0 NFS 0 NFPEN 0 NFT 0 TF 1
[SQ] 83051833: MC 0 MPC 0 TR 0 PMINT 0 PBURN 0 PSYNC 0 TC 0 LT 0 MG 0 VD 0 VDP 0 VWD 0 VLOCK 0 VUNLOCK 0 VCLOSE 0 VMAX 0 VLOCKUP 0 VDECR 0 V3SWAP 0 V2SWAP 0 NFC 0 NFB 0 NFS 0 NFPEN 0 NFT 0 TF 0
[SQ] 83051834: MC 0 MPC 0 TR 0 PMINT 0 PBURN 0 PSYNC 0 TC 0 LT 0 MG 0 VD 0 VDP 0 VWD 0 VLOCK 0 VUNLOCK 0 VCLOSE 0 VMAX 0 VLOCKUP 0 VDECR 0 V3SWAP 0 V2SWAP 0 NFC 0 NFB 0 NFS 0 NFPEN 0 NFT 0 TF 0
[SQ] 83051835: MC 0 MPC 0 TR 0 PMINT 0 PBURN 0 PSYNC 0 TC 0 LT 0 MG 0 VD 0 VDP 0 VWD 0 VLOCK 0 VUNLOCK 0 VCLOSE 0 VMAX 0 VLOCKUP 0 VDECR 0 V3SWAP 0 V2SWAP 0 NFC 0 NFB 0 NFS 0 NFPEN 0 NFT 0 TF 2
[SQ] 83051836: MC 0 MPC 0 TR 0 PMINT 0 PBURN 0 PSYNC 0 TC 0 LT 0 MG 0 VD 0 VDP 0 VWD 0 VLOCK 0 VUNLOCK 0 VCLOSE 0 VMAX 0 VLOCKUP 0 VDECR 0 V3SWAP 1 V2SWAP 0 NFC 0 NFB 0 NFS 0 NFPEN 0 NFT 0 TF 3
[SQ] 83051837: MC 0 MPC 0 TR 0 PMINT 0 PBURN 0 PSYNC 0 TC 0 LT 0 MG 0 VD 0 VDP 0 VWD 0 VLOCK 0 VUNLOCK 0 VCLOSE 0 VMAX 0 VLOCKUP 0 VDECR 0 V3SWAP 0 V2SWAP 0 NFC 0 NFB 0 NFS 0 NFPEN 0 NFT 0 TF 0
[SQ] 83051838: MC 0 MPC 0 TR 0 PMINT 0 PBURN 0 PSYNC 0 TC 0 LT 0 MG 0 VD 0 VDP 0 VWD 0 VLOCK 0 VUNLOCK 0 VCLOSE 0 VMAX 0 VLOCKUP 0 VDECR 0 V3SWAP 0 V2SWAP 0 NFC 0 NFB 0 NFS 0 NFPEN 0 NFT 0 TF 0
[SQ] 83051839: MC 0 MPC 0 TR 0 PMINT 0 PBURN 0 PSYNC 0 TC 0 LT 0 MG 0 VD 0 VDP 0 VWD 0 VLOCK 0 VUNLOCK 0 VCLOSE 0 VMAX 0 VLOCKUP 0 VDECR 0 V3SWAP 0 V2SWAP 0 NFC 0 NFB 0 NFS 0 NFPEN 0 NFT 0 TF 0
[SQ] 83051840: MC 0 MPC 0 TR 0 PMINT 0 PBURN 0 PSYNC 0 TC 0 LT 0 MG 0 VD 0 VDP 0 VWD 0 VLOCK 0 VUNLOCK 0 VCLOSE 0 VMAX 0 VLOCKUP 0 VDECR 0 V3SWAP 0 V2SWAP 0 NFC 0 NFB 0 NFS 0 NFPEN 0 NFT 0 TF 0
[SQ] 83051841: MC 0 MPC 0 TR 0 PMINT 0 PBURN 0 PSYNC 0 TC 0 LT 0 MG 0 VD 0 VDP 0 VWD 0 VLOCK 0 VUNLOCK 0 VCLOSE 0 VMAX 0 VLOCKUP 0 VDECR 0 V3SWAP 0 V2SWAP 0 NFC 0 NFB 0 NFS 0 NFPEN 0 NFT 0 TF 0
[SQ] 83051842: MC 0 MPC 0 TR 0 PMINT 0 PBURN 0 PSYNC 0 TC 0 LT 0 MG 0 VD 0 VDP 0 VWD 0 VLOCK 0 VUNLOCK 0 VCLOSE 0 VMAX 0 VLOCKUP 0 VDECR 0 V3SWAP 0 V2SWAP 0 NFC 0 NFB 0 NFS 0 NFPEN 0 NFT 0 TF 0
[SQ] 83051843: MC 0 MPC 0 TR 0 PMINT 0 PBURN 0 PSYNC 0 TC 0 LT 0 MG 0 VD 0 VDP 0 VWD 0 VLOCK 0 VUNLOCK 0 VCLOSE 0 VMAX 0 VLOCKUP 0 VDECR 0 V3SWAP 0 V2SWAP 0 NFC 0 NFB 0 NFS 0 NFPEN 0 NFT 0 TF 0
[SQ] 83051844: MC 0 MPC 0 TR 0 PMINT 0 PBURN 0 PSYNC 0 TC 0 LT 0 MG 0 VD 0 VDP 0 VWD 0 VLOCK 0 VUNLOCK 0 VCLOSE 0 VMAX 0 VLOCKUP 0 VDECR 0 V3SWAP 0 V2SWAP 0 NFC 0 NFB 0 NFS 0 NFPEN 0 NFT 0 TF 0
[SQ] 83051845: MC 0 MPC 0 TR 0 PMINT 0 PBURN 0 PSYNC 0 TC 0 LT 0 MG 0 VD 0 VDP 0 VWD 0 VLOCK 0 VUNLOCK 0 VCLOSE 0 VMAX 0 VLOCKUP 0 VDECR 0 V3SWAP 0 V2SWAP 0 NFC 0 NFB 0 NFS 0 NFPEN 0 NFT 0 TF 0
[SQ] 83051846: MC 0 MPC 0 TR 0 PMINT 0 PBURN 0 PSYNC 0 TC 0 LT 0 MG 0 VD 0 VDP 0 VWD 0 VLOCK 0 VUNLOCK 0 VCLOSE 0 VMAX 0 VLOCKUP 0 VDECR 0 V3SWAP 0 V2SWAP 0 NFC 0 NFB 0 NFS 0 NFPEN 0 NFT 0 TF 2
[SQ] 83051847: MC 0 MPC 0 TR 0 PMINT 0 PBURN 0 PSYNC 0 TC 0 LT 0 MG 0 VD 0 VDP 0 VWD 0 VLOCK 0 VUNLOCK 0 VCLOSE 0 VMAX 0 VLOCKUP 0 VDECR 0 V3SWAP 0 V2SWAP 0 NFC 0 NFB 0 NFS 0 NFPEN 0 NFT 0 TF 0
[SQ] 83051848: MC 0 MPC 0 TR 0 PMINT 0 PBURN 0 PSYNC 0 TC 0 LT 0 MG 0 VD 0 VDP 0 VWD 0 VLOCK 0 VUNLOCK 0 VCLOSE 0 VMAX 0 VLOCKUP 0 VDECR 0 V3SWAP 0 V2SWAP 0 NFC 0 NFB 0 NFS 0 NFPEN 0 NFT 0 TF 1
[SQ] 83051849: MC 0 MPC 0 TR 0 PMINT 0 PBURN 0 PSYNC 0 TC 0 LT 0 MG 0 VD 0 VDP 0 VWD 0 VLOCK 0 VUNLOCK 0 VCLOSE 0 VMAX 0 VLOCKUP 0 VDECR 0 V3SWAP 0 V2SWAP 0 NFC 0 NFB 0 NFS 0 NFPEN 0 NFT 0 TF 0
[SQ] 83051850: MC 0 MPC 0 TR 0 PMINT 0 PBURN 0 PSYNC 0 TC 0 LT 0 MG 0 VD 0 VDP 0 VWD 0 VLOCK 0 VUNLOCK 0 VCLOSE 0 VMAX 0 VLOCKUP 0 VDECR 0 V3SWAP 0 V2SWAP 0 NFC 0 NFB 0 NFS 0 NFPEN 0 NFT 0 TF 0
[SQ] 83051851: MC 0 MPC 0 TR 0 PMINT 0 PBURN 0 PSYNC 0 TC 0 LT 0 MG 0 VD 0 VDP 0 VWD 0 VLOCK 0 VUNLOCK 0 VCLOSE 0 VMAX 0 VLOCKUP 0 VDECR 0 V3SWAP 0 V2SWAP 0 NFC 0 NFB 0 NFS 0 NFPEN 0 NFT 0 TF 0
[SQ] 83051852: MC 0 MPC 0 TR 0 PMINT 0 PBURN 0 PSYNC 0 TC 0 LT 0 MG 0 VD 0 VDP 0 VWD 0 VLOCK 0 VUNLOCK 0 VCLOSE 0 VMAX 0 VLOCKUP 0 VDECR 0 V3SWAP 0 V2SWAP 0 NFC 0 NFB 0 NFS 0 NFPEN 0 NFT 0 TF 0
[SQ] 83051853: MC 0 MPC 0 TR 0 PMINT 0 PBURN 0 PSYNC 0 TC 0 LT 0 MG 0 VD 0 VDP 0 VWD 0 VLOCK 0 VUNLOCK 0 VCLOSE 0 VMAX 0 VLOCKUP 0 VDECR 0 V3SWAP 0 V2SWAP 0 NFC 0 NFB 0 NFS 0 NFPEN 0 NFT 0 TF 6
[SQ] 83051854: MC 0 MPC 0 TR 0 PMINT 0 PBURN 0 PSYNC 0 TC 0 LT 0 MG 0 VD 0 VDP 0 VWD 0 VLOCK 0 VUNLOCK 0 VCLOSE 0 VMAX 0 VLOCKUP 0 VDECR 0 V3SWAP 0 V2SWAP 0 NFC 0 NFB 0 NFS 0 NFPEN 0 NFT 0 TF 0
[SQ] 83051855: MC 0 MPC 0 TR 0 PMINT 0 PBURN 0 PSYNC 0 TC 0 LT 0 MG 0 VD 0 VDP 0 VWD 0 VLOCK 0 VUNLOCK 0 VCLOSE 0 VMAX 0 VLOCKUP 0 VDECR 0 V3SWAP 0 V2SWAP 0 NFC 0 NFB 0 NFS 0 NFPEN 0 NFT 0 TF 6
[SQ] 83051856: MC 0 MPC 0 TR 0 PMINT 0 PBURN 0 PSYNC 0 TC 0 LT 0 MG 0 VD 0 VDP 0 VWD 0 VLOCK 0 VUNLOCK 0 VCLOSE 0 VMAX 0 VLOCKUP 0 VDECR 0 V3SWAP 0 V2SWAP 0 NFC 0 NFB 0 NFS 0 NFPEN 0 NFT 0 TF 0
[SQ] 83051857: MC 0 MPC 0 TR 0 PMINT 0 PBURN 0 PSYNC 0 TC 0 LT 0 MG 0 VD 0 VDP 0 VWD 0 VLOCK 0 VUNLOCK 0 VCLOSE 0 VMAX 0 VLOCKUP 0 VDECR 0 V3SWAP 0 V2SWAP 0 NFC 0 NFB 0 NFS 0 NFPEN 0 NFT 0 TF 2
[SQ] 83051858: MC 0 MPC 0 TR 0 PMINT 0 PBURN 0 PSYNC 0 TC 0 LT 0 MG 0 VD 0 VDP 0 VWD 0 VLOCK 0 VUNLOCK 0 VCLOSE 0 VMAX 0 VLOCKUP 0 VDECR 0 V3SWAP 0 V2SWAP 0 NFC 0 NFB 0 NFS 0 NFPEN 0 NFT 0 TF 0
[SQ] 83051859: MC 0 MPC 0 TR 0 PMINT 0 PBURN 0 PSYNC 0 TC 0 LT 0 MG 0 VD 0 VDP 0 VWD 0 VLOCK 0 VUNLOCK 0 VCLOSE 0 VMAX 0 VLOCKUP 0 VDECR 0 V3SWAP 1 V2SWAP 0 NFC 0 NFB 0 NFS 0 NFPEN 0 NFT 0 TF 5
[SQ] 83051860: MC 0 MPC 0 TR 0 PMINT 0 PBURN 0 PSYNC 0 TC 0 LT 0 MG 0 VD 0 VDP 0 VWD 0 VLOCK 0 VUNLOCK 0 VCLOSE 0 VMAX 0 VLOCKUP 0 VDECR 0 V3SWAP 0 V2SWAP 0 NFC 0 NFB 0 NFS 0 NFPEN 0 NFT 0 TF 0
[SQ] 83051861: MC 0 MPC 0 TR 0 PMINT 0 PBURN 0 PSYNC 0 TC 0 LT 0 MG 0 VD 0 VDP 0 VWD 0 VLOCK 0 VUNLOCK 0 VCLOSE 0 VMAX 0 VLOCKUP 0 VDECR 0 V3SWAP 0 V2SWAP 0 NFC 0 NFB 0 NFS 0 NFPEN 0 NFT 0 TF 2
[SQ] 83051862: MC 0 MPC 0 TR 0 PMINT 0 PBURN 0 PSYNC 0 TC 0 LT 0 MG 0 VD 0 VDP 0 VWD 0 VLOCK 0 VUNLOCK 0 VCLOSE 0 VMAX 0 VLOCKUP 0 VDECR 0 V3SWAP 0 V2SWAP 0 NFC 0 NFB 0 NFS 0 NFPEN 0 NFT 0 TF 0
[SQ] 83051863: MC 0 MPC 0 TR 0 PMINT 0 PBURN 0 PSYNC 0 TC 0 LT 0 MG 0 VD 0 VDP 0 VWD 0 VLOCK 0 VUNLOCK 0 VCLOSE 0 VMAX 0 VLOCKUP 0 VDECR 0 V3SWAP 0 V2SWAP 0 NFC 0 NFB 1 NFS 0 NFPEN 0 NFT 0 TF 3
[SQ] 83051864: MC 0 MPC 0 TR 0 PMINT 0 PBURN 0 PSYNC 0 TC 0 LT 0 MG 0 VD 0 VDP 0 VWD 0 VLOCK 0 VUNLOCK 0 VCLOSE 0 VMAX 0 VLOCKUP 0 VDECR 0 V3SWAP 0 V2SWAP 0 NFC 0 NFB 0 NFS 0 NFPEN 0 NFT 0 TF 0
[SQ] 83051865: MC 0 MPC 0 TR 0 PMINT 0 PBURN 0 PSYNC 0 TC 0 LT 0 MG 0 VD 0 VDP 0 VWD 0 VLOCK 0 VUNLOCK 0 VCLOSE 0 VMAX 0 VLOCKUP 0 VDECR 0 V3SWAP 0 V2SWAP 0 NFC 0 NFB 0 NFS 0 NFPEN 0 NFT 0 TF 1
[SQ] 83051866: MC 0 MPC 0 TR 0 PMINT 0 PBURN 0 PSYNC 0 TC 0 LT 0 MG 0 VD 0 VDP 0 VWD 0 VLOCK 0 VUNLOCK 0 VCLOSE 0 VMAX 0 VLOCKUP 0 VDECR 0 V3SWAP 0 V2SWAP 0 NFC 0 NFB 0 NFS 0 NFPEN 0 NFT 0 TF 0
[SQ] 83051867: MC 0 MPC 0 TR 0 PMINT 0 PBURN 0 PSYNC 0 TC 0 LT 0 MG 0 VD 0 VDP 0 VWD 0 VLOCK 0 VUNLOCK 0 VCLOSE 0 VMAX 0 VLOCKUP 0 VDECR 0 V3SWAP 0 V2SWAP 0 NFC 0 NFB 0 NFS 0 NFPEN 0 NFT 0 TF 0
[SQ] 83051868: MC 0 MPC 0 TR 0 PMINT 0 PBURN 0 PSYNC 0 TC 0 LT 0 MG 0 VD 0 VDP 0 VWD 0 VLOCK 0 VUNLOCK 0 VCLOSE 0 VMAX 0 VLOCKUP 0 VDECR 0 V3SWAP 0 V2SWAP 0 NFC 0 NFB 0 NFS 0 NFPEN 0 NFT 0 TF 0
[SQ] 83051869: MC 0 MPC 0 TR 0 PMINT 0 PBURN 0 PSYNC 0 TC 0 LT 0 MG 0 VD 0 VDP 0 VWD 0 VLOCK 0 VUNLOCK 0 VCLOSE 0 VMAX 0 VLOCKUP 0 VDECR 0 V3SWAP 0 V2SWAP 0 NFC 0 NFB 0 NFS 0 NFPEN 0 NFT 0 TF 0
[SQ] 83051870: MC 0 MPC 0 TR 0 PMINT 0 PBURN 0 PSYNC 0 TC 0 LT 0 MG 0 VD 0 VDP 0 VWD 0 VLOCK 0 VUNLOCK 0 VCLOSE 0 VMAX 0 VLOCKUP 0 VDECR 0 V3SWAP 0 V2SWAP 0 NFC 0 NFB 0 NFS 0 NFPEN 0 NFT 0 TF 0
[SQ] 83051871: MC 0 MPC 0 TR 0 PMINT 0 PBURN 0 PSYNC 0 TC 0 LT 0 MG 0 VD 0 VDP 0 VWD 0 VLOCK 0 VUNLOCK 0 VCLOSE 0 VMAX 0 VLOCKUP 0 VDECR 0 V3SWAP 0 V2SWAP 0 NFC 0 NFB 0 NFS 0 NFPEN 0 NFT 0 TF 0
[SQ] 83051872: MC 0 MPC 0 TR 0 PMINT 0 PBURN 0 PSYNC 0 TC 0 LT 0 MG 0 VD 0 VDP 0 VWD 0 VLOCK 0 VUNLOCK 0 VCLOSE 0 VMAX 0 VLOCKUP 0 VDECR 0 V3SWAP 1 V2SWAP 0 NFC 0 NFB 0 NFS 0 NFPEN 0 NFT 0 TF 3
[SQ] 83051873: MC 0 MPC 0 TR 0 PMINT 0 PBURN 0 PSYNC 0 TC 0 LT 0 MG 0 VD 0 VDP 0 VWD 0 VLOCK 0 VUNLOCK 0 VCLOSE 0 VMAX 0 VLOCKUP 0 VDECR 0 V3SWAP 0 V2SWAP 0 NFC 0 NFB 0 NFS 0 NFPEN 0 NFT 0 TF 2
[SQ] 83051874: MC 0 MPC 0 TR 0 PMINT 0 PBURN 0 PSYNC 0 TC 0 LT 0 MG 0 VD 0 VDP 0 VWD 0 VLOCK 0 VUNLOCK 0 VCLOSE 0 VMAX 0 VLOCKUP 0 VDECR 0 V3SWAP 0 V2SWAP 0 NFC 0 NFB 0 NFS 0 NFPEN 0 NFT 0 TF 0
[SQ] 83051875: MC 0 MPC 0 TR 0 PMINT 0 PBURN 0 PSYNC 0 TC 0 LT 0 MG 0 VD 0 VDP 0 VWD 0 VLOCK 0 VUNLOCK 0 VCLOSE 0 VMAX 0 VLOCKUP 0 VDECR 0 V3SWAP 0 V2SWAP 0 NFC 0 NFB 0 NFS 0 NFPEN 0 NFT 0 TF 0
[SQ] 83051876: MC 0 MPC 0 TR 0 PMINT 0 PBURN 0 PSYNC 0 TC 0 LT 0 MG 0 VD 0 VDP 0 VWD 0 VLOCK 0 VUNLOCK 0 VCLOSE 0 VMAX 0 VLOCKUP 0 VDECR 0 V3SWAP 0 V2SWAP 0 NFC 0 NFB 0 NFS 0 NFPEN 0 NFT 0 TF 4
[SQ] 83051877: MC 0 MPC 0 TR 0 PMINT 0 PBURN 0 PSYNC 0 TC 0 LT 0 MG 0 VD 0 VDP 0 VWD 0 VLOCK 0 VUNLOCK 0 VCLOSE 0 VMAX 0 VLOCKUP 0 VDECR 0 V3SWAP 0 V2SWAP 0 NFC 0 NFB 0 NFS 0 NFPEN 0 NFT 0 TF 0
[SQ] 83051878: MC 0 MPC 0 TR 0 PMINT 0 PBURN 0 PSYNC 0 TC 0 LT 0 MG 0 VD 0 VDP 0 VWD 0 VLOCK 0 VUNLOCK 0 VCLOSE 0 VMAX 0 VLOCKUP 0 VDECR 0 V3SWAP 0 V2SWAP 0 NFC 0 NFB 0 NFS 0 NFPEN 0 NFT 0 TF 0
[SQ] 83051879: MC 0 MPC 0 TR 0 PMINT 0 PBURN 0 PSYNC 0 TC 0 LT 0 MG 0 VD 0 VDP 0 VWD 0 VLOCK 0 VUNLOCK 0 VCLOSE 0 VMAX 0 VLOCKUP 0 VDECR 0 V3SWAP 0 V2SWAP 0 NFC 0 NFB 0 NFS 0 NFPEN 0 NFT 0 TF 0
[SQ] 83051880: MC 0 MPC 0 TR 0 PMINT 0 PBURN 0 PSYNC 0 TC 0 LT 0 MG 0 VD 0 VDP 0 VWD 0 VLOCK 0 VUNLOCK 0 VCLOSE 0 VMAX 0 VLOCKUP 0 VDECR 0 V3SWAP 0 V2SWAP 0 NFC 0 NFB 0 NFS 0 NFPEN 0 NFT 0 TF 2
[SQ] 83051881: MC 0 MPC 0 TR 0 PMINT 0 PBURN 0 PSYNC 0 TC 0 LT 0 MG 0 VD 0 VDP 0 VWD 0 VLOCK 0 VUNLOCK 0 VCLOSE 0 VMAX 0 VLOCKUP 0 VDECR 0 V3SWAP 0 V2SWAP 0 NFC 0 NFB 0 NFS 0 NFPEN 0 NFT 0 TF 0
[SQ] 83051882: MC 0 MPC 0 TR 0 PMINT 0 PBURN 0 PSYNC 0 TC 0 LT 0 MG 0 VD 0 VDP 0 VWD 0 VLOCK 0 VUNLOCK 0 VCLOSE 0 VMAX 0 VLOCKUP 0 VDECR 0 V3SWAP 0 V2SWAP 0 NFC 0 NFB 0 NFS 0 NFPEN 0 NFT 0 TF 0
[SQ] 83051883: MC 0 MPC 0 TR 0 PMINT 0 PBURN 0 PSYNC 0 TC 0 LT 0 MG 0 VD 0 VDP 0 VWD 0 VLOCK 0 VUNLOCK 0 VCLOSE 0 VMAX 0 VLOCKUP 0 VDECR 0 V3SWAP 0 V2SWAP 0 NFC 0 NFB 0 NFS 0 NFPEN 0 NFT 0 TF 0
[SQ] 83051884: MC 0 MPC 0 TR 0 PMINT 0 PBURN 0 PSYNC 0 TC 0 LT 0 MG 0 VD 0 VDP 0 VWD 0 VLOCK 0 VUNLOCK 0 VCLOSE 0 VMAX 0 VLOCKUP 0 VDECR 0 V3SWAP 0 V2SWAP 0 NFC 0 NFB 0 NFS 0 NFPEN 0 NFT 0 TF 0
[SQ] 83051885: MC 0 MPC 0 TR 0 PMINT 0 PBURN 0 PSYNC 0 TC 0 LT 0 MG 0 VD 0 VDP 0 VWD 0 VLOCK 0 VUNLOCK 0 VCLOSE 0 VMAX 0 VLOCKUP 0 VDECR 0 V3SWAP 0 V2SWAP 0 NFC 0 NFB 0 NFS 0 NFPEN 0 NFT 0 TF 0
[SQ] 83051886: MC 0 MPC 0 TR 0 PMINT 0 PBURN 0 PSYNC 0 TC 0 LT 0 MG 0 VD 0 VDP 0 VWD 0 VLOCK 0 VUNLOCK 0 VCLOSE 0 VMAX 0 VLOCKUP 0 VDECR 0 V3SWAP 0 V2SWAP 0 NFC 0 NFB 0 NFS 0 NFPEN 0 NFT 0 TF 0
[SQ] 83051887: MC 0 MPC 0 TR 0 PMINT 0 PBURN 0 PSYNC 0 TC 0 LT 0 MG 0 VD 0 VDP 0 VWD 0 VLOCK 0 VUNLOCK 0 VCLOSE 0 VMAX 0 VLOCKUP 0 VDECR 0 V3SWAP 0 V2SWAP 0 NFC 0 NFB 0 NFS 0 NFPEN 0 NFT 0 TF 2
[SQ] 83051888: MC 0 MPC 0 TR 0 PMINT 0 PBURN 0 PSYNC 0 TC 0 LT 0 MG 0 VD 0 VDP 0 VWD 0 VLOCK 0 VUNLOCK 0 VCLOSE 0 VMAX 0 VLOCKUP 0 VDECR 0 V3SWAP 0 V2SWAP 0 NFC 0 NFB 0 NFS 0 NFPEN 0 NFT 0 TF 0
[SQ] 83051889: MC 0 MPC 0 TR 0 PMINT 0 PBURN 0 PSYNC 0 TC 0 LT 0 MG 0 VD 0 VDP 0 VWD 0 VLOCK 0 VUNLOCK 0 VCLOSE 0 VMAX 0 VLOCKUP 0 VDECR 0 V3SWAP 0 V2SWAP 0 NFC 0 NFB 0 NFS 0 NFPEN 0 NFT 0 TF 0
[SQ] 83051890: MC 0 MPC 0 TR 0 PMINT 0 PBURN 0 PSYNC 0 TC 0 LT 0 MG 0 VD 0 VDP 0 VWD 0 VLOCK 0 VUNLOCK 0 VCLOSE 0 VMAX 0 VLOCKUP 0 VDECR 0 V3SWAP 0 V2SWAP 0 NFC 0 NFB 0 NFS 0 NFPEN 0 NFT 0 TF 2
[SQ] 83051891: MC 0 MPC 0 TR 0 PMINT 0 PBURN 0 PSYNC 0 TC 0 LT 0 MG 0 VD 0 VDP 0 VWD 0 VLOCK 0 VUNLOCK 0 VCLOSE 0 VMAX 0 VLOCKUP 0 VDECR 0 V3SWAP 0 V2SWAP 0 NFC 0 NFB 0 NFS 0 NFPEN 0 NFT 0 TF 0
[SQ] 83051892: MC 0 MPC 0 TR 0 PMINT 0 PBURN 0 PSYNC 0 TC 0 LT 0 MG 0 VD 0 VDP 0 VWD 0 VLOCK 0 VUNLOCK 0 VCLOSE 0 VMAX 0 VLOCKUP 0 VDECR 0 V3SWAP 0 V2SWAP 0 NFC 0 NFB 0 NFS 0 NFPEN 0 NFT 0 TF 0
[SQ] 83051893: MC 0 MPC 0 TR 0 PMINT 0 PBURN 0 PSYNC 0 TC 0 LT 0 MG 0 VD 0 VDP 0 VWD 0 VLOCK 0 VUNLOCK 0 VCLOSE 0 VMAX 0 VLOCKUP 0 VDECR 0 V3SWAP 0 V2SWAP 0 NFC 0 NFB 0 NFS 0 NFPEN 0 NFT 0 TF 1
[SQ] 83051894: MC 0 MPC 0 TR 0 PMINT 0 PBURN 0 PSYNC 0 TC 0 LT 0 MG 0 VD 0 VDP 0 VWD 0 VLOCK 0 VUNLOCK 0 VCLOSE 0 VMAX 0 VLOCKUP 0 VDECR 0 V3SWAP 0 V2SWAP 0 NFC 0 NFB 0 NFS 0 NFPEN 0 NFT 0 TF 0
[SQ] 83051895: MC 0 MPC 0 TR 0 PMINT 0 PBURN 0 PSYNC 0 TC 0 LT 0 MG 0 VD 0 VDP 0 VWD 0 VLOCK 0 VUNLOCK 0 VCLOSE 0 VMAX 0 VLOCKUP 0 VDECR 0 V3SWAP 0 V2SWAP 0 NFC 0 NFB 0 NFS 0 NFPEN 0 NFT 0 TF 0
[SQ] 83051896: MC 0 MPC 0 TR 0 PMINT 0 PBURN 0 PSYNC 0 TC 0 LT 0 MG 0 VD 0 VDP 0 VWD 0 VLOCK 0 VUNLOCK 0 VCLOSE 0 VMAX 0 VLOCKUP 0 VDECR 0 V3SWAP 1 V2SWAP 0 NFC 0 NFB 0 NFS 0 NFPEN 0 NFT 0 TF 3
[SQ] 83051897: MC 0 MPC 0 TR 0 PMINT 0 PBURN 0 PSYNC 0 TC 0 LT 0 MG 0 VD 0 VDP 0 VWD 0 VLOCK 0 VUNLOCK 0 VCLOSE 0 VMAX 0 VLOCKUP 0 VDECR 0 V3SWAP 0 V2SWAP 0 NFC 0 NFB 0 NFS 0 NFPEN 0 NFT 0 TF 0
[SQ] 83051898: MC 0 MPC 0 TR 0 PMINT 0 PBURN 0 PSYNC 0 TC 0 LT 0 MG 0 VD 0 VDP 0 VWD 0 VLOCK 0 VUNLOCK 0 VCLOSE 0 VMAX 0 VLOCKUP 0 VDECR 0 V3SWAP 0 V2SWAP 0 NFC 0 NFB 0 NFS 0 NFPEN 0 NFT 0 TF 0
[SQ] 83051899: MC 0 MPC 0 TR 0 PMINT 0 PBURN 0 PSYNC 0 TC 0 LT 0 MG 0 VD 0 VDP 0 VWD 0 VLOCK 0 VUNLOCK 0 VCLOSE 0 VMAX 0 VLOCKUP 0 VDECR 0 V3SWAP 0 V2SWAP 0 NFC 0 NFB 0 NFS 0 NFPEN 0 NFT 0 TF 0
[SQ] 83051900: MC 0 MPC 0 TR 0 PMINT 0 PBURN 0 PSYNC 0 TC 0 LT 0 MG 0 VD 0 VDP 0 VWD 0 VLOCK 0 VUNLOCK 0 VCLOSE 0 VMAX 0 VLOCKUP 0 VDECR 0 V3SWAP 0 V2SWAP 0 NFC 0 NFB 0 NFS 0 NFPEN 0 NFT 0 TF 0
[SQ] 83051901: MC 0 MPC 0 TR 0 PMINT 0 PBURN 0 PSYNC 0 TC 0 LT 0 MG 0 VD 0 VDP 0 VWD 0 VLOCK 0 VUNLOCK 0 VCLOSE 0 VMAX 0 VLOCKUP 0 VDECR 0 V3SWAP 0 V2SWAP 0 NFC 0 NFB 0 NFS 0 NFPEN 0 NFT 0 TF 0
[SQ] 83051902: MC 0 MPC 0 TR 0 PMINT 0 PBURN 0 PSYNC 0 TC 0 LT 0 MG 0 VD 0 VDP 0 VWD 0 VLOCK 0 VUNLOCK 0 VCLOSE 0 VMAX 0 VLOCKUP 0 VDECR 0 V3SWAP 0 V2SWAP 0 NFC 0 NFB 0 NFS 0 NFPEN 0 NFT 0 TF 0
[SQ] 83051903: MC 0 MPC 0 TR 0 PMINT 0 PBURN 0 PSYNC 0 TC 0 LT 0 MG 0 VD 0 VDP 0 VWD 0 VLOCK 0 VUNLOCK 0 VCLOSE 0 VMAX 0 VLOCKUP 0 VDECR 0 V3SWAP 0 V2SWAP 0 NFC 0 NFB 0 NFS 0 NFPEN 0 NFT 0 TF 0
[SQ] 83051904: MC 0 MPC 0 TR 0 PMINT 0 PBURN 0 PSYNC 0 TC 0 LT 0 MG 0 VD 0 VDP 0 VWD 0 VLOCK 0 VUNLOCK 0 VCLOSE 0 VMAX 0 VLOCKUP 0 VDECR 0 V3SWAP 0 V2SWAP 0 NFC 0 NFB 0 NFS 0 NFPEN 0 NFT 0 TF 0
[SQ] 83051905: MC 0 MPC 0 TR 0 PMINT 0 PBURN 0 PSYNC 0 TC 0 LT 0 MG 0 VD 0 VDP 0 VWD 0 VLOCK 0 VUNLOCK 0 VCLOSE 0 VMAX 0 VLOCKUP 0 VDECR 0 V3SWAP 0 V2SWAP 0 NFC 0 NFB 0 NFS 0 NFPEN 0 NFT 0 TF 0
[SQ] 83051906: MC 0 MPC 0 TR 0 PMINT 0 PBURN 0 PSYNC 0 TC 0 LT 0 MG 0 VD 0 VDP 0 VWD 0 VLOCK 0 VUNLOCK 0 VCLOSE 0 VMAX 0 VLOCKUP 0 VDECR 0 V3SWAP 0 V2SWAP 0 NFC 0 NFB 0 NFS 0 NFPEN 0 NFT 0 TF 0
[SQ] 83051907: MC 0 MPC 0 TR 0 PMINT 0 PBURN 0 PSYNC 0 TC 0 LT 0 MG 0 VD 0 VDP 0 VWD 0 VLOCK 0 VUNLOCK 0 VCLOSE 0 VMAX 0 VLOCKUP 0 VDECR 0 V3SWAP 0 V2SWAP 0 NFC 0 NFB 0 NFS 0 NFPEN 0 NFT 0 TF 0
[SQ] 83051908: MC 0 MPC 0 TR 0 PMINT 0 PBURN 0 PSYNC 0 TC 0 LT 0 MG 0 VD 0 VDP 0 VWD 0 VLOCK 0 VUNLOCK 0 VCLOSE 0 VMAX 0 VLOCKUP 0 VDECR 0 V3SWAP 0 V2SWAP 0 NFC 0 NFB 0 NFS 0 NFPEN 0 NFT 0 TF 0
[SQ] 83051909: MC 0 MPC 0 TR 0 PMINT 0 PBURN 0 PSYNC 0 TC 0 LT 0 MG 0 VD 0 VDP 0 VWD 0 VLOCK 0 VUNLOCK 0 VCLOSE 0 VMAX 0 VLOCKUP 0 VDECR 0 V3SWAP 1 V2SWAP 0 NFC 0 NFB 0 NFS 0 NFPEN 0 NFT 0 TF 3
[SQ] 83051910: MC 0 MPC 0 TR 0 PMINT 0 PBURN 0 PSYNC 0 TC 0 LT 0 MG 0 VD 0 VDP 0 VWD 0 VLOCK 0 VUNLOCK 0 VCLOSE 0 VMAX 0 VLOCKUP 0 VDECR 0 V3SWAP 0 V2SWAP 0 NFC 0 NFB 0 NFS 0 NFPEN 0 NFT 0 TF 0
[SQ] 83051911: MC 0 MPC 0 TR 0 PMINT 0 PBURN 0 PSYNC 0 TC 0 LT 0 MG 0 VD 0 VDP 0 VWD 0 VLOCK 0 VUNLOCK 0 VCLOSE 0 VMAX 0 VLOCKUP 0 VDECR 0 V3SWAP 0 V2SWAP 0 NFC 0 NFB 0 NFS 0 NFPEN 0 NFT 0 TF 0
[SQ] 83051912: MC 0 MPC 0 TR 0 PMINT 0 PBURN 0 PSYNC 0 TC 0 LT 0 MG 0 VD 0 VDP 0 VWD 0 VLOCK 0 VUNLOCK 0 VCLOSE 0 VMAX 0 VLOCKUP 0 VDECR 0 V3SWAP 0 V2SWAP 0 NFC 0 NFB 0 NFS 0 NFPEN 0 NFT 0 TF 0
[SQ] 83051913: MC 0 MPC 0 TR 0 PMINT 0 PBURN 0 PSYNC 0 TC 0 LT 0 MG 0 VD 0 VDP 0 VWD 0 VLOCK 0 VUNLOCK 0 VCLOSE 0 VMAX 0 VLOCKUP 0 VDECR 0 V3SWAP 0 V2SWAP 0 NFC 0 NFB 0 NFS 0 NFPEN 0 NFT 0 TF 6
[SQ] 83051914: MC 0 MPC 0 TR 0 PMINT 0 PBURN 0 PSYNC 0 TC 0 LT 0 MG 0 VD 0 VDP 0 VWD 0 VLOCK 0 VUNLOCK 0 VCLOSE 0 VMAX 0 VLOCKUP 0 VDECR 0 V3SWAP 0 V2SWAP 0 NFC 0 NFB 0 NFS 0 NFPEN 0 NFT 0 TF 0
[SQ] 83051915: MC 0 MPC 0 TR 0 PMINT 0 PBURN 0 PSYNC 0 TC 0 LT 0 MG 0 VD 0 VDP 0 VWD 0 VLOCK 0 VUNLOCK 0 VCLOSE 0 VMAX 0 VLOCKUP 0 VDECR 0 V3SWAP 0 V2SWAP 0 NFC 0 NFB 0 NFS 0 NFPEN 0 NFT 0 TF 0
[SQ] 83051916: MC 0 MPC 0 TR 0 PMINT 0 PBURN 0 PSYNC 0 TC 0 LT 0 MG 0 VD 0 VDP 0 VWD 0 VLOCK 0 VUNLOCK 0 VCLOSE 0 VMAX 0 VLOCKUP 0 VDECR 0 V3SWAP 0 V2SWAP 0 NFC 0 NFB 0 NFS 0 NFPEN 0 NFT 0 TF 0
[SQ] 83051917: MC 0 MPC 0 TR 0 PMINT 0 PBURN 0 PSYNC 0 TC 0 LT 0 MG 0 VD 0 VDP 0 VWD 0 VLOCK 0 VUNLOCK 0 VCLOSE 0 VMAX 0 VLOCKUP 0 VDECR 0 V3SWAP 0 V2SWAP 0 NFC 0 NFB 0 NFS 0 NFPEN 0 NFT 0 TF 0
[SQ] 83051918: MC 0 MPC 0 TR 0 PMINT 0 PBURN 0 PSYNC 0 TC 0 LT 0 MG 0 VD 0 VDP 0 VWD 0 VLOCK 0 VUNLOCK 0 VCLOSE 0 VMAX 0 VLOCKUP 0 VDECR 0 V3SWAP 0 V2SWAP 0 NFC 0 NFB 0 NFS 0 NFPEN 0 NFT 0 TF 0
[SQ] 83051919: MC 0 MPC 0 TR 0 PMINT 0 PBURN 0 PSYNC 0 TC 0 LT 0 MG 0 VD 0 VDP 0 VWD 0 VLOCK 0 VUNLOCK 0 VCLOSE 0 VMAX 0 VLOCKUP 0 VDECR 0 V3SWAP 1 V2SWAP 0 NFC 0 NFB 0 NFS 0 NFPEN 0 NFT 0 TF 25
[SQ] 83051920: MC 0 MPC 0 TR 0 PMINT 0 PBURN 0 PSYNC 0 TC 0 LT 0 MG 0 VD 0 VDP 0 VWD 0 VLOCK 0 VUNLOCK 0 VCLOSE 0 VMAX 0 VLOCKUP 0 VDECR 0 V3SWAP 0 V2SWAP 0 NFC 0 NFB 0 NFS 0 NFPEN 0 NFT 0 TF 0
[SQ] 83051921: MC 0 MPC 0 TR 0 PMINT 0 PBURN 0 PSYNC 0 TC 0 LT 0 MG 0 VD 0 VDP 0 VWD 0 VLOCK 0 VUNLOCK 0 VCLOSE 0 VMAX 0 VLOCKUP 0 VDECR 0 V3SWAP 0 V2SWAP 0 NFC 0 NFB 0 NFS 0 NFPEN 0 NFT 0 TF 0
[SQ] 83051922: MC 0 MPC 0 TR 0 PMINT 0 PBURN 0 PSYNC 0 TC 0 LT 0 MG 0 VD 0 VDP 0 VWD 0 VLOCK 0 VUNLOCK 0 VCLOSE 0 VMAX 0 VLOCKUP 0 VDECR 0 V3SWAP 0 V2SWAP 0 NFC 0 NFB 0 NFS 0 NFPEN 0 NFT 0 TF 6
[SQ] 83051923: MC 0 MPC 0 TR 0 PMINT 0 PBURN 0 PSYNC 0 TC 0 LT 0 MG 0 VD 0 VDP 0 VWD 0 VLOCK 0 VUNLOCK 0 VCLOSE 0 VMAX 0 VLOCKUP 0 VDECR 0 V3SWAP 0 V2SWAP 0 NFC 0 NFB 0 NFS 0 NFPEN 0 NFT 0 TF 0
[SQ] 83051924: MC 0 MPC 0 TR 0 PMINT 0 PBURN 0 PSYNC 0 TC 0 LT 0 MG 0 VD 0 VDP 0 VWD 0 VLOCK 0 VUNLOCK 0 VCLOSE 0 VMAX 0 VLOCKUP 0 VDECR 0 V3SWAP 0 V2SWAP 0 NFC 0 NFB 0 NFS 0 NFPEN 0 NFT 0 TF 0
[SQ] 83051925: MC 0 MPC 0 TR 0 PMINT 0 PBURN 0 PSYNC 0 TC 0 LT 0 MG 0 VD 0 VDP 0 VWD 0 VLOCK 0 VUNLOCK 0 VCLOSE 0 VMAX 0 VLOCKUP 0 VDECR 0 V3SWAP 1 V2SWAP 0 NFC 0 NFB 0 NFS 0 NFPEN 0 NFT 0 TF 3
[SQ] 83051926: MC 0 MPC 0 TR 0 PMINT 0 PBURN 0 PSYNC 0 TC 0 LT 0 MG 0 VD 0 VDP 0 VWD 0 VLOCK 0 VUNLOCK 0 VCLOSE 0 VMAX 0 VLOCKUP 0 VDECR 0 V3SWAP 0 V2SWAP 0 NFC 0 NFB 0 NFS 0 NFPEN 0 NFT 0 TF 0
[SQ] 83051927: MC 0 MPC 0 TR 0 PMINT 0 PBURN 0 PSYNC 0 TC 0 LT 0 MG 0 VD 0 VDP 0 VWD 0 VLOCK 0 VUNLOCK 0 VCLOSE 0 VMAX 0 VLOCKUP 0 VDECR 0 V3SWAP 0 V2SWAP 0 NFC 0 NFB 0 NFS 0 NFPEN 0 NFT 0 TF 0
[SQ] 83051928: MC 0 MPC 0 TR 0 PMINT 0 PBURN 0 PSYNC 0 TC 0 LT 0 MG 0 VD 0 VDP 0 VWD 0 VLOCK 0 VUNLOCK 0 VCLOSE 0 VMAX 0 VLOCKUP 0 VDECR 0 V3SWAP 0 V2SWAP 0 NFC 0 NFB 0 NFS 0 NFPEN 0 NFT 0 TF 0
[SQ] 83051929: MC 0 MPC 0 TR 0 PMINT 0 PBURN 0 PSYNC 0 TC 0 LT 0 MG 0 VD 0 VDP 0 VWD 0 VLOCK 0 VUNLOCK 0 VCLOSE 0 VMAX 0 VLOCKUP 0 VDECR 0 V3SWAP 0 V2SWAP 0 NFC 0 NFB 0 NFS 0 NFPEN 0 NFT 0 TF 0
[SQ] 83051930: MC 0 MPC 0 TR 0 PMINT 0 PBURN 0 PSYNC 0 TC 0 LT 0 MG 0 VD 0 VDP 0 VWD 0 VLOCK 0 VUNLOCK 0 VCLOSE 0 VMAX 0 VLOCKUP 0 VDECR 0 V3SWAP 0 V2SWAP 0 NFC 0 NFB 0 NFS 0 NFPEN 0 NFT 0 TF 0
[SQ] 83051931: MC 0 MPC 0 TR 0 PMINT 0 PBURN 0 PSYNC 0 TC 0 LT 0 MG 0 VD 0 VDP 0 VWD 0 VLOCK 0 VUNLOCK 0 VCLOSE 0 VMAX 0 VLOCKUP 0 VDECR 0 V3SWAP 0 V2SWAP 0 NFC 0 NFB 0 NFS 0 NFPEN 0 NFT 0 TF 0
[SQ] 83051932: MC 0 MPC 0 TR 0 PMINT 0 PBURN 0 PSYNC 0 TC 0 LT 0 MG 0 VD 0 VDP 0 VWD 0 VLOCK 0 VUNLOCK 0 VCLOSE 0 VMAX 0 VLOCKUP 0 VDECR 0 V3SWAP 0 V2SWAP 0 NFC 0 NFB 0 NFS 0 NFPEN 0 NFT 0 TF 0
[SQ] 83051933: MC 0 MPC 0 TR 0 PMINT 0 PBURN 0 PSYNC 0 TC 0 LT 0 MG 0 VD 0 VDP 0 VWD 0 VLOCK 0 VUNLOCK 0 VCLOSE 0 VMAX 0 VLOCKUP 0 VDECR 0 V3SWAP 0 V2SWAP 0 NFC 0 NFB 0 NFS 0 NFPEN 0 NFT 0 TF 2
[SQ] 83051934: MC 0 MPC 0 TR 0 PMINT 0 PBURN 0 PSYNC 0 TC 0 LT 0 MG 0 VD 0 VDP 0 VWD 0 VLOCK 0 VUNLOCK 0 VCLOSE 0 VMAX 0 VLOCKUP 0 VDECR 0 V3SWAP 1 V2SWAP 0 NFC 0 NFB 0 NFS 0 NFPEN 0 NFT 0 TF 4
[SQ] 83051935: MC 0 MPC 0 TR 0 PMINT 0 PBURN 0 PSYNC 0 TC 0 LT 0 MG 0 VD 0 VDP 0 VWD 0 VLOCK 0 VUNLOCK 0 VCLOSE 0 VMAX 0 VLOCKUP 0 VDECR 0 V3SWAP 0 V2SWAP 0 NFC 0 NFB 0 NFS 0 NFPEN 0 NFT 0 TF 0
[SQ] 83051936: MC 0 MPC 0 TR 0 PMINT 0 PBURN 0 PSYNC 0 TC 0 LT 0 MG 0 VD 0 VDP 0 VWD 0 VLOCK 0 VUNLOCK 0 VCLOSE 0 VMAX 0 VLOCKUP 0 VDECR 0 V3SWAP 0 V2SWAP 0 NFC 0 NFB 0 NFS 0 NFPEN 0 NFT 0 TF 6
[SQ] 83051937: MC 0 MPC 0 TR 0 PMINT 0 PBURN 0 PSYNC 0 TC 0 LT 0 MG 0 VD 0 VDP 0 VWD 0 VLOCK 0 VUNLOCK 0 VCLOSE 0 VMAX 0 VLOCKUP 0 VDECR 0 V3SWAP 0 V2SWAP 0 NFC 0 NFB 0 NFS 0 NFPEN 0 NFT 0 TF 0
[SQ] 83051938: MC 0 MPC 0 TR 0 PMINT 0 PBURN 0 PSYNC 0 TC 0 LT 0 MG 0 VD 0 VDP 0 VWD 0 VLOCK 0 VUNLOCK 0 VCLOSE 0 VMAX 0 VLOCKUP 0 VDECR 0 V3SWAP 0 V2SWAP 0 NFC 0 NFB 0 NFS 0 NFPEN 0 NFT 0 TF 2
[SQ] 83051939: MC 0 MPC 0 TR 0 PMINT 0 PBURN 0 PSYNC 0 TC 0 LT 0 MG 0 VD 0 VDP 0 VWD 0 VLOCK 0 VUNLOCK 0 VCLOSE 0 VMAX 0 VLOCKUP 0 VDECR 0 V3SWAP 0 V2SWAP 0 NFC 0 NFB 0 NFS 0 NFPEN 0 NFT 0 TF 0
[SQ] 83051940: MC 0 MPC 0 TR 0 PMINT 0 PBURN 0 PSYNC 0 TC 0 LT 0 MG 0 VD 0 VDP 0 VWD 0 VLOCK 0 VUNLOCK 0 VCLOSE 0 VMAX 0 VLOCKUP 0 VDECR 0 V3SWAP 0 V2SWAP 0 NFC 0 NFB 0 NFS 0 NFPEN 0 NFT 0 TF 0
[SQ] 83051941: MC 0 MPC 0 TR 0 PMINT 0 PBURN 0 PSYNC 0 TC 0 LT 0 MG 0 VD 0 VDP 0 VWD 0 VLOCK 0 VUNLOCK 0 VCLOSE 0 VMAX 0 VLOCKUP 0 VDECR 0 V3SWAP 0 V2SWAP 0 NFC 0 NFB 0 NFS 0 NFPEN 0 NFT 0 TF 0
[SQ] 83051942: MC 0 MPC 0 TR 0 PMINT 0 PBURN 0 PSYNC 0 TC 0 LT 0 MG 0 VD 0 VDP 0 VWD 0 VLOCK 0 VUNLOCK 0 VCLOSE 0 VMAX 0 VLOCKUP 0 VDECR 0 V3SWAP 0 V2SWAP 0 NFC 0 NFB 0 NFS 0 NFPEN 0 NFT 0 TF 2
[SQ] 83051943: MC 0 MPC 0 TR 0 PMINT 0 PBURN 0 PSYNC 0 TC 0 LT 0 MG 0 VD 0 VDP 0 VWD 0 VLOCK 0 VUNLOCK 0 VCLOSE 0 VMAX 0 VLOCKUP 0 VDECR 0 V3SWAP 0 V2SWAP 0 NFC 0 NFB 0 NFS 0 NFPEN 0 NFT 0 TF 0
[SQ] 83051944: MC 0 MPC 0 TR 0 PMINT 0 PBURN 0 PSYNC 0 TC 0 LT 0 MG 0 VD 0 VDP 0 VWD 0 VLOCK 0 VUNLOCK 0 VCLOSE 0 VMAX 0 VLOCKUP 0 VDECR 0 V3SWAP 0 V2SWAP 0 NFC 0 NFB 0 NFS 0 NFPEN 0 NFT 0 TF 0
[SQ] 83051945: MC 0 MPC 0 TR 0 PMINT 0 PBURN 0 PSYNC 0 TC 0 LT 0 MG 0 VD 0 VDP 0 VWD 0 VLOCK 0 VUNLOCK 0 VCLOSE 0 VMAX 0 VLOCKUP 0 VDECR 0 V3SWAP 0 V2SWAP 0 NFC 0 NFB 0 NFS 0 NFPEN 0 NFT 0 TF 2
[SQ] 83051946: MC 0 MPC 0 TR 0 PMINT 0 PBURN 0 PSYNC 0 TC 0 LT 0 MG 0 VD 0 VDP 0 VWD 0 VLOCK 0 VUNLOCK 0 VCLOSE 0 VMAX 0 VLOCKUP 0 VDECR 0 V3SWAP 0 V2SWAP 0 NFC 0 NFB 0 NFS 0 NFPEN 0 NFT 0 TF 0
[SQ] 83051947: MC 0 MPC 0 TR 0 PMINT 0 PBURN 0 PSYNC 0 TC 0 LT 0 MG 0 VD 0 VDP 0 VWD 0 VLOCK 0 VUNLOCK 0 VCLOSE 0 VMAX 0 VLOCKUP 0 VDECR 0 V3SWAP 1 V2SWAP 0 NFC 0 NFB 0 NFS 0 NFPEN 0 NFT 0 TF 3
[SQ] 83051948: MC 0 MPC 0 TR 0 PMINT 0 PBURN 0 PSYNC 0 TC 0 LT 0 MG 0 VD 0 VDP 0 VWD 0 VLOCK 0 VUNLOCK 0 VCLOSE 0 VMAX 0 VLOCKUP 0 VDECR 0 V3SWAP 0 V2SWAP 0 NFC 0 NFB 0 NFS 0 NFPEN 0 NFT 0 TF 0
[SQ] 83051949: MC 0 MPC 0 TR 0 PMINT 0 PBURN 0 PSYNC 0 TC 0 LT 0 MG 0 VD 0 VDP 0 VWD 0 VLOCK 0 VUNLOCK 0 VCLOSE 0 VMAX 0 VLOCKUP 0 VDECR 0 V3SWAP 0 V2SWAP 0 NFC 0 NFB 0 NFS 0 NFPEN 0 NFT 0 TF 0
[SQ] 83051950: MC 0 MPC 0 TR 0 PMINT 0 PBURN 0 PSYNC 0 TC 0 LT 0 MG 0 VD 0 VDP 0 VWD 0 VLOCK 0 VUNLOCK 0 VCLOSE 0 VMAX 0 VLOCKUP 0 VDECR 0 V3SWAP 0 V2SWAP 0 NFC 0 NFB 0 NFS 0 NFPEN 0 NFT 0 TF 0
[SQ] 83051951: MC 0 MPC 0 TR 0 PMINT 0 PBURN 0 PSYNC 0 TC 0 LT 0 MG 0 VD 0 VDP 0 VWD 0 VLOCK 0 VUNLOCK 0 VCLOSE 0 VMAX 0 VLOCKUP 0 VDECR 0 V3SWAP 0 V2SWAP 0 NFC 0 NFB 0 NFS 0 NFPEN 0 NFT 0 TF 0
[SQ] 83051952: MC 0 MPC 0 TR 0 PMINT 0 PBURN 0 PSYNC 0 TC 0 LT 0 MG 0 VD 0 VDP 0 VWD 0 VLOCK 0 VUNLOCK 0 VCLOSE 0 VMAX 0 VLOCKUP 0 VDECR 0 V3SWAP 0 V2SWAP 0 NFC 0 NFB 0 NFS 0 NFPEN 0 NFT 0 TF 0
[SQ] 83051953: MC 0 MPC 0 TR 0 PMINT 0 PBURN 0 PSYNC 0 TC 0 LT 0 MG 0 VD 0 VDP 0 VWD 0 VLOCK 0 VUNLOCK 0 VCLOSE 0 VMAX 0 VLOCKUP 0 VDECR 0 V3SWAP 0 V2SWAP 0 NFC 0 NFB 0 NFS 0 NFPEN 0 NFT 0 TF 0
[SQ] 83051954: MC 0 MPC 0 TR 0 PMINT 0 PBURN 0 PSYNC 0 TC 0 LT 0 MG 0 VD 0 VDP 0 VWD 0 VLOCK 0 VUNLOCK 0 VCLOSE 0 VMAX 0 VLOCKUP 0 VDECR 0 V3SWAP 0 V2SWAP 0 NFC 0 NFB 0 NFS 0 NFPEN 0 NFT 0 TF 2
[SQ] 83051955: MC 0 MPC 0 TR 0 PMINT 0 PBURN 0 PSYNC 0 TC 0 LT 0 MG 0 VD 0 VDP 0 VWD 0 VLOCK 0 VUNLOCK 0 VCLOSE 0 VMAX 0 VLOCKUP 0 VDECR 0 V3SWAP 0 V2SWAP 0 NFC 0 NFB 0 NFS 0 NFPEN 0 NFT 0 TF 0
[SQ] 83051956: MC 0 MPC 0 TR 0 PMINT 0 PBURN 0 PSYNC 0 TC 0 LT 0 MG 0 VD 0 VDP 0 VWD 0 VLOCK 0 VUNLOCK 0 VCLOSE 0 VMAX 0 VLOCKUP 0 VDECR 0 V3SWAP 0 V2SWAP 0 NFC 0 NFB 0 NFS 0 NFPEN 0 NFT 0 TF 0
[SQ] 83051957: MC 0 MPC 0 TR 0 PMINT 0 PBURN 0 PSYNC 0 TC 0 LT 0 MG 0 VD 0 VDP 0 VWD 0 VLOCK 0 VUNLOCK 0 VCLOSE 0 VMAX 0 VLOCKUP 0 VDECR 0 V3SWAP 0 V2SWAP 0 NFC 0 NFB 0 NFS 0 NFPEN 0 NFT 0 TF 0
[SQ] 83051958: MC 0 MPC 0 TR 0 PMINT 0 PBURN 0 PSYNC 0 TC 0 LT 0 MG 0 VD 0 VDP 0 VWD 0 VLOCK 0 VUNLOCK 0 VCLOSE 0 VMAX 0 VLOCKUP 0 VDECR 0 V3SWAP 0 V2SWAP 0 NFC 0 NFB 0 NFS 0 NFPEN 0 NFT 0 TF 0
[SQ] 83051959: MC 0 MPC 0 TR 0 PMINT 0 PBURN 0 PSYNC 0 TC 0 LT 0 MG 0 VD 0 VDP 0 VWD 0 VLOCK 0 VUNLOCK 0 VCLOSE 0 VMAX 0 VLOCKUP 0 VDECR 0 V3SWAP 0 V2SWAP 0 NFC 0 NFB 0 NFS 0 NFPEN 0 NFT 0 TF 0
[SQ] 83051960: MC 0 MPC 0 TR 0 PMINT 0 PBURN 0 PSYNC 0 TC 0 LT 0 MG 0 VD 0 VDP 0 VWD 0 VLOCK 0 VUNLOCK 0 VCLOSE 0 VMAX 0 VLOCKUP 0 VDECR 0 V3SWAP 0 V2SWAP 0 NFC 0 NFB 0 NFS 0 NFPEN 0 NFT 0 TF 0
[SQ] 83051961: MC 0 MPC 0 TR 0 PMINT 0 PBURN 0 PSYNC 0 TC 0 LT 0 MG 0 VD 0 VDP 0 VWD 0 VLOCK 0 VUNLOCK 0 VCLOSE 0 VMAX 0 VLOCKUP 0 VDECR 0 V3SWAP 0 V2SWAP 0 NFC 0 NFB 0 NFS 0 NFPEN 0 NFT 0 TF 2
[SQ] 83051962: MC 0 MPC 0 TR 0 PMINT 0 PBURN 0 PSYNC 0 TC 0 LT 0 MG 0 VD 0 VDP 0 VWD 0 VLOCK 0 VUNLOCK 0 VCLOSE 0 VMAX 0 VLOCKUP 0 VDECR 0 V3SWAP 0 V2SWAP 0 NFC 0 NFB 0 NFS 0 NFPEN 0 NFT 0 TF 0
[SQ] 83051963: MC 0 MPC 0 TR 0 PMINT 0 PBURN 0 PSYNC 0 TC 0 LT 0 MG 0 VD 0 VDP 0 VWD 0 VLOCK 0 VUNLOCK 0 VCLOSE 0 VMAX 0 VLOCKUP 0 VDECR 0 V3SWAP 0 V2SWAP 0 NFC 0 NFB 0 NFS 0 NFPEN 0 NFT 0 TF 0
[SQ] 83051964: MC 0 MPC 0 TR 0 PMINT 0 PBURN 0 PSYNC 0 TC 0 LT 0 MG 0 VD 0 VDP 0 VWD 0 VLOCK 0 VUNLOCK 0 VCLOSE 0 VMAX 0 VLOCKUP 0 VDECR 0 V3SWAP 0 V2SWAP 0 NFC 0 NFB 0 NFS 0 NFPEN 0 NFT 0 TF 0
[SQ] 83051965: MC 0 MPC 0 TR 0 PMINT 0 PBURN 0 PSYNC 0 TC 0 LT 0 MG 0 VD 0 VDP 0 VWD 0 VLOCK 0 VUNLOCK 0 VCLOSE 0 VMAX 0 VLOCKUP 0 VDECR 0 V3SWAP 0 V2SWAP 0 NFC 0 NFB 0 NFS 0 NFPEN 0 NFT 0 TF 0
[SQ] 83051966: MC 0 MPC 0 TR 0 PMINT 0 PBURN 0 PSYNC 0 TC 0 LT 0 MG 0 VD 0 VDP 0 VWD 0 VLOCK 0 VUNLOCK 0 VCLOSE 0 VMAX 0 VLOCKUP 0 VDECR 0 V3SWAP 0 V2SWAP 0 NFC 0 NFB 0 NFS 0 NFPEN 0 NFT 0 TF 0
[SQ] 83051967: MC 0 MPC 0 TR 0 PMINT 0 PBURN 0 PSYNC 0 TC 0 LT 0 MG 0 VD 0 VDP 0 VWD 0 VLOCK 0 VUNLOCK 0 VCLOSE 0 VMAX 0 VLOCKUP 0 VDECR 0 V3SWAP 0 V2SWAP 0 NFC 0 NFB 0 NFS 0 NFPEN 0 NFT 0 TF 0
[SQ] 83051968: MC 0 MPC 0 TR 0 PMINT 0 PBURN 0 PSYNC 0 TC 0 LT 0 MG 0 VD 0 VDP 0 VWD 0 VLOCK 0 VUNLOCK 0 VCLOSE 0 VMAX 0 VLOCKUP 0 VDECR 0 V3SWAP 0 V2SWAP 0 NFC 0 NFB 0 NFS 0 NFPEN 0 NFT 0 TF 0
[SQ] 83051969: MC 0 MPC 0 TR 0 PMINT 0 PBURN 0 PSYNC 0 TC 0 LT 0 MG 0 VD 0 VDP 0 VWD 0 VLOCK 0 VUNLOCK 0 VCLOSE 0 VMAX 0 VLOCKUP 0 VDECR 0 V3SWAP 0 V2SWAP 0 NFC 0 NFB 0 NFS 0 NFPEN 0 NFT 0 TF 0
[SQ] 83051970: MC 0 MPC 0 TR 0 PMINT 0 PBURN 0 PSYNC 0 TC 0 LT 0 MG 0 VD 0 VDP 0 VWD 0 VLOCK 0 VUNLOCK 0 VCLOSE 0 VMAX 0 VLOCKUP 0 VDECR 0 V3SWAP 0 V2SWAP 0 NFC 0 NFB 0 NFS 0 NFPEN 0 NFT 0 TF 1
[SQ] 83051971: MC 0 MPC 0 TR 0 PMINT 0 PBURN 0 PSYNC 0 TC 0 LT 0 MG 0 VD 0 VDP 0 VWD 0 VLOCK 0 VUNLOCK 0 VCLOSE 0 VMAX 0 VLOCKUP 0 VDECR 0 V3SWAP 1 V2SWAP 0 NFC 0 NFB 0 NFS 0 NFPEN 0 NFT 0 TF 3
[SQ] 83051972: MC 0 MPC 0 TR 0 PMINT 0 PBURN 0 PSYNC 0 TC 0 LT 0 MG 0 VD 0 VDP 0 VWD 0 VLOCK 0 VUNLOCK 0 VCLOSE 0 VMAX 0 VLOCKUP 0 VDECR 0 V3SWAP 0 V2SWAP 0 NFC 0 NFB 0 NFS 0 NFPEN 0 NFT 0 TF 0
[SQ] 83051973: MC 0 MPC 0 TR 0 PMINT 0 PBURN 0 PSYNC 0 TC 0 LT 0 MG 0 VD 0 VDP 0 VWD 0 VLOCK 0 VUNLOCK 0 VCLOSE 0 VMAX 0 VLOCKUP 0 VDECR 0 V3SWAP 0 V2SWAP 0 NFC 0 NFB 0 NFS 0 NFPEN 0 NFT 0 TF 0
[SQ] 83051974: MC 0 MPC 0 TR 0 PMINT 0 PBURN 0 PSYNC 0 TC 0 LT 0 MG 0 VD 0 VDP 0 VWD 0 VLOCK 0 VUNLOCK 0 VCLOSE 0 VMAX 0 VLOCKUP 0 VDECR 0 V3SWAP 0 V2SWAP 0 NFC 0 NFB 0 NFS 0 NFPEN 0 NFT 0 TF 0
[SQ] 83051975: MC 0 MPC 0 TR 0 PMINT 0 PBURN 0 PSYNC 0 TC 0 LT 0 MG 0 VD 0 VDP 0 VWD 0 VLOCK 0 VUNLOCK 0 VCLOSE 0 VMAX 0 VLOCKUP 0 VDECR 0 V3SWAP 0 V2SWAP 0 NFC 0 NFB 0 NFS 0 NFPEN 0 NFT 0 TF 0
[SQ] 83051976: MC 0 MPC 0 TR 0 PMINT 0 PBURN 0 PSYNC 0 TC 0 LT 0 MG 0 VD 0 VDP 0 VWD 0 VLOCK 0 VUNLOCK 0 VCLOSE 0 VMAX 0 VLOCKUP 0 VDECR 0 V3SWAP 0 V2SWAP 0 NFC 0 NFB 0 NFS 0 NFPEN 0 NFT 0 TF 3
[SQ] 83051977: MC 0 MPC 0 TR 0 PMINT 0 PBURN 0 PSYNC 0 TC 0 LT 0 MG 0 VD 0 VDP 0 VWD 0 VLOCK 0 VUNLOCK 0 VCLOSE 0 VMAX 0 VLOCKUP 0 VDECR 0 V3SWAP 0 V2SWAP 0 NFC 0 NFB 1 NFS 0 NFPEN 0 NFT 0 TF 4
[SQ] 83051978: MC 0 MPC 0 TR 0 PMINT 0 PBURN 0 PSYNC 0 TC 0 LT 0 MG 0 VD 0 VDP 0 VWD 0 VLOCK 0 VUNLOCK 0 VCLOSE 0 VMAX 0 VLOCKUP 0 VDECR 0 V3SWAP 0 V2SWAP 0 NFC 0 NFB 0 NFS 0 NFPEN 0 NFT 0 TF 0
[SQ] 83051979: MC 0 MPC 0 TR 0 PMINT 0 PBURN 0 PSYNC 0 TC 0 LT 0 MG 0 VD 0 VDP 0 VWD 0 VLOCK 0 VUNLOCK 0 VCLOSE 0 VMAX 0 VLOCKUP 0 VDECR 0 V3SWAP 0 V2SWAP 0 NFC 0 NFB 0 NFS 0 NFPEN 0 NFT 0 TF 0
[SQ] 83051980: MC 0 MPC 0 TR 0 PMINT 0 PBURN 0 PSYNC 0 TC 0 LT 0 MG 0 VD 0 VDP 0 VWD 0 VLOCK 0 VUNLOCK 0 VCLOSE 0 VMAX 0 VLOCKUP 0 VDECR 0 V3SWAP 0 V2SWAP 0 NFC 0 NFB 0 NFS 0 NFPEN 0 NFT 0 TF 0
[SQ] 83051981: MC 0 MPC 0 TR 0 PMINT 0 PBURN 0 PSYNC 0 TC 0 LT 0 MG 0 VD 0 VDP 0 VWD 0 VLOCK 0 VUNLOCK 0 VCLOSE 0 VMAX 0 VLOCKUP 0 VDECR 0 V3SWAP 0 V2SWAP 0 NFC 0 NFB 0 NFS 0 NFPEN 0 NFT 0 TF 0
[SQ] 83051982: MC 0 MPC 0 TR 0 PMINT 0 PBURN 0 PSYNC 0 TC 0 LT 0 MG 0 VD 0 VDP 0 VWD 0 VLOCK 0 VUNLOCK 0 VCLOSE 0 VMAX 0 VLOCKUP 0 VDECR 0 V3SWAP 0 V2SWAP 0 NFC 0 NFB 0 NFS 0 NFPEN 0 NFT 0 TF 0
[SQ] 83051983: MC 0 MPC 0 TR 0 PMINT 0 PBURN 0 PSYNC 0 TC 0 LT 0 MG 0 VD 0 VDP 0 VWD 0 VLOCK 0 VUNLOCK 0 VCLOSE 0 VMAX 0 VLOCKUP 0 VDECR 0 V3SWAP 0 V2SWAP 0 NFC 0 NFB 0 NFS 0 NFPEN 0 NFT 0 TF 0
[SQ] 83051984: MC 0 MPC 0 TR 0 PMINT 0 PBURN 0 PSYNC 0 TC 0 LT 0 MG 0 VD 0 VDP 0 VWD 0 VLOCK 0 VUNLOCK 0 VCLOSE 0 VMAX 0 VLOCKUP 0 VDECR 0 V3SWAP 1 V2SWAP 0 NFC 0 NFB 0 NFS 0 NFPEN 0 NFT 0 TF 3
[SQ] 83051985: MC 0 MPC 0 TR 0 PMINT 0 PBURN 0 PSYNC 0 TC 0 LT 0 MG 0 VD 0 VDP 0 VWD 0 VLOCK 0 VUNLOCK 0 VCLOSE 0 VMAX 0 VLOCKUP 0 VDECR 0 V3SWAP 0 V2SWAP 0 NFC 0 NFB 0 NFS 0 NFPEN 0 NFT 0 TF 0
[SQ] 83051986: MC 0 MPC 0 TR 0 PMINT 0 PBURN 0 PSYNC 0 TC 0 LT 0 MG 0 VD 0 VDP 0 VWD 0 VLOCK 0 VUNLOCK 0 VCLOSE 0 VMAX 0 VLOCKUP 0 VDECR 0 V3SWAP 0 V2SWAP 0 NFC 0 NFB 0 NFS 0 NFPEN 0 NFT 0 TF 0
[SQ] 83051987: MC 0 MPC 0 TR 0 PMINT 0 PBURN 0 PSYNC 0 TC 0 LT 0 MG 0 VD 0 VDP 0 VWD 0 VLOCK 0 VUNLOCK 0 VCLOSE 0 VMAX 0 VLOCKUP 0 VDECR 0 V3SWAP 0 V2SWAP 0 NFC 0 NFB 0 NFS 0 NFPEN 0 NFT 0 TF 0
[SQ] 83051988: MC 0 MPC 0 TR 0 PMINT 0 PBURN 0 PSYNC 0 TC 0 LT 0 MG 0 VD 0 VDP 0 VWD 0 VLOCK 0 VUNLOCK 0 VCLOSE 0 VMAX 0 VLOCKUP 0 VDECR 0 V3SWAP 0 V2SWAP 0 NFC 0 NFB 0 NFS 0 NFPEN 0 NFT 0 TF 0
[SQ] 83051989: MC 0 MPC 0 TR 0 PMINT 0 PBURN 0 PSYNC 0 TC 0 LT 0 MG 0 VD 0 VDP 0 VWD 0 VLOCK 0 VUNLOCK 0 VCLOSE 0 VMAX 0 VLOCKUP 0 VDECR 0 V3SWAP 0 V2SWAP 0 NFC 0 NFB 0 NFS 0 NFPEN 0 NFT 0 TF 0
[SQ] 83051990: MC 0 MPC 0 TR 0 PMINT 0 PBURN 0 PSYNC 0 TC 0 LT 0 MG 0 VD 0 VDP 0 VWD 0 VLOCK 0 VUNLOCK 0 VCLOSE 0 VMAX 0 VLOCKUP 0 VDECR 0 V3SWAP 0 V2SWAP 0 NFC 0 NFB 0 NFS 0 NFPEN 0 NFT 0 TF 0
[SQ] 83051991: MC 0 MPC 0 TR 0 PMINT 0 PBURN 0 PSYNC 0 TC 0 LT 0 MG 0 VD 0 VDP 0 VWD 0 VLOCK 0 VUNLOCK 0 VCLOSE 0 VMAX 0 VLOCKUP 0 VDECR 0 V3SWAP 0 V2SWAP 0 NFC 0 NFB 0 NFS 0 NFPEN 0 NFT 0 TF 0
[SQ] 83051992: MC 0 MPC 0 TR 0 PMINT 0 PBURN 0 PSYNC 0 TC 0 LT 0 MG 0 VD 0 VDP 0 VWD 0 VLOCK 0 VUNLOCK 0 VCLOSE 0 VMAX 0 VLOCKUP 0 VDECR 0 V3SWAP 0 V2SWAP 0 NFC 0 NFB 0 NFS 0 NFPEN 0 NFT 0 TF 0
[SQ] 83051993: MC 0 MPC 0 TR 0 PMINT 0 PBURN 0 PSYNC 0 TC 0 LT 0 MG 0 VD 0 VDP 0 VWD 0 VLOCK 0 VUNLOCK 0 VCLOSE 0 VMAX 0 VLOCKUP 0 VDECR 0 V3SWAP 0 V2SWAP 0 NFC 0 NFB 0 NFS 0 NFPEN 0 NFT 0 TF 0
[SQ] 83051994: MC 0 MPC 0 TR 0 PMINT 0 PBURN 0 PSYNC 0 TC 0 LT 0 MG 0 VD 0 VDP 0 VWD 0 VLOCK 0 VUNLOCK 0 VCLOSE 0 VMAX 0 VLOCKUP 0 VDECR 0 V3SWAP 0 V2SWAP 0 NFC 0 NFB 0 NFS 0 NFPEN 0 NFT 0 TF 0
[SQ] 83051995: MC 0 MPC 0 TR 0 PMINT 0 PBURN 0 PSYNC 0 TC 0 LT 0 MG 0 VD 0 VDP 0 VWD 0 VLOCK 0 VUNLOCK 0 VCLOSE 0 VMAX 0 VLOCKUP 0 VDECR 0 V3SWAP 0 V2SWAP 0 NFC 0 NFB 0 NFS 0 NFPEN 0 NFT 0 TF 0
[SQ] 83051996: MC 0 MPC 0 TR 0 PMINT 0 PBURN 0 PSYNC 0 TC 0 LT 0 MG 0 VD 0 VDP 0 VWD 0 VLOCK 0 VUNLOCK 0 VCLOSE 0 VMAX 0 VLOCKUP 0 VDECR 0 V3SWAP 0 V2SWAP 0 NFC 0 NFB 0 NFS 0 NFPEN 0 NFT 0 TF 0
[SQ] 83051997: MC 0 MPC 0 TR 0 PMINT 0 PBURN 0 PSYNC 0 TC 0 LT 0 MG 0 VD 0 VDP 0 VWD 0 VLOCK 0 VUNLOCK 0 VCLOSE 0 VMAX 0 VLOCKUP 0 VDECR 0 V3SWAP 0 V2SWAP 0 NFC 0 NFB 0 NFS 0 NFPEN 0 NFT 0 TF 0
[SQ] 83051998: MC 0 MPC 0 TR 0 PMINT 0 PBURN 0 PSYNC 0 TC 0 LT 0 MG 0 VD 0 VDP 0 VWD 0 VLOCK 0 VUNLOCK 0 VCLOSE 0 VMAX 0 VLOCKUP 0 VDECR 0 V3SWAP 0 V2SWAP 0 NFC 0 NFB 0 NFS 0 NFPEN 0 NFT 0 TF 0
[SQ] 83051999: MC 0 MPC 0 TR 0 PMINT 0 PBURN 0 PSYNC 0 TC 0 LT 0 MG 0 VD 0 VDP 0 VWD 0 VLOCK 0 VUNLOCK 0 VCLOSE 0 VMAX 0 VLOCKUP 0 VDECR 0 V3SWAP 0 V2SWAP 0 NFC 0 NFB 0 NFS 0 NFPEN 0 NFT 0 TF 0
[SQ] 83052000: MC 0 MPC 0 TR 0 PMINT 0 PBURN 0 PSYNC 0 TC 0 LT 0 MG 0 VD 0 VDP 0 VWD 0 VLOCK 0 VUNLOCK 0 VCLOSE 0 VMAX 0 VLOCKUP 0 VDECR 0 V3SWAP 0 V2SWAP 0 NFC 0 NFB 0 NFS 0 NFPEN 0 NFT 0 TF 0
[SQ] 83052001: MC 0 MPC 0 TR 0 PMINT 0 PBURN 0 PSYNC 0 TC 0 LT 0 MG 0 VD 0 VDP 0 VWD 0 VLOCK 0 VUNLOCK 0 VCLOSE 0 VMAX 0 VLOCKUP 0 VDECR 0 V3SWAP 0 V2SWAP 0 NFC 0 NFB 0 NFS 0 NFPEN 0 NFT 0 TF 0
[SQ] 83052002: MC 0 MPC 0 TR 0 PMINT 0 PBURN 0 PSYNC 0 TC 0 LT 0 MG 0 VD 0 VDP 0 VWD 0 VLOCK 0 VUNLOCK 0 VCLOSE 0 VMAX 0 VLOCKUP 0 VDECR 0 V3SWAP 0 V2SWAP 0 NFC 0 NFB 0 NFS 0 NFPEN 0 NFT 0 TF 0
[SQ] 83052003: MC 0 MPC 0 TR 0 PMINT 0 PBURN 0 PSYNC 0 TC 0 LT 0 MG 0 VD 0 VDP 0 VWD 0 VLOCK 0 VUNLOCK 0 VCLOSE 0 VMAX 0 VLOCKUP 0 VDECR 0 V3SWAP 0 V2SWAP 0 NFC 0 NFB 0 NFS 0 NFPEN 0 NFT 0 TF 0
[SQ] 83052004: MC 0 MPC 0 TR 0 PMINT 0 PBURN 0 PSYNC 0 TC 0 LT 0 MG 0 VD 0 VDP 0 VWD 0 VLOCK 0 VUNLOCK 0 VCLOSE 0 VMAX 0 VLOCKUP 0 VDECR 0 V3SWAP 0 V2SWAP 0 NFC 0 NFB 0 NFS 0 NFPEN 0 NFT 0 TF 0
[SQ] 83052005: MC 0 MPC 0 TR 0 PMINT 0 PBURN 0 PSYNC 0 TC 0 LT 0 MG 0 VD 0 VDP 0 VWD 0 VLOCK 0 VUNLOCK 0 VCLOSE 0 VMAX 0 VLOCKUP 0 VDECR 0 V3SWAP 0 V2SWAP 0 NFC 0 NFB 0 NFS 0 NFPEN 0 NFT 0 TF 0
[SQ] 83052006: MC 0 MPC 0 TR 0 PMINT 0 PBURN 0 PSYNC 0 TC 0 LT 0 MG 0 VD 0 VDP 0 VWD 0 VLOCK 0 VUNLOCK 0 VCLOSE 0 VMAX 0 VLOCKUP 0 VDECR 0 V3SWAP 1 V2SWAP 0 NFC 0 NFB 0 NFS 0 NFPEN 0 NFT 0 TF 3
[SQ] 83052007: MC 0 MPC 0 TR 0 PMINT 0 PBURN 0 PSYNC 0 TC 0 LT 0 MG 0 VD 0 VDP 0 VWD 0 VLOCK 0 VUNLOCK 0 VCLOSE 0 VMAX 0 VLOCKUP 0 VDECR 0 V3SWAP 0 V2SWAP 0 NFC 0 NFB 0 NFS 0 NFPEN 0 NFT 0 TF 0
[SQ] 83052008: MC 0 MPC 0 TR 0 PMINT 0 PBURN 0 PSYNC 0 TC 0 LT 0 MG 0 VD 0 VDP 0 VWD 0 VLOCK 0 VUNLOCK 0 VCLOSE 0 VMAX 0 VLOCKUP 0 VDECR 0 V3SWAP 0 V2SWAP 0 NFC 0 NFB 0 NFS 0 NFPEN 0 NFT 0 TF 6
[SQ] 83052009: MC 0 MPC 0 TR 0 PMINT 0 PBURN 0 PSYNC 0 TC 0 LT 0 MG 0 VD 0 VDP 0 VWD 0 VLOCK 0 VUNLOCK 0 VCLOSE 0 VMAX 0 VLOCKUP 0 VDECR 0 V3SWAP 0 V2SWAP 0 NFC 0 NFB 0 NFS 0 NFPEN 0 NFT 0 TF 0
[SQ] 83052010: MC 0 MPC 0 TR 0 PMINT 0 PBURN 0 PSYNC 0 TC 0 LT 0 MG 0 VD 0 VDP 0 VWD 0 VLOCK 0 VUNLOCK 0 VCLOSE 0 VMAX 0 VLOCKUP 0 VDECR 0 V3SWAP 0 V2SWAP 0 NFC 0 NFB 0 NFS 0 NFPEN 0 NFT 0 TF 6
[SQ] 83052011: MC 0 MPC 0 TR 0 PMINT 0 PBURN 0 PSYNC 0 TC 0 LT 0 MG 0 VD 0 VDP 0 VWD 0 VLOCK 0 VUNLOCK 0 VCLOSE 0 VMAX 0 VLOCKUP 0 VDECR 0 V3SWAP 0 V2SWAP 0 NFC 0 NFB 0 NFS 0 NFPEN 0 NFT 0 TF 2
[SQ] 83052012: MC 0 MPC 0 TR 0 PMINT 0 PBURN 0 PSYNC 0 TC 0 LT 0 MG 0 VD 0 VDP 0 VWD 0 VLOCK 0 VUNLOCK 0 VCLOSE 0 VMAX 0 VLOCKUP 0 VDECR 0 V3SWAP 0 V2SWAP 0 NFC 0 NFB 0 NFS 0 NFPEN 0 NFT 0 TF 0
[SQ] 83052013: MC 0 MPC 0 TR 0 PMINT 0 PBURN 0 PSYNC 0 TC 0 LT 0 MG 0 VD 0 VDP 0 VWD 0 VLOCK 0 VUNLOCK 0 VCLOSE 0 VMAX 0 VLOCKUP 0 VDECR 0 V3SWAP 0 V2SWAP 0 NFC 0 NFB 0 NFS 0 NFPEN 0 NFT 0 TF 0
[SQ] 83052014: MC 0 MPC 0 TR 0 PMINT 0 PBURN 0 PSYNC 0 TC 0 LT 0 MG 0 VD 0 VDP 0 VWD 0 VLOCK 0 VUNLOCK 0 VCLOSE 0 VMAX 0 VLOCKUP 0 VDECR 0 V3SWAP 0 V2SWAP 0 NFC 0 NFB 0 NFS 0 NFPEN 0 NFT 0 TF 0
[SQ] 83052015: MC 0 MPC 0 TR 0 PMINT 0 PBURN 0 PSYNC 0 TC 0 LT 0 MG 0 VD 0 VDP 0 VWD 0 VLOCK 0 VUNLOCK 0 VCLOSE 0 VMAX 0 VLOCKUP 0 VDECR 0 V3SWAP 0 V2SWAP 0 NFC 0 NFB 0 NFS 0 NFPEN 0 NFT 0 TF 0
[SQ] 83052016: MC 0 MPC 0 TR 0 PMINT 0 PBURN 0 PSYNC 0 TC 0 LT 0 MG 0 VD 0 VDP 0 VWD 0 VLOCK 0 VUNLOCK 0 VCLOSE 0 VMAX 0 VLOCKUP 0 VDECR 0 V3SWAP 0 V2SWAP 0 NFC 0 NFB 0 NFS 0 NFPEN 0 NFT 0 TF 0
[SQ] 83052017: MC 0 MPC 0 TR 0 PMINT 0 PBURN 0 PSYNC 0 TC 0 LT 0 MG 0 VD 0 VDP 0 VWD 0 VLOCK 0 VUNLOCK 0 VCLOSE 0 VMAX 0 VLOCKUP 0 VDECR 0 V3SWAP 0 V2SWAP 0 NFC 0 NFB 0 NFS 0 NFPEN 0 NFT 0 TF 0
[SQ] 83052018: MC 0 MPC 0 TR 0 PMINT 0 PBURN 0 PSYNC 0 TC 0 LT 0 MG 0 VD 0 VDP 0 VWD 0 VLOCK 0 VUNLOCK 0 VCLOSE 0 VMAX 0 VLOCKUP 0 VDECR 0 V3SWAP 0 V2SWAP 0 NFC 0 NFB 0 NFS 0 NFPEN 0 NFT 0 TF 0
[SQ] 83052019: MC 0 MPC 0 TR 0 PMINT 0 PBURN 0 PSYNC 0 TC 0 LT 0 MG 0 VD 0 VDP 0 VWD 0 VLOCK 0 VUNLOCK 0 VCLOSE 0 VMAX 0 VLOCKUP 0 VDECR 0 V3SWAP 0 V2SWAP 0 NFC 0 NFB 0 NFS 0 NFPEN 0 NFT 0 TF 0
[SQ] 83052020: MC 0 MPC 0 TR 0 PMINT 0 PBURN 0 PSYNC 0 TC 0 LT 0 MG 0 VD 0 VDP 0 VWD 0 VLOCK 0 VUNLOCK 0 VCLOSE 0 VMAX 0 VLOCKUP 0 VDECR 0 V3SWAP 1 V2SWAP 0 NFC 0 NFB 0 NFS 0 NFPEN 0 NFT 0 TF 3
[SQ] 83052021: MC 0 MPC 0 TR 0 PMINT 0 PBURN 0 PSYNC 0 TC 0 LT 0 MG 0 VD 0 VDP 0 VWD 0 VLOCK 0 VUNLOCK 0 VCLOSE 0 VMAX 0 VLOCKUP 0 VDECR 0 V3SWAP 0 V2SWAP 0 NFC 0 NFB 0 NFS 0 NFPEN 0 NFT 0 TF 4
[SQ] 83052022: MC 0 MPC 0 TR 0 PMINT 0 PBURN 0 PSYNC 0 TC 0 LT 0 MG 0 VD 0 VDP 0 VWD 0 VLOCK 0 VUNLOCK 0 VCLOSE 0 VMAX 0 VLOCKUP 0 VDECR 0 V3SWAP 0 V2SWAP 0 NFC 0 NFB 0 NFS 0 NFPEN 0 NFT 0 TF 0
[SQ] 83052023: MC 0 MPC 0 TR 0 PMINT 0 PBURN 0 PSYNC 0 TC 0 LT 0 MG 0 VD 0 VDP 0 VWD 0 VLOCK 0 VUNLOCK 0 VCLOSE 0 VMAX 0 VLOCKUP 0 VDECR 0 V3SWAP 0 V2SWAP 0 NFC 0 NFB 0 NFS 0 NFPEN 0 NFT 0 TF 2
[SQ] 83052024: MC 0 MPC 0 TR 0 PMINT 0 PBURN 0 PSYNC 0 TC 0 LT 0 MG 0 VD 0 VDP 0 VWD 0 VLOCK 0 VUNLOCK 0 VCLOSE 0 VMAX 0 VLOCKUP 0 VDECR 0 V3SWAP 0 V2SWAP 0 NFC 0 NFB 0 NFS 0 NFPEN 0 NFT 0 TF 0
[SQ] 83052025: MC 0 MPC 0 TR 0 PMINT 0 PBURN 0 PSYNC 0 TC 0 LT 0 MG 0 VD 0 VDP 0 VWD 0 VLOCK 0 VUNLOCK 0 VCLOSE 0 VMAX 0 VLOCKUP 0 VDECR 0 V3SWAP 0 V2SWAP 0 NFC 0 NFB 0 NFS 0 NFPEN 0 NFT 0 TF 0
[SQ] 83052026: MC 0 MPC 0 TR 0 PMINT 0 PBURN 0 PSYNC 0 TC 0 LT 0 MG 0 VD 0 VDP 0 VWD 0 VLOCK 0 VUNLOCK 0 VCLOSE 0 VMAX 0 VLOCKUP 0 VDECR 0 V3SWAP 0 V2SWAP 0 NFC 0 NFB 0 NFS 0 NFPEN 0 NFT 0 TF 0
[SQ] 83052027: MC 0 MPC 0 TR 0 PMINT 0 PBURN 0 PSYNC 0 TC 0 LT 0 MG 0 VD 0 VDP 0 VWD 0 VLOCK 0 VUNLOCK 0 VCLOSE 0 VMAX 0 VLOCKUP 0 VDECR 0 V3SWAP 0 V2SWAP 0 NFC 0 NFB 0 NFS 0 NFPEN 0 NFT 0 TF 0
[SQ] 83052028: MC 0 MPC 0 TR 0 PMINT 0 PBURN 0 PSYNC 0 TC 0 LT 0 MG 0 VD 0 VDP 0 VWD 0 VLOCK 0 VUNLOCK 0 VCLOSE 0 VMAX 0 VLOCKUP 0 VDECR 0 V3SWAP 0 V2SWAP 0 NFC 0 NFB 0 NFS 0 NFPEN 0 NFT 0 TF 0
[SQ] 83052029: MC 0 MPC 0 TR 0 PMINT 0 PBURN 0 PSYNC 0 TC 0 LT 0 MG 0 VD 0 VDP 0 VWD 0 VLOCK 0 VUNLOCK 0 VCLOSE 0 VMAX 0 VLOCKUP 0 VDECR 0 V3SWAP 0 V2SWAP 0 NFC 0 NFB 0 NFS 0 NFPEN 0 NFT 0 TF 2
[SQ] 83052030: MC 0 MPC 0 TR 0 PMINT 0 PBURN 0 PSYNC 0 TC 0 LT 0 MG 0 VD 0 VDP 0 VWD 0 VLOCK 0 VUNLOCK 0 VCLOSE 0 VMAX 0 VLOCKUP 0 VDECR 0 V3SWAP 0 V2SWAP 0 NFC 0 NFB 0 NFS 0 NFPEN 0 NFT 0 TF 0
[SQ] 83052031: MC 0 MPC 0 TR 0 PMINT 0 PBURN 0 PSYNC 0 TC 0 LT 0 MG 0 VD 0 VDP 0 VWD 0 VLOCK 0 VUNLOCK 0 VCLOSE 0 VMAX 0 VLOCKUP 0 VDECR 0 V3SWAP 0 V2SWAP 0 NFC 0 NFB 0 NFS 0 NFPEN 0 NFT 0 TF 2
[SQ] 83052032: MC 0 MPC 0 TR 0 PMINT 0 PBURN 0 PSYNC 0 TC 0 LT 0 MG 0 VD 0 VDP 0 VWD 0 VLOCK 0 VUNLOCK 0 VCLOSE 0 VMAX 0 VLOCKUP 0 VDECR 0 V3SWAP 0 V2SWAP 0 NFC 0 NFB 0 NFS 0 NFPEN 0 NFT 0 TF 0
[SQ] 83052033: MC 0 MPC 0 TR 0 PMINT 0 PBURN 0 PSYNC 0 TC 0 LT 0 MG 0 VD 0 VDP 0 VWD 0 VLOCK 0 VUNLOCK 0 VCLOSE 0 VMAX 0 VLOCKUP 0 VDECR 0 V3SWAP 0 V2SWAP 0 NFC 0 NFB 0 NFS 0 NFPEN 0 NFT 0 TF 0
[SQ] 83052034: MC 0 MPC 0 TR 0 PMINT 0 PBURN 0 PSYNC 0 TC 0 LT 0 MG 0 VD 0 VDP 0 VWD 0 VLOCK 0 VUNLOCK 0 VCLOSE 0 VMAX 0 VLOCKUP 0 VDECR 0 V3SWAP 0 V2SWAP 0 NFC 0 NFB 0 NFS 0 NFPEN 0 NFT 0 TF 0
[SQ] 83052035: MC 0 MPC 0 TR 0 PMINT 0 PBURN 0 PSYNC 0 TC 0 LT 0 MG 0 VD 0 VDP 0 VWD 0 VLOCK 0 VUNLOCK 0 VCLOSE 0 VMAX 0 VLOCKUP 0 VDECR 0 V3SWAP 0 V2SWAP 0 NFC 0 NFB 0 NFS 0 NFPEN 0 NFT 0 TF 0
[SQ] 83052036: MC 0 MPC 0 TR 0 PMINT 0 PBURN 0 PSYNC 0 TC 0 LT 0 MG 0 VD 0 VDP 0 VWD 0 VLOCK 0 VUNLOCK 0 VCLOSE 0 VMAX 0 VLOCKUP 0 VDECR 0 V3SWAP 0 V2SWAP 0 NFC 0 NFB 0 NFS 0 NFPEN 0 NFT 0 TF 0
[SQ] 83052037: MC 0 MPC 0 TR 0 PMINT 0 PBURN 0 PSYNC 0 TC 0 LT 0 MG 0 VD 0 VDP 0 VWD 0 VLOCK 0 VUNLOCK 0 VCLOSE 0 VMAX 0 VLOCKUP 0 VDECR 0 V3SWAP 0 V2SWAP 0 NFC 0 NFB 0 NFS 0 NFPEN 0 NFT 0 TF 0
[SQ] 83052038: MC 0 MPC 0 TR 0 PMINT 0 PBURN 0 PSYNC 0 TC 0 LT 0 MG 0 VD 0 VDP 0 VWD 0 VLOCK 0 VUNLOCK 0 VCLOSE 0 VMAX 0 VLOCKUP 0 VDECR 0 V3SWAP 0 V2SWAP 0 NFC 0 NFB 0 NFS 0 NFPEN 0 NFT 0 TF 2
[SQ] 83052039: MC 0 MPC 0 TR 0 PMINT 0 PBURN 0 PSYNC 0 TC 0 LT 0 MG 0 VD 0 VDP 0 VWD 0 VLOCK 0 VUNLOCK 0 VCLOSE 0 VMAX 0 VLOCKUP 0 VDECR 0 V3SWAP 0 V2SWAP 0 NFC 0 NFB 0 NFS 0 NFPEN 0 NFT 0 TF 0
[SQ] 83052040: MC 0 MPC 0 TR 0 PMINT 0 PBURN 0 PSYNC 0 TC 0 LT 0 MG 0 VD 0 VDP 0 VWD 0 VLOCK 0 VUNLOCK 0 VCLOSE 0 VMAX 0 VLOCKUP 0 VDECR 0 V3SWAP 0 V2SWAP 0 NFC 0 NFB 0 NFS 0 NFPEN 0 NFT 0 TF 0
[SQ] 83052041: MC 0 MPC 0 TR 0 PMINT 0 PBURN 0 PSYNC 0 TC 0 LT 0 MG 0 VD 0 VDP 0 VWD 0 VLOCK 0 VUNLOCK 0 VCLOSE 0 VMAX 0 VLOCKUP 0 VDECR 0 V3SWAP 0 V2SWAP 0 NFC 0 NFB 0 NFS 0 NFPEN 0 NFT 0 TF 0
[SQ] 83052042: MC 0 MPC 0 TR 0 PMINT 0 PBURN 0 PSYNC 0 TC 0 LT 0 MG 0 VD 0 VDP 0 VWD 0 VLOCK 0 VUNLOCK 0 VCLOSE 0 VMAX 0 VLOCKUP 0 VDECR 0 V3SWAP 1 V2SWAP 0 NFC 0 NFB 0 NFS 0 NFPEN 0 NFT 0 TF 3
[SQ] 83052043: MC 0 MPC 0 TR 0 PMINT 0 PBURN 0 PSYNC 0 TC 0 LT 0 MG 0 VD 0 VDP 0 VWD 0 VLOCK 0 VUNLOCK 0 VCLOSE 0 VMAX 0 VLOCKUP 0 VDECR 0 V3SWAP 0 V2SWAP 0 NFC 0 NFB 0 NFS 0 NFPEN 0 NFT 0 TF 0
[SQ] 83052044: MC 0 MPC 0 TR 0 PMINT 0 PBURN 0 PSYNC 0 TC 0 LT 0 MG 0 VD 0 VDP 0 VWD 0 VLOCK 0 VUNLOCK 0 VCLOSE 0 VMAX 0 VLOCKUP 0 VDECR 0 V3SWAP 1 V2SWAP 0 NFC 0 NFB 0 NFS 0 NFPEN 0 NFT 0 TF 2
[SQ] 83052045: MC 0 MPC 0 TR 0 PMINT 0 PBURN 0 PSYNC 0 TC 0 LT 0 MG 0 VD 0 VDP 0 VWD 0 VLOCK 0 VUNLOCK 0 VCLOSE 0 VMAX 0 VLOCKUP 0 VDECR 0 V3SWAP 0 V2SWAP 0 NFC 0 NFB 0 NFS 0 NFPEN 0 NFT 0 TF 2
[SQ] 83052046: MC 0 MPC 0 TR 0 PMINT 0 PBURN 0 PSYNC 0 TC 0 LT 0 MG 0 VD 0 VDP 0 VWD 0 VLOCK 0 VUNLOCK 0 VCLOSE 0 VMAX 0 VLOCKUP 0 VDECR 0 V3SWAP 0 V2SWAP 0 NFC 0 NFB 0 NFS 0 NFPEN 0 NFT 0 TF 0
[SQ] 83052047: MC 0 MPC 0 TR 0 PMINT 0 PBURN 0 PSYNC 0 TC 0 LT 0 MG 0 VD 0 VDP 0 VWD 0 VLOCK 0 VUNLOCK 0 VCLOSE 0 VMAX 0 VLOCKUP 0 VDECR 0 V3SWAP 0 V2SWAP 0 NFC 0 NFB 0 NFS 0 NFPEN 0 NFT 0 TF 0
[SQ] 83052048: MC 0 MPC 0 TR 0 PMINT 0 PBURN 0 PSYNC 0 TC 0 LT 0 MG 0 VD 0 VDP 0 VWD 0 VLOCK 0 VUNLOCK 0 VCLOSE 0 VMAX 0 VLOCKUP 0 VDECR 0 V3SWAP 0 V2SWAP 0 NFC 0 NFB 0 NFS 0 NFPEN 0 NFT 0 TF 0
[SQ] 83052049: MC 0 MPC 0 TR 0 PMINT 0 PBURN 0 PSYNC 0 TC 0 LT 0 MG 0 VD 0 VDP 0 VWD 0 VLOCK 0 VUNLOCK 0 VCLOSE 0 VMAX 0 VLOCKUP 0 VDECR 0 V3SWAP 0 V2SWAP 0 NFC 0 NFB 0 NFS 0 NFPEN 0 NFT 0 TF 0
[SQ] 83052050: MC 0 MPC 0 TR 0 PMINT 0 PBURN 0 PSYNC 0 TC 0 LT 0 MG 0 VD 0 VDP 0 VWD 0 VLOCK 0 VUNLOCK 0 VCLOSE 0 VMAX 0 VLOCKUP 0 VDECR 0 V3SWAP 0 V2SWAP 0 NFC 0 NFB 0 NFS 0 NFPEN 0 NFT 0 TF 0
[SQ] 83052051: MC 0 MPC 0 TR 0 PMINT 0 PBURN 0 PSYNC 0 TC 0 LT 0 MG 0 VD 0 VDP 0 VWD 0 VLOCK 0 VUNLOCK 0 VCLOSE 0 VMAX 0 VLOCKUP 0 VDECR 0 V3SWAP 0 V2SWAP 0 NFC 0 NFB 0 NFS 0 NFPEN 0 NFT 0 TF 2
[SQ] 83052052: MC 0 MPC 0 TR 0 PMINT 0 PBURN 0 PSYNC 0 TC 0 LT 0 MG 0 VD 0 VDP 0 VWD 0 VLOCK 0 VUNLOCK 0 VCLOSE 0 VMAX 0 VLOCKUP 0 VDECR 0 V3SWAP 0 V2SWAP 0 NFC 0 NFB 0 NFS 0 NFPEN 0 NFT 0 TF 0
[SQ] 83052053: MC 0 MPC 0 TR 0 PMINT 0 PBURN 0 PSYNC 0 TC 0 LT 0 MG 0 VD 0 VDP 0 VWD 0 VLOCK 0 VUNLOCK 0 VCLOSE 0 VMAX 0 VLOCKUP 0 VDECR 0 V3SWAP 0 V2SWAP 0 NFC 0 NFB 0 NFS 0 NFPEN 0 NFT 0 TF 0
[SQ] 83052054: MC 0 MPC 0 TR 0 PMINT 0 PBURN 0 PSYNC 0 TC 0 LT 0 MG 0 VD 0 VDP 0 VWD 0 VLOCK 0 VUNLOCK 0 VCLOSE 0 VMAX 0 VLOCKUP 0 VDECR 0 V3SWAP 0 V2SWAP 0 NFC 0 NFB 0 NFS 0 NFPEN 0 NFT 0 TF 0
[SQ] 83052055: MC 0 MPC 0 TR 0 PMINT 0 PBURN 0 PSYNC 0 TC 0 LT 0 MG 0 VD 0 VDP 0 VWD 0 VLOCK 0 VUNLOCK 0 VCLOSE 0 VMAX 0 VLOCKUP 0 VDECR 0 V3SWAP 1 V2SWAP 0 NFC 0 NFB 0 NFS 0 NFPEN 0 NFT 0 TF 3
[SQ] 83052056: MC 0 MPC 0 TR 0 PMINT 0 PBURN 0 PSYNC 0 TC 0 LT 0 MG 0 VD 0 VDP 0 VWD 0 VLOCK 0 VUNLOCK 0 VCLOSE 0 VMAX 0 VLOCKUP 0 VDECR 0 V3SWAP 0 V2SWAP 0 NFC 0 NFB 0 NFS 0 NFPEN 0 NFT 0 TF 1
[SQ] 83052057: MC 0 MPC 0 TR 0 PMINT 0 PBURN 0 PSYNC 0 TC 0 LT 0 MG 0 VD 0 VDP 0 VWD 0 VLOCK 0 VUNLOCK 0 VCLOSE 0 VMAX 0 VLOCKUP 0 VDECR 0 V3SWAP 0 V2SWAP 0 NFC 0 NFB 0 NFS 0 NFPEN 0 NFT 0 TF 0
[SQ] 83052058: MC 0 MPC 0 TR 0 PMINT 0 PBURN 0 PSYNC 0 TC 0 LT 0 MG 0 VD 0 VDP 0 VWD 0 VLOCK 0 VUNLOCK 0 VCLOSE 0 VMAX 0 VLOCKUP 0 VDECR 0 V3SWAP 0 V2SWAP 0 NFC 0 NFB 0 NFS 0 NFPEN 0 NFT 0 TF 0
[SQ] 83052059: MC 0 MPC 0 TR 0 PMINT 0 PBURN 0 PSYNC 0 TC 0 LT 0 MG 0 VD 0 VDP 0 VWD 0 VLOCK 0 VUNLOCK 0 VCLOSE 0 VMAX 0 VLOCKUP 0 VDECR 0 V3SWAP 0 V2SWAP 0 NFC 0 NFB 0 NFS 0 NFPEN 0 NFT 0 TF 2
[SQ] 83052060: MC 0 MPC 0 TR 0 PMINT 0 PBURN 0 PSYNC 0 TC 0 LT 0 MG 0 VD 0 VDP 0 VWD 0 VLOCK 0 VUNLOCK 0 VCLOSE 0 VMAX 0 VLOCKUP 0 VDECR 0 V3SWAP 0 V2SWAP 0 NFC 0 NFB 0 NFS 0 NFPEN 0 NFT 0 TF 0
[SQ] 83052061: MC 0 MPC 0 TR 0 PMINT 0 PBURN 0 PSYNC 0 TC 0 LT 0 MG 0 VD 0 VDP 0 VWD 0 VLOCK 0 VUNLOCK 0 VCLOSE 0 VMAX 0 VLOCKUP 0 VDECR 0 V3SWAP 0 V2SWAP 0 NFC 0 NFB 0 NFS 0 NFPEN 0 NFT 0 TF 0
[SQ] 83052062: MC 0 MPC 0 TR 0 PMINT 0 PBURN 0 PSYNC 0 TC 0 LT 0 MG 0 VD 0 VDP 0 VWD 0 VLOCK 0 VUNLOCK 0 VCLOSE 0 VMAX 0 VLOCKUP 0 VDECR 0 V3SWAP 0 V2SWAP 0 NFC 0 NFB 0 NFS 0 NFPEN 0 NFT 0 TF 0
[SQ] 83052063: MC 0 MPC 0 TR 0 PMINT 0 PBURN 0 PSYNC 0 TC 0 LT 0 MG 0 VD 0 VDP 0 VWD 0 VLOCK 0 VUNLOCK 0 VCLOSE 0 VMAX 0 VLOCKUP 0 VDECR 0 V3SWAP 0 V2SWAP 0 NFC 0 NFB 0 NFS 0 NFPEN 0 NFT 0 TF 0
[SQ] 83052064: MC 0 MPC 0 TR 0 PMINT 0 PBURN 0 PSYNC 0 TC 0 LT 0 MG 0 VD 0 VDP 0 VWD 0 VLOCK 0 VUNLOCK 0 VCLOSE 0 VMAX 0 VLOCKUP 0 VDECR 0 V3SWAP 0 V2SWAP 0 NFC 0 NFB 0 NFS 0 NFPEN 0 NFT 0 TF 0
[SQ] 83052065: MC 0 MPC 0 TR 0 PMINT 0 PBURN 0 PSYNC 0 TC 0 LT 0 MG 0 VD 0 VDP 0 VWD 0 VLOCK 0 VUNLOCK 0 VCLOSE 0 VMAX 0 VLOCKUP 0 VDECR 0 V3SWAP 0 V2SWAP 0 NFC 0 NFB 0 NFS 0 NFPEN 0 NFT 0 TF 0
[SQ] 83052066: MC 0 MPC 0 TR 0 PMINT 0 PBURN 0 PSYNC 0 TC 0 LT 0 MG 0 VD 0 VDP 0 VWD 0 VLOCK 0 VUNLOCK 0 VCLOSE 0 VMAX 0 VLOCKUP 0 VDECR 0 V3SWAP 0 V2SWAP 0 NFC 0 NFB 0 NFS 0 NFPEN 0 NFT 0 TF 0
[SQ] 83052067: MC 0 MPC 0 TR 0 PMINT 0 PBURN 0 PSYNC 0 TC 0 LT 0 MG 0 VD 0 VDP 0 VWD 0 VLOCK 0 VUNLOCK 0 VCLOSE 0 VMAX 0 VLOCKUP 0 VDECR 0 V3SWAP 0 V2SWAP 0 NFC 0 NFB 0 NFS 0 NFPEN 0 NFT 0 TF 0
[SQ] 83052068: MC 0 MPC 0 TR 0 PMINT 0 PBURN 0 PSYNC 0 TC 0 LT 0 MG 0 VD 0 VDP 0 VWD 0 VLOCK 0 VUNLOCK 0 VCLOSE 0 VMAX 0 VLOCKUP 0 VDECR 0 V3SWAP 0 V2SWAP 0 NFC 0 NFB 0 NFS 0 NFPEN 0 NFT 0 TF 0
[SQ] 83052069: MC 0 MPC 0 TR 0 PMINT 0 PBURN 0 PSYNC 0 TC 0 LT 0 MG 0 VD 0 VDP 0 VWD 0 VLOCK 0 VUNLOCK 0 VCLOSE 0 VMAX 0 VLOCKUP 0 VDECR 0 V3SWAP 0 V2SWAP 0 NFC 0 NFB 0 NFS 0 NFPEN 0 NFT 0 TF 0
[SQ] 83052070: MC 0 MPC 0 TR 0 PMINT 0 PBURN 0 PSYNC 0 TC 0 LT 0 MG 0 VD 0 VDP 0 VWD 0 VLOCK 0 VUNLOCK 0 VCLOSE 0 VMAX 0 VLOCKUP 0 VDECR 0 V3SWAP 0 V2SWAP 0 NFC 0 NFB 0 NFS 0 NFPEN 0 NFT 0 TF 0
[SQ] 83052071: MC 0 MPC 0 TR 0 PMINT 0 PBURN 0 PSYNC 0 TC 0 LT 0 MG 0 VD 0 VDP 0 VWD 0 VLOCK 0 VUNLOCK 0 VCLOSE 0 VMAX 0 VLOCKUP 0 VDECR 0 V3SWAP 0 V2SWAP 0 NFC 0 NFB 0 NFS 0 NFPEN 0 NFT 0 TF 0
[SQ] 83052072: MC 0 MPC 0 TR 0 PMINT 0 PBURN 0 PSYNC 0 TC 0 LT 0 MG 0 VD 0 VDP 0 VWD 0 VLOCK 0 VUNLOCK 0 VCLOSE 0 VMAX 0 VLOCKUP 0 VDECR 0 V3SWAP 0 V2SWAP 0 NFC 0 NFB 0 NFS 0 NFPEN 0 NFT 0 TF 0
[SQ] 83052073: MC 0 MPC 0 TR 0 PMINT 0 PBURN 0 PSYNC 0 TC 0 LT 0 MG 0 VD 0 VDP 0 VWD 0 VLOCK 0 VUNLOCK 0 VCLOSE 0 VMAX 0 VLOCKUP 0 VDECR 0 V3SWAP 0 V2SWAP 0 NFC 0 NFB 0 NFS 0 NFPEN 0 NFT 0 TF 0
[SQ] 83052074: MC 0 MPC 0 TR 0 PMINT 0 PBURN 0 PSYNC 0 TC 0 LT 0 MG 0 VD 0 VDP 0 VWD 0 VLOCK 0 VUNLOCK 0 VCLOSE 0 VMAX 0 VLOCKUP 0 VDECR 0 V3SWAP 0 V2SWAP 0 NFC 0 NFB 0 NFS 0 NFPEN 0 NFT 0 TF 0
[SQ] 83052075: MC 0 MPC 0 TR 0 PMINT 0 PBURN 0 PSYNC 0 TC 0 LT 0 MG 0 VD 0 VDP 0 VWD 0 VLOCK 0 VUNLOCK 0 VCLOSE 0 VMAX 0 VLOCKUP 0 VDECR 0 V3SWAP 0 V2SWAP 0 NFC 0 NFB 0 NFS 0 NFPEN 0 NFT 0 TF 6
[SQ] 83052076: MC 0 MPC 0 TR 0 PMINT 0 PBURN 0 PSYNC 0 TC 0 LT 0 MG 0 VD 0 VDP 0 VWD 0 VLOCK 0 VUNLOCK 0 VCLOSE 0 VMAX 0 VLOCKUP 0 VDECR 0 V3SWAP 0 V2SWAP 0 NFC 0 NFB 0 NFS 0 NFPEN 0 NFT 0 TF 1
[SQ] 83052077: MC 0 MPC 0 TR 0 PMINT 0 PBURN 0 PSYNC 0 TC 0 LT 0 MG 0 VD 0 VDP 0 VWD 0 VLOCK 0 VUNLOCK 0 VCLOSE 0 VMAX 0 VLOCKUP 0 VDECR 0 V3SWAP 1 V2SWAP 0 NFC 0 NFB 0 NFS 0 NFPEN 0 NFT 0 TF 3
[SQ] 83052078: MC 0 MPC 0 TR 0 PMINT 0 PBURN 0 PSYNC 0 TC 0 LT 0 MG 0 VD 0 VDP 0 VWD 0 VLOCK 0 VUNLOCK 0 VCLOSE 0 VMAX 0 VLOCKUP 0 VDECR 0 V3SWAP 0 V2SWAP 0 NFC 0 NFB 0 NFS 0 NFPEN 0 NFT 0 TF 6
[SQ] 83052079: MC 0 MPC 0 TR 0 PMINT 0 PBURN 0 PSYNC 0 TC 0 LT 0 MG 0 VD 0 VDP 0 VWD 0 VLOCK 0 VUNLOCK 0 VCLOSE 0 VMAX 0 VLOCKUP 0 VDECR 0 V3SWAP 0 V2SWAP 0 NFC 0 NFB 0 NFS 0 NFPEN 0 NFT 0 TF 0
[SQ] 83052080: MC 0 MPC 0 TR 0 PMINT 0 PBURN 0 PSYNC 0 TC 0 LT 0 MG 0 VD 0 VDP 0 VWD 0 VLOCK 0 VUNLOCK 0 VCLOSE 0 VMAX 0 VLOCKUP 0 VDECR 0 V3SWAP 0 V2SWAP 0 NFC 0 NFB 0 NFS 0 NFPEN 0 NFT 0 TF 0
[SQ] 83052081: MC 0 MPC 0 TR 0 PMINT 0 PBURN 0 PSYNC 0 TC 0 LT 0 MG 0 VD 0 VDP 0 VWD 0 VLOCK 0 VUNLOCK 0 VCLOSE 0 VMAX 0 VLOCKUP 0 VDECR 0 V3SWAP 0 V2SWAP 0 NFC 0 NFB 0 NFS 0 NFPEN 0 NFT 0 TF 0
[SQ] 83052082: MC 0 MPC 0 TR 0 PMINT 0 PBURN 0 PSYNC 0 TC 0 LT 0 MG 0 VD 0 VDP 0 VWD 0 VLOCK 0 VUNLOCK 0 VCLOSE 0 VMAX 0 VLOCKUP 0 VDECR 0 V3SWAP 0 V2SWAP 0 NFC 0 NFB 0 NFS 0 NFPEN 0 NFT 0 TF 0
[SQ] 83052083: MC 0 MPC 0 TR 0 PMINT 0 PBURN 0 PSYNC 0 TC 0 LT 0 MG 0 VD 0 VDP 0 VWD 0 VLOCK 0 VUNLOCK 0 VCLOSE 0 VMAX 0 VLOCKUP 0 VDECR 0 V3SWAP 0 V2SWAP 0 NFC 0 NFB 0 NFS 0 NFPEN 0 NFT 0 TF 0
[SQ] 83052084: MC 0 MPC 0 TR 0 PMINT 0 PBURN 0 PSYNC 0 TC 0 LT 0 MG 0 VD 0 VDP 0 VWD 0 VLOCK 0 VUNLOCK 0 VCLOSE 0 VMAX 0 VLOCKUP 0 VDECR 0 V3SWAP 0 V2SWAP 0 NFC 0 NFB 0 NFS 0 NFPEN 0 NFT 0 TF 2
[SQ] 83052085: MC 0 MPC 0 TR 0 PMINT 0 PBURN 0 PSYNC 0 TC 0 LT 0 MG 0 VD 0 VDP 0 VWD 0 VLOCK 0 VUNLOCK 0 VCLOSE 0 VMAX 0 VLOCKUP 0 VDECR 0 V3SWAP 0 V2SWAP 0 NFC 0 NFB 0 NFS 0 NFPEN 0 NFT 0 TF 0
[SQ] 83052086: MC 0 MPC 0 TR 0 PMINT 0 PBURN 0 PSYNC 0 TC 0 LT 0 MG 0 VD 0 VDP 0 VWD 0 VLOCK 0 VUNLOCK 0 VCLOSE 0 VMAX 0 VLOCKUP 0 VDECR 0 V3SWAP 0 V2SWAP 0 NFC 0 NFB 0 NFS 0 NFPEN 0 NFT 0 TF 0
[SQ] 83052087: MC 0 MPC 0 TR 0 PMINT 0 PBURN 0 PSYNC 0 TC 0 LT 0 MG 0 VD 0 VDP 0 VWD 0 VLOCK 0 VUNLOCK 0 VCLOSE 0 VMAX 0 VLOCKUP 0 VDECR 0 V3SWAP 0 V2SWAP 0 NFC 0 NFB 0 NFS 0 NFPEN 0 NFT 0 TF 0
[SQ] 83052088: MC 0 MPC 0 TR 0 PMINT 0 PBURN 0 PSYNC 0 TC 0 LT 0 MG 0 VD 0 VDP 0 VWD 0 VLOCK 0 VUNLOCK 0 VCLOSE 0 VMAX 0 VLOCKUP 0 VDECR 0 V3SWAP 0 V2SWAP 0 NFC 0 NFB 0 NFS 0 NFPEN 0 NFT 0 TF 0
[SQ] 83052089: MC 0 MPC 0 TR 0 PMINT 0 PBURN 0 PSYNC 0 TC 0 LT 0 MG 0 VD 0 VDP 0 VWD 0 VLOCK 0 VUNLOCK 0 VCLOSE 0 VMAX 0 VLOCKUP 0 VDECR 0 V3SWAP 0 V2SWAP 0 NFC 0 NFB 0 NFS 0 NFPEN 0 NFT 0 TF 0
[SQ] 83052090: MC 0 MPC 0 TR 0 PMINT 0 PBURN 0 PSYNC 0 TC 0 LT 0 MG 0 VD 0 VDP 0 VWD 0 VLOCK 0 VUNLOCK 0 VCLOSE 0 VMAX 0 VLOCKUP 0 VDECR 0 V3SWAP 0 V2SWAP 0 NFC 0 NFB 0 NFS 0 NFPEN 0 NFT 0 TF 0
[SQ] 83052091: MC 0 MPC 0 TR 0 PMINT 0 PBURN 0 PSYNC 0 TC 0 LT 0 MG 0 VD 0 VDP 0 VWD 0 VLOCK 0 VUNLOCK 0 VCLOSE 0 VMAX 0 VLOCKUP 0 VDECR 0 V3SWAP 2 V2SWAP 0 NFC 0 NFB 0 NFS 0 NFPEN 0 NFT 0 TF 6
[SQ] 83052092: MC 0 MPC 0 TR 0 PMINT 0 PBURN 0 PSYNC 0 TC 0 LT 0 MG 0 VD 0 VDP 0 VWD 0 VLOCK 0 VUNLOCK 0 VCLOSE 0 VMAX 0 VLOCKUP 0 VDECR 0 V3SWAP 0 V2SWAP 0 NFC 0 NFB 0 NFS 0 NFPEN 0 NFT 0 TF 0
[SQ] 83052093: MC 0 MPC 0 TR 0 PMINT 0 PBURN 0 PSYNC 0 TC 0 LT 0 MG 0 VD 0 VDP 0 VWD 0 VLOCK 0 VUNLOCK 0 VCLOSE 0 VMAX 0 VLOCKUP 0 VDECR 0 V3SWAP 0 V2SWAP 0 NFC 0 NFB 0 NFS 0 NFPEN 0 NFT 0 TF 0
[SQ] 83052094: MC 0 MPC 0 TR 0 PMINT 0 PBURN 0 PSYNC 0 TC 0 LT 0 MG 0 VD 0 VDP 0 VWD 0 VLOCK 0 VUNLOCK 0 VCLOSE 0 VMAX 0 VLOCKUP 0 VDECR 0 V3SWAP 0 V2SWAP 0 NFC 0 NFB 0 NFS 0 NFPEN 0 NFT 0 TF 0
[SQ] 83052095: MC 0 MPC 0 TR 0 PMINT 0 PBURN 0 PSYNC 0 TC 0 LT 0 MG 0 VD 0 VDP 0 VWD 0 VLOCK 0 VUNLOCK 0 VCLOSE 0 VMAX 0 VLOCKUP 0 VDECR 0 V3SWAP 0 V2SWAP 0 NFC 0 NFB 0 NFS 0 NFPEN 0 NFT 0 TF 0
[SQ] 83052096: MC 0 MPC 0 TR 0 PMINT 0 PBURN 0 PSYNC 0 TC 0 LT 0 MG 0 VD 0 VDP 0 VWD 0 VLOCK 0 VUNLOCK 0 VCLOSE 0 VMAX 0 VLOCKUP 0 VDECR 0 V3SWAP 0 V2SWAP 0 NFC 0 NFB 0 NFS 0 NFPEN 0 NFT 0 TF 0
[SQ] 83052097: MC 0 MPC 0 TR 0 PMINT 0 PBURN 0 PSYNC 0 TC 0 LT 0 MG 0 VD 0 VDP 0 VWD 0 VLOCK 0 VUNLOCK 0 VCLOSE 0 VMAX 0 VLOCKUP 0 VDECR 0 V3SWAP 0 V2SWAP 0 NFC 0 NFB 0 NFS 0 NFPEN 0 NFT 0 TF 0
[SQ] 83052098: MC 0 MPC 0 TR 0 PMINT 0 PBURN 0 PSYNC 0 TC 0 LT 0 MG 0 VD 0 VDP 0 VWD 0 VLOCK 0 VUNLOCK 0 VCLOSE 0 VMAX 0 VLOCKUP 0 VDECR 0 V3SWAP 0 V2SWAP 0 NFC 0 NFB 0 NFS 0 NFPEN 0 NFT 0 TF 0
[SQ] 83052099: MC 0 MPC 0 TR 0 PMINT 0 PBURN 0 PSYNC 0 TC 0 LT 0 MG 0 VD 0 VDP 0 VWD 0 VLOCK 0 VUNLOCK 0 VCLOSE 0 VMAX 0 VLOCKUP 0 VDECR 0 V3SWAP 0 V2SWAP 0 NFC 0 NFB 0 NFS 0 NFPEN 0 NFT 0 TF 0
[SQ] 83052100: MC 0 MPC 0 TR 0 PMINT 0 PBURN 0 PSYNC 0 TC 0 LT 0 MG 0 VD 0 VDP 0 VWD 0 VLOCK 0 VUNLOCK 0 VCLOSE 0 VMAX 0 VLOCKUP 0 VDECR 0 V3SWAP 0 V2SWAP 0 NFC 0 NFB 0 NFS 0 NFPEN 0 NFT 0 TF 0
[SQ] 83052101: MC 0 MPC 0 TR 0 PMINT 0 PBURN 0 PSYNC 0 TC 0 LT 0 MG 0 VD 0 VDP 0 VWD 0 VLOCK 0 VUNLOCK 0 VCLOSE 0 VMAX 0 VLOCKUP 0 VDECR 0 V3SWAP 0 V2SWAP 0 NFC 0 NFB 0 NFS 0 NFPEN 0 NFT 0 TF 0
[SQ] 83052102: MC 0 MPC 0 TR 0 PMINT 0 PBURN 0 PSYNC 0 TC 0 LT 0 MG 0 VD 0 VDP 0 VWD 0 VLOCK 0 VUNLOCK 0 VCLOSE 0 VMAX 0 VLOCKUP 0 VDECR 0 V3SWAP 0 V2SWAP 0 NFC 0 NFB 0 NFS 0 NFPEN 0 NFT 0 TF 2
[SQ] 83052103: MC 0 MPC 0 TR 0 PMINT 0 PBURN 0 PSYNC 0 TC 0 LT 0 MG 0 VD 0 VDP 0 VWD 0 VLOCK 0 VUNLOCK 0 VCLOSE 0 VMAX 0 VLOCKUP 0 VDECR 0 V3SWAP 0 V2SWAP 0 NFC 0 NFB 0 NFS 0 NFPEN 0 NFT 0 TF 0
[SQ] 83052104: MC 0 MPC 0 TR 0 PMINT 0 PBURN 0 PSYNC 0 TC 0 LT 0 MG 0 VD 0 VDP 0 VWD 0 VLOCK 0 VUNLOCK 0 VCLOSE 0 VMAX 0 VLOCKUP 0 VDECR 0 V3SWAP 0 V2SWAP 0 NFC 0 NFB 0 NFS 0 NFPEN 0 NFT 0 TF 0
[SQ] 83052105: MC 0 MPC 0 TR 0 PMINT 0 PBURN 0 PSYNC 0 TC 0 LT 0 MG 0 VD 0 VDP 0 VWD 0 VLOCK 0 VUNLOCK 0 VCLOSE 0 VMAX 0 VLOCKUP 0 VDECR 0 V3SWAP 0 V2SWAP 0 NFC 0 NFB 0 NFS 0 NFPEN 0 NFT 0 TF 2
[SQ] 83052106: MC 0 MPC 0 TR 0 PMINT 0 PBURN 0 PSYNC 0 TC 0 LT 0 MG 0 VD 0 VDP 0 VWD 0 VLOCK 0 VUNLOCK 0 VCLOSE 0 VMAX 0 VLOCKUP 0 VDECR 0 V3SWAP 0 V2SWAP 0 NFC 0 NFB 0 NFS 0 NFPEN 0 NFT 0 TF 2
[SQ] 83052107: MC 0 MPC 0 TR 0 PMINT 0 PBURN 0 PSYNC 0 TC 0 LT 0 MG 0 VD 0 VDP 0 VWD 0 VLOCK 0 VUNLOCK 0 VCLOSE 0 VMAX 0 VLOCKUP 0 VDECR 0 V3SWAP 0 V2SWAP 0 NFC 0 NFB 0 NFS 0 NFPEN 0 NFT 0 TF 0
[SQ] 83052108: MC 0 MPC 0 TR 0 PMINT 0 PBURN 0 PSYNC 0 TC 0 LT 0 MG 0 VD 0 VDP 0 VWD 0 VLOCK 0 VUNLOCK 0 VCLOSE 0 VMAX 0 VLOCKUP 0 VDECR 0 V3SWAP 0 V2SWAP 0 NFC 0 NFB 0 NFS 0 NFPEN 0 NFT 0 TF 2
[SQ] 83052109: MC 0 MPC 0 TR 0 PMINT 0 PBURN 0 PSYNC 0 TC 0 LT 0 MG 0 VD 0 VDP 0 VWD 0 VLOCK 0 VUNLOCK 0 VCLOSE 0 VMAX 0 VLOCKUP 0 VDECR 0 V3SWAP 0 V2SWAP 0 NFC 0 NFB 0 NFS 0 NFPEN 0 NFT 0 TF 0
[SQ] 83052110: MC 0 MPC 0 TR 0 PMINT 0 PBURN 0 PSYNC 0 TC 0 LT 0 MG 0 VD 0 VDP 0 VWD 0 VLOCK 0 VUNLOCK 0 VCLOSE 0 VMAX 0 VLOCKUP 0 VDECR 0 V3SWAP 0 V2SWAP 0 NFC 0 NFB 0 NFS 0 NFPEN 0 NFT 0 TF 0
[SQ] 83052111: MC 0 MPC 0 TR 0 PMINT 0 PBURN 0 PSYNC 0 TC 0 LT 0 MG 0 VD 0 VDP 0 VWD 0 VLOCK 0 VUNLOCK 0 VCLOSE 0 VMAX 0 VLOCKUP 0 VDECR 0 V3SWAP 0 V2SWAP 0 NFC 0 NFB 0 NFS 0 NFPEN 0 NFT 0 TF 2
[SQ] 83052112: MC 0 MPC 0 TR 0 PMINT 0 PBURN 0 PSYNC 0 TC 0 LT 0 MG 0 VD 0 VDP 0 VWD 0 VLOCK 0 VUNLOCK 0 VCLOSE 0 VMAX 0 VLOCKUP 0 VDECR 0 V3SWAP 0 V2SWAP 0 NFC 0 NFB 0 NFS 0 NFPEN 0 NFT 0 TF 0
[SQ] 83052113: MC 0 MPC 0 TR 0 PMINT 0 PBURN 0 PSYNC 0 TC 0 LT 0 MG 0 VD 0 VDP 0 VWD 0 VLOCK 0 VUNLOCK 0 VCLOSE 0 VMAX 0 VLOCKUP 0 VDECR 0 V3SWAP 0 V2SWAP 0 NFC 0 NFB 0 NFS 0 NFPEN 0 NFT 0 TF 0
[SQ] 83052114: MC 0 MPC 0 TR 0 PMINT 0 PBURN 0 PSYNC 0 TC 0 LT 0 MG 0 VD 0 VDP 0 VWD 0 VLOCK 0 VUNLOCK 0 VCLOSE 0 VMAX 0 VLOCKUP 0 VDECR 0 V3SWAP 1 V2SWAP 0 NFC 0 NFB 0 NFS 0 NFPEN 0 NFT 0 TF 3
[SQ] 83052115: MC 0 MPC 0 TR 0 PMINT 0 PBURN 0 PSYNC 0 TC 0 LT 0 MG 0 VD 0 VDP 0 VWD 0 VLOCK 0 VUNLOCK 0 VCLOSE 0 VMAX 0 VLOCKUP 0 VDECR 0 V3SWAP 0 V2SWAP 0 NFC 0 NFB 0 NFS 0 NFPEN 0 NFT 0 TF 0
[SQ] 83052116: MC 0 MPC 0 TR 0 PMINT 0 PBURN 0 PSYNC 0 TC 0 LT 0 MG 0 VD 0 VDP 0 VWD 0 VLOCK 0 VUNLOCK 0 VCLOSE 0 VMAX 0 VLOCKUP 0 VDECR 0 V3SWAP 0 V2SWAP 0 NFC 0 NFB 0 NFS 0 NFPEN 0 NFT 0 TF 0
[SQ] 83052117: MC 0 MPC 0 TR 0 PMINT 0 PBURN 0 PSYNC 0 TC 0 LT 0 MG 0 VD 0 VDP 0 VWD 0 VLOCK 0 VUNLOCK 0 VCLOSE 0 VMAX 0 VLOCKUP 0 VDECR 0 V3SWAP 0 V2SWAP 0 NFC 0 NFB 0 NFS 0 NFPEN 0 NFT 0 TF 0
[SQ] 83052118: MC 0 MPC 0 TR 0 PMINT 0 PBURN 0 PSYNC 0 TC 0 LT 0 MG 0 VD 0 VDP 0 VWD 0 VLOCK 0 VUNLOCK 0 VCLOSE 0 VMAX 0 VLOCKUP 0 VDECR 0 V3SWAP 0 V2SWAP 0 NFC 0 NFB 0 NFS 0 NFPEN 0 NFT 0 TF 0
[SQ] 83052119: MC 0 MPC 0 TR 0 PMINT 0 PBURN 0 PSYNC 0 TC 0 LT 0 MG 0 VD 0 VDP 0 VWD 0 VLOCK 0 VUNLOCK 0 VCLOSE 0 VMAX 0 VLOCKUP 0 VDECR 0 V3SWAP 0 V2SWAP 0 NFC 0 NFB 0 NFS 0 NFPEN 0 NFT 0 TF 0
[SQ] 83052120: MC 0 MPC 0 TR 0 PMINT 0 PBURN 0 PSYNC 0 TC 0 LT 0 MG 0 VD 0 VDP 0 VWD 0 VLOCK 0 VUNLOCK 0 VCLOSE 0 VMAX 0 VLOCKUP 0 VDECR 0 V3SWAP 0 V2SWAP 0 NFC 0 NFB 0 NFS 0 NFPEN 0 NFT 0 TF 0
[SQ] 83052121: MC 0 MPC 0 TR 0 PMINT 0 PBURN 0 PSYNC 0 TC 0 LT 0 MG 0 VD 0 VDP 0 VWD 0 VLOCK 0 VUNLOCK 0 VCLOSE 0 VMAX 0 VLOCKUP 0 VDECR 0 V3SWAP 0 V2SWAP 0 NFC 0 NFB 0 NFS 0 NFPEN 0 NFT 0 TF 0
[SQ] 83052122: MC 0 MPC 0 TR 0 PMINT 0 PBURN 0 PSYNC 0 TC 0 LT 0 MG 0 VD 0 VDP 0 VWD 0 VLOCK 0 VUNLOCK 0 VCLOSE 0 VMAX 0 VLOCKUP 0 VDECR 0 V3SWAP 0 V2SWAP 0 NFC 0 NFB 0 NFS 0 NFPEN 0 NFT 0 TF 0
[SQ] 83052123: MC 0 MPC 0 TR 0 PMINT 0 PBURN 0 PSYNC 0 TC 0 LT 0 MG 0 VD 0 VDP 0 VWD 0 VLOCK 0 VUNLOCK 0 VCLOSE 0 VMAX 0 VLOCKUP 0 VDECR 0 V3SWAP 0 V2SWAP 0 NFC 0 NFB 0 NFS 0 NFPEN 0 NFT 0 TF 0
[SQ] 83052124: MC 0 MPC 0 TR 0 PMINT 0 PBURN 0 PSYNC 0 TC 0 LT 0 MG 0 VD 0 VDP 0 VWD 0 VLOCK 0 VUNLOCK 0 VCLOSE 0 VMAX 0 VLOCKUP 0 VDECR 0 V3SWAP 0 V2SWAP 0 NFC 0 NFB 0 NFS 0 NFPEN 0 NFT 0 TF 0
[SQ] 83052125: MC 0 MPC 0 TR 0 PMINT 0 PBURN 0 PSYNC 0 TC 0 LT 0 MG 0 VD 0 VDP 0 VWD 0 VLOCK 0 VUNLOCK 0 VCLOSE 0 VMAX 0 VLOCKUP 0 VDECR 0 V3SWAP 0 V2SWAP 0 NFC 0 NFB 0 NFS 0 NFPEN 0 NFT 0 TF 0
[SQ] 83052126: MC 0 MPC 0 TR 0 PMINT 0 PBURN 0 PSYNC 0 TC 0 LT 0 MG 0 VD 0 VDP 0 VWD 0 VLOCK 0 VUNLOCK 0 VCLOSE 0 VMAX 0 VLOCKUP 0 VDECR 0 V3SWAP 0 V2SWAP 0 NFC 0 NFB 0 NFS 0 NFPEN 0 NFT 0 TF 1
[SQ] 83052127: MC 0 MPC 0 TR 0 PMINT 0 PBURN 0 PSYNC 0 TC 0 LT 0 MG 0 VD 0 VDP 0 VWD 0 VLOCK 0 VUNLOCK 0 VCLOSE 0 VMAX 0 VLOCKUP 0 VDECR 0 V3SWAP 1 V2SWAP 0 NFC 0 NFB 0 NFS 0 NFPEN 0 NFT 0 TF 4
[SQ] 83052128: MC 0 MPC 0 TR 0 PMINT 0 PBURN 0 PSYNC 0 TC 0 LT 0 MG 0 VD 0 VDP 0 VWD 0 VLOCK 0 VUNLOCK 0 VCLOSE 0 VMAX 0 VLOCKUP 0 VDECR 0 V3SWAP 0 V2SWAP 0 NFC 0 NFB 0 NFS 0 NFPEN 0 NFT 0 TF 1
[SQ] 83052129: MC 0 MPC 0 TR 0 PMINT 0 PBURN 0 PSYNC 0 TC 0 LT 0 MG 0 VD 0 VDP 0 VWD 0 VLOCK 0 VUNLOCK 0 VCLOSE 0 VMAX 0 VLOCKUP 0 VDECR 0 V3SWAP 0 V2SWAP 0 NFC 0 NFB 0 NFS 0 NFPEN 0 NFT 0 TF 2
[SQ] 83052130: MC 0 MPC 0 TR 0 PMINT 0 PBURN 0 PSYNC 0 TC 0 LT 0 MG 0 VD 0 VDP 0 VWD 0 VLOCK 0 VUNLOCK 0 VCLOSE 0 VMAX 0 VLOCKUP 0 VDECR 0 V3SWAP 0 V2SWAP 0 NFC 0 NFB 0 NFS 0 NFPEN 0 NFT 0 TF 0
[SQ] 83052131: MC 0 MPC 0 TR 0 PMINT 0 PBURN 0 PSYNC 0 TC 0 LT 0 MG 0 VD 0 VDP 0 VWD 0 VLOCK 0 VUNLOCK 0 VCLOSE 0 VMAX 0 VLOCKUP 0 VDECR 0 V3SWAP 0 V2SWAP 0 NFC 0 NFB 0 NFS 0 NFPEN 0 NFT 0 TF 0
[SQ] 83052132: MC 0 MPC 0 TR 0 PMINT 0 PBURN 0 PSYNC 0 TC 0 LT 0 MG 0 VD 0 VDP 0 VWD 0 VLOCK 0 VUNLOCK 0 VCLOSE 0 VMAX 0 VLOCKUP 0 VDECR 0 V3SWAP 0 V2SWAP 0 NFC 0 NFB 0 NFS 0 NFPEN 0 NFT 0 TF 0
[SQ] 83052133: MC 0 MPC 0 TR 0 PMINT 0 PBURN 0 PSYNC 0 TC 0 LT 0 MG 0 VD 0 VDP 0 VWD 0 VLOCK 0 VUNLOCK 0 VCLOSE 0 VMAX 0 VLOCKUP 0 VDECR 0 V3SWAP 0 V2SWAP 0 NFC 0 NFB 0 NFS 0 NFPEN 0 NFT 0 TF 0
[SQ] 83052134: MC 0 MPC 0 TR 0 PMINT 0 PBURN 0 PSYNC 0 TC 0 LT 0 MG 0 VD 0 VDP 0 VWD 0 VLOCK 0 VUNLOCK 0 VCLOSE 0 VMAX 0 VLOCKUP 0 VDECR 0 V3SWAP 0 V2SWAP 0 NFC 0 NFB 0 NFS 0 NFPEN 0 NFT 0 TF 0
[SQ] 83052135: MC 0 MPC 0 TR 0 PMINT 0 PBURN 0 PSYNC 0 TC 0 LT 0 MG 0 VD 0 VDP 0 VWD 0 VLOCK 0 VUNLOCK 0 VCLOSE 0 VMAX 0 VLOCKUP 0 VDECR 0 V3SWAP 0 V2SWAP 0 NFC 0 NFB 0 NFS 0 NFPEN 0 NFT 0 TF 0
[SQ] 83052136: MC 0 MPC 0 TR 0 PMINT 0 PBURN 0 PSYNC 0 TC 0 LT 0 MG 0 VD 0 VDP 0 VWD 0 VLOCK 0 VUNLOCK 0 VCLOSE 0 VMAX 0 VLOCKUP 0 VDECR 0 V3SWAP 0 V2SWAP 0 NFC 0 NFB 0 NFS 0 NFPEN 0 NFT 0 TF 0
[SQ] 83052137: MC 0 MPC 0 TR 0 PMINT 0 PBURN 0 PSYNC 0 TC 0 LT 0 MG 0 VD 0 VDP 0 VWD 0 VLOCK 0 VUNLOCK 0 VCLOSE 0 VMAX 0 VLOCKUP 0 VDECR 0 V3SWAP 0 V2SWAP 0 NFC 0 NFB 0 NFS 0 NFPEN 0 NFT 0 TF 0
[SQ] 83052138: MC 0 MPC 0 TR 0 PMINT 0 PBURN 0 PSYNC 0 TC 0 LT 0 MG 0 VD 0 VDP 0 VWD 0 VLOCK 0 VUNLOCK 0 VCLOSE 0 VMAX 0 VLOCKUP 0 VDECR 0 V3SWAP 0 V2SWAP 0 NFC 0 NFB 0 NFS 0 NFPEN 0 NFT 0 TF 0
[SQ] 83052139: MC 0 MPC 0 TR 0 PMINT 0 PBURN 0 PSYNC 0 TC 0 LT 0 MG 0 VD 0 VDP 0 VWD 0 VLOCK 0 VUNLOCK 0 VCLOSE 0 VMAX 0 VLOCKUP 0 VDECR 0 V3SWAP 0 V2SWAP 0 NFC 0 NFB 0 NFS 0 NFPEN 0 NFT 0 TF 0
[SQ] 83052140: MC 0 MPC 0 TR 0 PMINT 0 PBURN 0 PSYNC 0 TC 0 LT 0 MG 0 VD 0 VDP 0 VWD 0 VLOCK 0 VUNLOCK 0 VCLOSE 0 VMAX 0 VLOCKUP 0 VDECR 0 V3SWAP 0 V2SWAP 0 NFC 0 NFB 0 NFS 0 NFPEN 0 NFT 0 TF 0
[SQ] 83052141: MC 0 MPC 0 TR 0 PMINT 0 PBURN 0 PSYNC 0 TC 0 LT 0 MG 0 VD 0 VDP 0 VWD 0 VLOCK 0 VUNLOCK 0 VCLOSE 0 VMAX 0 VLOCKUP 0 VDECR 0 V3SWAP 0 V2SWAP 0 NFC 0 NFB 0 NFS 0 NFPEN 0 NFT 0 TF 0
[SQ] 83052142: MC 0 MPC 0 TR 0 PMINT 0 PBURN 0 PSYNC 0 TC 0 LT 0 MG 0 VD 0 VDP 0 VWD 0 VLOCK 0 VUNLOCK 0 VCLOSE 0 VMAX 0 VLOCKUP 0 VDECR 0 V3SWAP 0 V2SWAP 0 NFC 0 NFB 0 NFS 0 NFPEN 0 NFT 0 TF 0
[SQ] 83052143: MC 0 MPC 0 TR 0 PMINT 0 PBURN 0 PSYNC 0 TC 0 LT 0 MG 0 VD 0 VDP 0 VWD 0 VLOCK 0 VUNLOCK 0 VCLOSE 0 VMAX 0 VLOCKUP 0 VDECR 0 V3SWAP 0 V2SWAP 0 NFC 0 NFB 0 NFS 0 NFPEN 0 NFT 0 TF 0
[SQ] 83052144: MC 0 MPC 0 TR 0 PMINT 0 PBURN 0 PSYNC 0 TC 0 LT 0 MG 0 VD 0 VDP 0 VWD 0 VLOCK 0 VUNLOCK 0 VCLOSE 0 VMAX 0 VLOCKUP 0 VDECR 0 V3SWAP 0 V2SWAP 0 NFC 0 NFB 0 NFS 0 NFPEN 0 NFT 0 TF 0
[SQ] 83052145: MC 0 MPC 0 TR 0 PMINT 0 PBURN 0 PSYNC 0 TC 0 LT 0 MG 0 VD 0 VDP 0 VWD 0 VLOCK 0 VUNLOCK 0 VCLOSE 0 VMAX 0 VLOCKUP 0 VDECR 0 V3SWAP 0 V2SWAP 0 NFC 0 NFB 0 NFS 0 NFPEN 0 NFT 0 TF 0
[SQ] 83052146: MC 0 MPC 0 TR 0 PMINT 0 PBURN 0 PSYNC 0 TC 0 LT 0 MG 0 VD 0 VDP 0 VWD 0 VLOCK 0 VUNLOCK 0 VCLOSE 0 VMAX 0 VLOCKUP 0 VDECR 0 V3SWAP 0 V2SWAP 0 NFC 0 NFB 0 NFS 0 NFPEN 0 NFT 0 TF 0
[SQ] 83052147: MC 0 MPC 0 TR 0 PMINT 0 PBURN 0 PSYNC 0 TC 0 LT 0 MG 0 VD 0 VDP 0 VWD 0 VLOCK 0 VUNLOCK 0 VCLOSE 0 VMAX 0 VLOCKUP 0 VDECR 0 V3SWAP 0 V2SWAP 0 NFC 0 NFB 0 NFS 0 NFPEN 0 NFT 0 TF 0
[SQ] 83052148: MC 0 MPC 0 TR 0 PMINT 0 PBURN 0 PSYNC 0 TC 0 LT 0 MG 0 VD 0 VDP 0 VWD 0 VLOCK 0 VUNLOCK 0 VCLOSE 0 VMAX 0 VLOCKUP 0 VDECR 0 V3SWAP 0 V2SWAP 0 NFC 0 NFB 0 NFS 0 NFPEN 0 NFT 0 TF 0
[SQ] 83052149: MC 0 MPC 0 TR 0 PMINT 0 PBURN 0 PSYNC 0 TC 0 LT 0 MG 0 VD 0 VDP 0 VWD 0 VLOCK 0 VUNLOCK 0 VCLOSE 0 VMAX 0 VLOCKUP 0 VDECR 0 V3SWAP 1 V2SWAP 0 NFC 0 NFB 0 NFS 0 NFPEN 0 NFT 0 TF 3
[SQ] 83052150: MC 0 MPC 0 TR 0 PMINT 0 PBURN 0 PSYNC 0 TC 0 LT 0 MG 0 VD 0 VDP 0 VWD 0 VLOCK 0 VUNLOCK 0 VCLOSE 0 VMAX 0 VLOCKUP 0 VDECR 0 V3SWAP 0 V2SWAP 0 NFC 0 NFB 0 NFS 0 NFPEN 0 NFT 0 TF 0
[SQ] 83052151: MC 0 MPC 0 TR 0 PMINT 0 PBURN 0 PSYNC 0 TC 0 LT 0 MG 0 VD 0 VDP 0 VWD 0 VLOCK 0 VUNLOCK 0 VCLOSE 0 VMAX 0 VLOCKUP 0 VDECR 0 V3SWAP 0 V2SWAP 0 NFC 0 NFB 0 NFS 0 NFPEN 0 NFT 0 TF 0
[SQ] 83052152: MC 0 MPC 0 TR 0 PMINT 0 PBURN 0 PSYNC 0 TC 0 LT 0 MG 0 VD 0 VDP 0 VWD 0 VLOCK 0 VUNLOCK 0 VCLOSE 0 VMAX 0 VLOCKUP 0 VDECR 0 V3SWAP 0 V2SWAP 0 NFC 0 NFB 0 NFS 0 NFPEN 0 NFT 0 TF 0
[SQ] 83052153: MC 0 MPC 0 TR 0 PMINT 0 PBURN 0 PSYNC 0 TC 0 LT 0 MG 0 VD 0 VDP 0 VWD 0 VLOCK 0 VUNLOCK 0 VCLOSE 0 VMAX 0 VLOCKUP 0 VDECR 0 V3SWAP 0 V2SWAP 0 NFC 0 NFB 0 NFS 0 NFPEN 0 NFT 0 TF 0
[SQ] 83052154: MC 0 MPC 0 TR 0 PMINT 0 PBURN 0 PSYNC 0 TC 0 LT 0 MG 0 VD 0 VDP 0 VWD 0 VLOCK 0 VUNLOCK 0 VCLOSE 0 VMAX 0 VLOCKUP 0 VDECR 0 V3SWAP 0 V2SWAP 0 NFC 0 NFB 0 NFS 0 NFPEN 0 NFT 0 TF 0
[SQ] 83052155: MC 0 MPC 0 TR 0 PMINT 0 PBURN 0 PSYNC 0 TC 0 LT 0 MG 0 VD 0 VDP 0 VWD 0 VLOCK 0 VUNLOCK 0 VCLOSE 0 VMAX 0 VLOCKUP 0 VDECR 0 V3SWAP 0 V2SWAP 0 NFC 0 NFB 0 NFS 0 NFPEN 0 NFT 0 TF 0
[SQ] 83052156: MC 0 MPC 0 TR 0 PMINT 0 PBURN 0 PSYNC 0 TC 0 LT 0 MG 0 VD 0 VDP 0 VWD 0 VLOCK 0 VUNLOCK 0 VCLOSE 0 VMAX 0 VLOCKUP 0 VDECR 0 V3SWAP 0 V2SWAP 0 NFC 0 NFB 0 NFS 0 NFPEN 0 NFT 0 TF 0
[SQ] 83052157: MC 0 MPC 0 TR 0 PMINT 0 PBURN 0 PSYNC 0 TC 0 LT 0 MG 0 VD 0 VDP 0 VWD 0 VLOCK 0 VUNLOCK 0 VCLOSE 0 VMAX 0 VLOCKUP 0 VDECR 0 V3SWAP 0 V2SWAP 0 NFC 0 NFB 0 NFS 0 NFPEN 0 NFT 0 TF 0
[SQ] 83052158: MC 0 MPC 0 TR 0 PMINT 0 PBURN 0 PSYNC 0 TC 0 LT 0 MG 0 VD 0 VDP 0 VWD 0 VLOCK 0 VUNLOCK 0 VCLOSE 0 VMAX 0 VLOCKUP 0 VDECR 0 V3SWAP 0 V2SWAP 0 NFC 0 NFB 0 NFS 0 NFPEN 0 NFT 0 TF 0
[SQ] 83052159: MC 0 MPC 0 TR 0 PMINT 0 PBURN 0 PSYNC 0 TC 0 LT 0 MG 0 VD 0 VDP 0 VWD 0 VLOCK 0 VUNLOCK 0 VCLOSE 0 VMAX 0 VLOCKUP 0 VDECR 0 V3SWAP 0 V2SWAP 0 NFC 0 NFB 0 NFS 0 NFPEN 0 NFT 0 TF 0
[SQ] 83052160: MC 0 MPC 0 TR 0 PMINT 0 PBURN 0 PSYNC 0 TC 0 LT 0 MG 0 VD 0 VDP 0 VWD 0 VLOCK 0 VUNLOCK 0 VCLOSE 0 VMAX 0 VLOCKUP 0 VDECR 0 V3SWAP 0 V2SWAP 0 NFC 0 NFB 0 NFS 0 NFPEN 0 NFT 0 TF 0
[SQ] 83052161: MC 0 MPC 0 TR 0 PMINT 0 PBURN 0 PSYNC 0 TC 0 LT 0 MG 0 VD 0 VDP 0 VWD 0 VLOCK 0 VUNLOCK 0 VCLOSE 0 VMAX 0 VLOCKUP 0 VDECR 0 V3SWAP 0 V2SWAP 0 NFC 0 NFB 0 NFS 0 NFPEN 0 NFT 0 TF 0
[SQ] 83052162: MC 0 MPC 0 TR 0 PMINT 0 PBURN 0 PSYNC 0 TC 0 LT 0 MG 0 VD 0 VDP 0 VWD 0 VLOCK 0 VUNLOCK 0 VCLOSE 0 VMAX 0 VLOCKUP 0 VDECR 0 V3SWAP 1 V2SWAP 0 NFC 0 NFB 0 NFS 0 NFPEN 0 NFT 0 TF 9
[SQ] 83052163: MC 0 MPC 0 TR 0 PMINT 0 PBURN 0 PSYNC 0 TC 0 LT 0 MG 0 VD 0 VDP 0 VWD 0 VLOCK 0 VUNLOCK 0 VCLOSE 0 VMAX 0 VLOCKUP 0 VDECR 0 V3SWAP 0 V2SWAP 0 NFC 0 NFB 0 NFS 0 NFPEN 0 NFT 0 TF 0
[SQ] 83052164: MC 0 MPC 0 TR 0 PMINT 0 PBURN 0 PSYNC 0 TC 0 LT 0 MG 0 VD 0 VDP 0 VWD 0 VLOCK 0 VUNLOCK 0 VCLOSE 0 VMAX 0 VLOCKUP 0 VDECR 0 V3SWAP 0 V2SWAP 0 NFC 0 NFB 0 NFS 0 NFPEN 0 NFT 0 TF 6
[SQ] 83052165: MC 0 MPC 0 TR 0 PMINT 0 PBURN 0 PSYNC 0 TC 0 LT 0 MG 0 VD 0 VDP 0 VWD 0 VLOCK 0 VUNLOCK 0 VCLOSE 0 VMAX 0 VLOCKUP 0 VDECR 0 V3SWAP 0 V2SWAP 0 NFC 0 NFB 0 NFS 0 NFPEN 0 NFT 0 TF 0
[SQ] 83052166: MC 0 MPC 0 TR 0 PMINT 0 PBURN 0 PSYNC 0 TC 0 LT 0 MG 0 VD 0 VDP 0 VWD 0 VLOCK 0 VUNLOCK 0 VCLOSE 0 VMAX 0 VLOCKUP 0 VDECR 0 V3SWAP 0 V2SWAP 0 NFC 0 NFB 0 NFS 0 NFPEN 0 NFT 0 TF 0
[SQ] 83052167: MC 0 MPC 0 TR 0 PMINT 0 PBURN 0 PSYNC 0 TC 0 LT 0 MG 0 VD 0 VDP 0 VWD 0 VLOCK 0 VUNLOCK 0 VCLOSE 0 VMAX 0 VLOCKUP 0 VDECR 0 V3SWAP 0 V2SWAP 0 NFC 0 NFB 0 NFS 0 NFPEN 0 NFT 0 TF 0
[SQ] 83052168: MC 0 MPC 0 TR 0 PMINT 0 PBURN 0 PSYNC 0 TC 0 LT 0 MG 0 VD 0 VDP 0 VWD 0 VLOCK 0 VUNLOCK 0 VCLOSE 0 VMAX 0 VLOCKUP 0 VDECR 0 V3SWAP 0 V2SWAP 0 NFC 0 NFB 0 NFS 0 NFPEN 0 NFT 0 TF 0
[SQ] 83052169: MC 0 MPC 0 TR 0 PMINT 0 PBURN 0 PSYNC 0 TC 0 LT 0 MG 0 VD 0 VDP 0 VWD 0 VLOCK 0 VUNLOCK 0 VCLOSE 0 VMAX 0 VLOCKUP 0 VDECR 0 V3SWAP 0 V2SWAP 0 NFC 0 NFB 0 NFS 0 NFPEN 0 NFT 0 TF 0
[SQ] 83052170: MC 0 MPC 0 TR 0 PMINT 0 PBURN 0 PSYNC 0 TC 0 LT 0 MG 0 VD 0 VDP 0 VWD 0 VLOCK 0 VUNLOCK 0 VCLOSE 0 VMAX 0 VLOCKUP 0 VDECR 0 V3SWAP 0 V2SWAP 0 NFC 0 NFB 0 NFS 0 NFPEN 0 NFT 0 TF 0
[SQ] 83052171: MC 0 MPC 0 TR 0 PMINT 0 PBURN 0 PSYNC 0 TC 0 LT 0 MG 0 VD 0 VDP 0 VWD 0 VLOCK 0 VUNLOCK 0 VCLOSE 0 VMAX 0 VLOCKUP 0 VDECR 0 V3SWAP 0 V2SWAP 0 NFC 0 NFB 0 NFS 0 NFPEN 0 NFT 0 TF 0
[SQ] 83052172: MC 0 MPC 0 TR 0 PMINT 0 PBURN 0 PSYNC 0 TC 0 LT 0 MG 0 VD 0 VDP 0 VWD 0 VLOCK 0 VUNLOCK 0 VCLOSE 0 VMAX 0 VLOCKUP 0 VDECR 0 V3SWAP 0 V2SWAP 0 NFC 0 NFB 0 NFS 0 NFPEN 0 NFT 0 TF 0
[SQ] 83052173: MC 0 MPC 0 TR 0 PMINT 0 PBURN 0 PSYNC 0 TC 0 LT 0 MG 0 VD 0 VDP 0 VWD 0 VLOCK 0 VUNLOCK 0 VCLOSE 0 VMAX 0 VLOCKUP 0 VDECR 0 V3SWAP 0 V2SWAP 0 NFC 0 NFB 0 NFS 0 NFPEN 0 NFT 0 TF 0
[SQ] 83052174: MC 0 MPC 0 TR 0 PMINT 0 PBURN 0 PSYNC 0 TC 0 LT 0 MG 0 VD 0 VDP 0 VWD 0 VLOCK 0 VUNLOCK 0 VCLOSE 0 VMAX 0 VLOCKUP 0 VDECR 0 V3SWAP 0 V2SWAP 0 NFC 0 NFB 0 NFS 0 NFPEN 0 NFT 0 TF 0
[SQ] 83052175: MC 0 MPC 0 TR 0 PMINT 0 PBURN 0 PSYNC 0 TC 0 LT 0 MG 0 VD 0 VDP 0 VWD 0 VLOCK 0 VUNLOCK 0 VCLOSE 0 VMAX 0 VLOCKUP 0 VDECR 0 V3SWAP 0 V2SWAP 0 NFC 0 NFB 0 NFS 0 NFPEN 0 NFT 0 TF 0
[SQ] 83052176: MC 0 MPC 0 TR 0 PMINT 0 PBURN 0 PSYNC 0 TC 0 LT 0 MG 0 VD 0 VDP 0 VWD 0 VLOCK 0 VUNLOCK 0 VCLOSE 0 VMAX 0 VLOCKUP 0 VDECR 0 V3SWAP 0 V2SWAP 0 NFC 0 NFB 0 NFS 0 NFPEN 0 NFT 0 TF 2
[SQ] 83052177: MC 0 MPC 0 TR 0 PMINT 0 PBURN 0 PSYNC 0 TC 0 LT 0 MG 0 VD 0 VDP 0 VWD 0 VLOCK 0 VUNLOCK 0 VCLOSE 0 VMAX 0 VLOCKUP 0 VDECR 0 V3SWAP 0 V2SWAP 0 NFC 0 NFB 0 NFS 0 NFPEN 0 NFT 0 TF 0
[SQ] 83052178: MC 0 MPC 0 TR 0 PMINT 0 PBURN 0 PSYNC 0 TC 0 LT 0 MG 0 VD 0 VDP 0 VWD 0 VLOCK 0 VUNLOCK 0 VCLOSE 0 VMAX 0 VLOCKUP 0 VDECR 0 V3SWAP 0 V2SWAP 0 NFC 0 NFB 0 NFS 0 NFPEN 0 NFT 0 TF 3
[SQ] 83052179: MC 0 MPC 0 TR 0 PMINT 0 PBURN 0 PSYNC 0 TC 0 LT 0 MG 0 VD 0 VDP 0 VWD 0 VLOCK 0 VUNLOCK 0 VCLOSE 0 VMAX 0 VLOCKUP 0 VDECR 0 V3SWAP 0 V2SWAP 0 NFC 0 NFB 0 NFS 0 NFPEN 0 NFT 0 TF 0
[SQ] 83052180: MC 0 MPC 0 TR 0 PMINT 0 PBURN 0 PSYNC 0 TC 0 LT 0 MG 0 VD 0 VDP 0 VWD 0 VLOCK 0 VUNLOCK 0 VCLOSE 0 VMAX 0 VLOCKUP 0 VDECR 0 V3SWAP 0 V2SWAP 0 NFC 0 NFB 0 NFS 0 NFPEN 0 NFT 0 TF 0
[SQ] 83052181: MC 0 MPC 0 TR 0 PMINT 0 PBURN 0 PSYNC 0 TC 0 LT 0 MG 0 VD 0 VDP 0 VWD 0 VLOCK 0 VUNLOCK 0 VCLOSE 0 VMAX 0 VLOCKUP 0 VDECR 0 V3SWAP 0 V2SWAP 0 NFC 0 NFB 0 NFS 0 NFPEN 0 NFT 0 TF 2
[SQ] 83052182: MC 0 MPC 0 TR 0 PMINT 0 PBURN 0 PSYNC 0 TC 0 LT 0 MG 0 VD 0 VDP 0 VWD 0 VLOCK 0 VUNLOCK 0 VCLOSE 0 VMAX 0 VLOCKUP 0 VDECR 0 V3SWAP 0 V2SWAP 0 NFC 0 NFB 0 NFS 0 NFPEN 0 NFT 0 TF 0
[SQ] 83052183: MC 0 MPC 0 TR 0 PMINT 0 PBURN 0 PSYNC 0 TC 0 LT 0 MG 0 VD 0 VDP 0 VWD 0 VLOCK 0 VUNLOCK 0 VCLOSE 0 VMAX 0 VLOCKUP 0 VDECR 0 V3SWAP 0 V2SWAP 0 NFC 0 NFB 0 NFS 0 NFPEN 0 NFT 0 TF 0
[SQ] 83052184: MC 0 MPC 0 TR 0 PMINT 0 PBURN 0 PSYNC 0 TC 0 LT 0 MG 0 VD 0 VDP 0 VWD 0 VLOCK 0 VUNLOCK 0 VCLOSE 0 VMAX 0 VLOCKUP 0 VDECR 0 V3SWAP 1 V2SWAP 0 NFC 0 NFB 0 NFS 0 NFPEN 0 NFT 0 TF 3
[SQ] 83052185: MC 0 MPC 0 TR 0 PMINT 0 PBURN 0 PSYNC 0 TC 0 LT 0 MG 0 VD 0 VDP 0 VWD 0 VLOCK 0 VUNLOCK 0 VCLOSE 0 VMAX 0 VLOCKUP 0 VDECR 0 V3SWAP 0 V2SWAP 0 NFC 0 NFB 0 NFS 0 NFPEN 0 NFT 0 TF 0
[SQ] 83052186: MC 0 MPC 0 TR 0 PMINT 0 PBURN 0 PSYNC 0 TC 0 LT 0 MG 0 VD 0 VDP 0 VWD 0 VLOCK 0 VUNLOCK 0 VCLOSE 0 VMAX 0 VLOCKUP 0 VDECR 0 V3SWAP 0 V2SWAP 0 NFC 0 NFB 0 NFS 0 NFPEN 0 NFT 0 TF 0
[SQ] 83052187: MC 0 MPC 0 TR 0 PMINT 0 PBURN 0 PSYNC 0 TC 0 LT 0 MG 0 VD 0 VDP 0 VWD 0 VLOCK 0 VUNLOCK 0 VCLOSE 0 VMAX 0 VLOCKUP 0 VDECR 0 V3SWAP 0 V2SWAP 0 NFC 0 NFB 0 NFS 0 NFPEN 0 NFT 0 TF 0
[SQ] 83052188: MC 0 MPC 0 TR 0 PMINT 0 PBURN 0 PSYNC 0 TC 0 LT 0 MG 0 VD 0 VDP 0 VWD 0 VLOCK 0 VUNLOCK 0 VCLOSE 0 VMAX 0 VLOCKUP 0 VDECR 0 V3SWAP 0 V2SWAP 0 NFC 0 NFB 0 NFS 0 NFPEN 0 NFT 0 TF 2
[SQ] 83052189: MC 0 MPC 0 TR 0 PMINT 0 PBURN 0 PSYNC 0 TC 0 LT 0 MG 0 VD 0 VDP 0 VWD 0 VLOCK 0 VUNLOCK 0 VCLOSE 0 VMAX 0 VLOCKUP 0 VDECR 0 V3SWAP 0 V2SWAP 0 NFC 0 NFB 0 NFS 0 NFPEN 0 NFT 0 TF 0
[SQ] 83052190: MC 0 MPC 0 TR 0 PMINT 0 PBURN 0 PSYNC 0 TC 0 LT 0 MG 0 VD 0 VDP 0 VWD 0 VLOCK 0 VUNLOCK 0 VCLOSE 0 VMAX 0 VLOCKUP 0 VDECR 0 V3SWAP 0 V2SWAP 0 NFC 0 NFB 0 NFS 0 NFPEN 0 NFT 0 TF 2
[SQ] 83052191: MC 0 MPC 0 TR 0 PMINT 0 PBURN 0 PSYNC 0 TC 0 LT 0 MG 0 VD 0 VDP 0 VWD 0 VLOCK 0 VUNLOCK 0 VCLOSE 0 VMAX 0 VLOCKUP 0 VDECR 0 V3SWAP 0 V2SWAP 0 NFC 0 NFB 0 NFS 0 NFPEN 0 NFT 0 TF 0
[SQ] 83052192: MC 0 MPC 0 TR 0 PMINT 0 PBURN 0 PSYNC 0 TC 0 LT 0 MG 0 VD 0 VDP 0 VWD 0 VLOCK 0 VUNLOCK 0 VCLOSE 0 VMAX 0 VLOCKUP 0 VDECR 0 V3SWAP 0 V2SWAP 0 NFC 0 NFB 0 NFS 0 NFPEN 0 NFT 0 TF 1
[SQ] 83052193: MC 0 MPC 0 TR 0 PMINT 0 PBURN 0 PSYNC 0 TC 0 LT 0 MG 0 VD 0 VDP 0 VWD 0 VLOCK 0 VUNLOCK 0 VCLOSE 0 VMAX 0 VLOCKUP 0 VDECR 0 V3SWAP 0 V2SWAP 0 NFC 0 NFB 0 NFS 0 NFPEN 0 NFT 0 TF 0
[SQ] 83052194: MC 0 MPC 0 TR 0 PMINT 0 PBURN 0 PSYNC 0 TC 0 LT 0 MG 0 VD 0 VDP 0 VWD 0 VLOCK 0 VUNLOCK 0 VCLOSE 0 VMAX 0 VLOCKUP 0 VDECR 0 V3SWAP 0 V2SWAP 0 NFC 0 NFB 0 NFS 0 NFPEN 0 NFT 0 TF 0
[SQ] 83052195: MC 0 MPC 0 TR 0 PMINT 0 PBURN 0 PSYNC 0 TC 0 LT 0 MG 0 VD 0 VDP 0 VWD 0 VLOCK 0 VUNLOCK 0 VCLOSE 0 VMAX 0 VLOCKUP 0 VDECR 0 V3SWAP 0 V2SWAP 0 NFC 0 NFB 0 NFS 0 NFPEN 0 NFT 0 TF 2
[SQ] 83052196: MC 0 MPC 0 TR 0 PMINT 0 PBURN 0 PSYNC 0 TC 0 LT 0 MG 0 VD 0 VDP 0 VWD 0 VLOCK 0 VUNLOCK 0 VCLOSE 0 VMAX 0 VLOCKUP 0 VDECR 0 V3SWAP 0 V2SWAP 0 NFC 0 NFB 0 NFS 0 NFPEN 0 NFT 0 TF 0
[SQ] 83052197: MC 0 MPC 0 TR 0 PMINT 0 PBURN 0 PSYNC 0 TC 0 LT 0 MG 0 VD 0 VDP 0 VWD 0 VLOCK 0 VUNLOCK 0 VCLOSE 0 VMAX 0 VLOCKUP 0 VDECR 0 V3SWAP 0 V2SWAP 0 NFC 0 NFB 0 NFS 0 NFPEN 0 NFT 0 TF 0
[SQ] 83052198: MC 0 MPC 0 TR 0 PMINT 0 PBURN 0 PSYNC 0 TC 0 LT 0 MG 0 VD 0 VDP 0 VWD 0 VLOCK 0 VUNLOCK 0 VCLOSE 0 VMAX 0 VLOCKUP 0 VDECR 0 V3SWAP 1 V2SWAP 0 NFC 0 NFB 0 NFS 0 NFPEN 0 NFT 0 TF 5
[SQ] 83052199: MC 0 MPC 0 TR 0 PMINT 0 PBURN 0 PSYNC 0 TC 0 LT 0 MG 0 VD 0 VDP 0 VWD 0 VLOCK 0 VUNLOCK 0 VCLOSE 0 VMAX 0 VLOCKUP 0 VDECR 0 V3SWAP 0 V2SWAP 0 NFC 0 NFB 0 NFS 0 NFPEN 0 NFT 0 TF 0
[SQ] 83052200: MC 0 MPC 0 TR 0 PMINT 0 PBURN 0 PSYNC 0 TC 0 LT 0 MG 0 VD 0 VDP 0 VWD 0 VLOCK 0 VUNLOCK 0 VCLOSE 0 VMAX 0 VLOCKUP 0 VDECR 0 V3SWAP 0 V2SWAP 0 NFC 0 NFB 0 NFS 0 NFPEN 0 NFT 0 TF 2
[SQ] 83052201: MC 0 MPC 0 TR 0 PMINT 0 PBURN 0 PSYNC 0 TC 0 LT 0 MG 0 VD 0 VDP 0 VWD 0 VLOCK 0 VUNLOCK 0 VCLOSE 0 VMAX 0 VLOCKUP 0 VDECR 0 V3SWAP 0 V2SWAP 0 NFC 0 NFB 0 NFS 0 NFPEN 0 NFT 0 TF 0
[SQ] 83052202: MC 0 MPC 0 TR 0 PMINT 0 PBURN 0 PSYNC 0 TC 0 LT 0 MG 0 VD 0 VDP 0 VWD 0 VLOCK 0 VUNLOCK 0 VCLOSE 0 VMAX 0 VLOCKUP 0 VDECR 0 V3SWAP 0 V2SWAP 0 NFC 0 NFB 0 NFS 0 NFPEN 0 NFT 0 TF 0
[SQ] 83052203: MC 0 MPC 0 TR 0 PMINT 0 PBURN 0 PSYNC 0 TC 0 LT 0 MG 0 VD 0 VDP 0 VWD 0 VLOCK 0 VUNLOCK 0 VCLOSE 0 VMAX 0 VLOCKUP 0 VDECR 0 V3SWAP 0 V2SWAP 0 NFC 0 NFB 0 NFS 0 NFPEN 0 NFT 0 TF 2
[SQ] 83052204: MC 0 MPC 0 TR 0 PMINT 0 PBURN 0 PSYNC 0 TC 0 LT 0 MG 0 VD 0 VDP 0 VWD 0 VLOCK 0 VUNLOCK 0 VCLOSE 0 VMAX 0 VLOCKUP 0 VDECR 0 V3SWAP 0 V2SWAP 0 NFC 0 NFB 0 NFS 0 NFPEN 0 NFT 0 TF 0
[SQ] 83052205: MC 0 MPC 0 TR 0 PMINT 0 PBURN 0 PSYNC 0 TC 0 LT 0 MG 0 VD 0 VDP 0 VWD 0 VLOCK 0 VUNLOCK 0 VCLOSE 0 VMAX 0 VLOCKUP 0 VDECR 0 V3SWAP 0 V2SWAP 0 NFC 0 NFB 0 NFS 0 NFPEN 0 NFT 0 TF 0
[SQ] 83052206: MC 0 MPC 0 TR 0 PMINT 0 PBURN 0 PSYNC 0 TC 0 LT 0 MG 0 VD 0 VDP 0 VWD 0 VLOCK 0 VUNLOCK 0 VCLOSE 0 VMAX 0 VLOCKUP 0 VDECR 0 V3SWAP 0 V2SWAP 0 NFC 0 NFB 0 NFS 0 NFPEN 0 NFT 0 TF 4
[SQ] 83052207: MC 0 MPC 0 TR 0 PMINT 0 PBURN 0 PSYNC 0 TC 0 LT 0 MG 0 VD 0 VDP 0 VWD 0 VLOCK 0 VUNLOCK 0 VCLOSE 0 VMAX 0 VLOCKUP 0 VDECR 0 V3SWAP 0 V2SWAP 0 NFC 0 NFB 0 NFS 0 NFPEN 0 NFT 0 TF 0
[SQ] 83052208: MC 0 MPC 0 TR 0 PMINT 0 PBURN 0 PSYNC 0 TC 0 LT 0 MG 0 VD 0 VDP 0 VWD 0 VLOCK 0 VUNLOCK 0 VCLOSE 0 VMAX 0 VLOCKUP 0 VDECR 0 V3SWAP 0 V2SWAP 0 NFC 0 NFB 0 NFS 0 NFPEN 0 NFT 0 TF 2
[SQ] 83052209: MC 0 MPC 0 TR 0 PMINT 0 PBURN 0 PSYNC 0 TC 0 LT 0 MG 0 VD 0 VDP 0 VWD 0 VLOCK 0 VUNLOCK 0 VCLOSE 0 VMAX 0 VLOCKUP 0 VDECR 0 V3SWAP 0 V2SWAP 0 NFC 0 NFB 0 NFS 0 NFPEN 0 NFT 0 TF 0
[SQ] 83052210: MC 0 MPC 0 TR 0 PMINT 0 PBURN 0 PSYNC 0 TC 0 LT 0 MG 0 VD 0 VDP 0 VWD 0 VLOCK 0 VUNLOCK 0 VCLOSE 0 VMAX 0 VLOCKUP 0 VDECR 0 V3SWAP 0 V2SWAP 0 NFC 0 NFB 0 NFS 0 NFPEN 0 NFT 0 TF 0
[SQ] 83052211: MC 0 MPC 0 TR 0 PMINT 0 PBURN 0 PSYNC 0 TC 0 LT 0 MG 0 VD 0 VDP 0 VWD 0 VLOCK 0 VUNLOCK 0 VCLOSE 0 VMAX 0 VLOCKUP 0 VDECR 0 V3SWAP 0 V2SWAP 0 NFC 0 NFB 0 NFS 0 NFPEN 0 NFT 0 TF 0
[SQ] 83052212: MC 0 MPC 0 TR 0 PMINT 0 PBURN 0 PSYNC 0 TC 0 LT 0 MG 0 VD 0 VDP 0 VWD 0 VLOCK 0 VUNLOCK 0 VCLOSE 0 VMAX 0 VLOCKUP 0 VDECR 0 V3SWAP 0 V2SWAP 0 NFC 0 NFB 0 NFS 0 NFPEN 0 NFT 0 TF 0
[SQ] 83052213: MC 0 MPC 0 TR 0 PMINT 0 PBURN 0 PSYNC 0 TC 0 LT 0 MG 0 VD 0 VDP 0 VWD 0 VLOCK 0 VUNLOCK 0 VCLOSE 0 VMAX 0 VLOCKUP 0 VDECR 0 V3SWAP 0 V2SWAP 0 NFC 0 NFB 0 NFS 0 NFPEN 0 NFT 0 TF 0
[SQ] 83052214: MC 0 MPC 0 TR 0 PMINT 0 PBURN 0 PSYNC 0 TC 0 LT 0 MG 0 VD 0 VDP 0 VWD 0 VLOCK 0 VUNLOCK 0 VCLOSE 0 VMAX 0 VLOCKUP 0 VDECR 0 V3SWAP 0 V2SWAP 0 NFC 0 NFB 0 NFS 0 NFPEN 0 NFT 0 TF 0
[SQ] 83052215: MC 0 MPC 0 TR 0 PMINT 0 PBURN 0 PSYNC 0 TC 0 LT 0 MG 0 VD 0 VDP 0 VWD 0 VLOCK 0 VUNLOCK 0 VCLOSE 0 VMAX 0 VLOCKUP 0 VDECR 0 V3SWAP 0 V2SWAP 0 NFC 0 NFB 0 NFS 0 NFPEN 0 NFT 0 TF 0
[SQ] 83052216: MC 0 MPC 0 TR 0 PMINT 0 PBURN 0 PSYNC 0 TC 0 LT 0 MG 0 VD 0 VDP 0 VWD 0 VLOCK 0 VUNLOCK 0 VCLOSE 0 VMAX 0 VLOCKUP 0 VDECR 0 V3SWAP 0 V2SWAP 0 NFC 0 NFB 0 NFS 0 NFPEN 0 NFT 0 TF 0
[SQ] 83052217: MC 0 MPC 0 TR 0 PMINT 0 PBURN 0 PSYNC 0 TC 0 LT 0 MG 0 VD 0 VDP 0 VWD 0 VLOCK 0 VUNLOCK 0 VCLOSE 0 VMAX 0 VLOCKUP 0 VDECR 0 V3SWAP 0 V2SWAP 0 NFC 0 NFB 0 NFS 0 NFPEN 0 NFT 0 TF 0
[SQ] 83052218: MC 0 MPC 0 TR 0 PMINT 0 PBURN 0 PSYNC 0 TC 0 LT 0 MG 0 VD 0 VDP 0 VWD 0 VLOCK 0 VUNLOCK 0 VCLOSE 0 VMAX 0 VLOCKUP 0 VDECR 0 V3SWAP 0 V2SWAP 0 NFC 0 NFB 0 NFS 0 NFPEN 0 NFT 0 TF 0
[SQ] 83052219: MC 0 MPC 0 TR 0 PMINT 0 PBURN 0 PSYNC 0 TC 0 LT 0 MG 0 VD 0 VDP 0 VWD 0 VLOCK 0 VUNLOCK 0 VCLOSE 0 VMAX 0 VLOCKUP 0 VDECR 0 V3SWAP 1 V2SWAP 0 NFC 0 NFB 0 NFS 0 NFPEN 0 NFT 0 TF 3
[SQ] 83052220: MC 0 MPC 0 TR 0 PMINT 0 PBURN 0 PSYNC 0 TC 0 LT 0 MG 0 VD 0 VDP 0 VWD 0 VLOCK 0 VUNLOCK 0 VCLOSE 0 VMAX 0 VLOCKUP 0 VDECR 0 V3SWAP 0 V2SWAP 0 NFC 0 NFB 0 NFS 0 NFPEN 0 NFT 0 TF 0
[SQ] 83052221: MC 0 MPC 0 TR 0 PMINT 0 PBURN 0 PSYNC 0 TC 0 LT 0 MG 0 VD 0 VDP 0 VWD 0 VLOCK 0 VUNLOCK 0 VCLOSE 0 VMAX 0 VLOCKUP 0 VDECR 0 V3SWAP 0 V2SWAP 0 NFC 0 NFB 0 NFS 0 NFPEN 0 NFT 0 TF 0
[SQ] 83052222: MC 0 MPC 0 TR 0 PMINT 0 PBURN 0 PSYNC 0 TC 0 LT 0 MG 0 VD 0 VDP 0 VWD 0 VLOCK 0 VUNLOCK 0 VCLOSE 0 VMAX 0 VLOCKUP 0 VDECR 0 V3SWAP 0 V2SWAP 0 NFC 0 NFB 0 NFS 0 NFPEN 0 NFT 0 TF 0
[SQ] 83052223: MC 0 MPC 0 TR 0 PMINT 0 PBURN 0 PSYNC 0 TC 0 LT 0 MG 0 VD 0 VDP 0 VWD 0 VLOCK 0 VUNLOCK 0 VCLOSE 0 VMAX 0 VLOCKUP 0 VDECR 0 V3SWAP 0 V2SWAP 0 NFC 0 NFB 0 NFS 0 NFPEN 0 NFT 0 TF 0
[SQ] 83052224: MC 0 MPC 0 TR 0 PMINT 0 PBURN 0 PSYNC 0 TC 0 LT 0 MG 0 VD 0 VDP 0 VWD 0 VLOCK 0 VUNLOCK 0 VCLOSE 0 VMAX 0 VLOCKUP 0 VDECR 0 V3SWAP 0 V2SWAP 0 NFC 0 NFB 0 NFS 0 NFPEN 0 NFT 0 TF 0
[SQ] 83052225: MC 0 MPC 0 TR 0 PMINT 0 PBURN 0 PSYNC 0 TC 0 LT 0 MG 0 VD 0 VDP 0 VWD 0 VLOCK 0 VUNLOCK 0 VCLOSE 0 VMAX 0 VLOCKUP 0 VDECR 0 V3SWAP 0 V2SWAP 0 NFC 0 NFB 0 NFS 0 NFPEN 0 NFT 0 TF 0
[SQ] 83052226: MC 0 MPC 0 TR 0 PMINT 0 PBURN 0 PSYNC 0 TC 0 LT 0 MG 0 VD 0 VDP 0 VWD 0 VLOCK 0 VUNLOCK 0 VCLOSE 0 VMAX 0 VLOCKUP 0 VDECR 0 V3SWAP 0 V2SWAP 0 NFC 0 NFB 0 NFS 0 NFPEN 0 NFT 0 TF 0
[SQ] 83052227: MC 0 MPC 0 TR 0 PMINT 0 PBURN 0 PSYNC 0 TC 0 LT 0 MG 0 VD 0 VDP 0 VWD 0 VLOCK 0 VUNLOCK 0 VCLOSE 0 VMAX 0 VLOCKUP 0 VDECR 0 V3SWAP 0 V2SWAP 0 NFC 0 NFB 0 NFS 0 NFPEN 0 NFT 0 TF 0
[SQ] 83052228: MC 0 MPC 0 TR 0 PMINT 0 PBURN 0 PSYNC 0 TC 0 LT 0 MG 0 VD 0 VDP 0 VWD 0 VLOCK 0 VUNLOCK 0 VCLOSE 0 VMAX 0 VLOCKUP 0 VDECR 0 V3SWAP 0 V2SWAP 0 NFC 0 NFB 0 NFS 0 NFPEN 0 NFT 0 TF 0
[SQ] 83052229: MC 0 MPC 0 TR 0 PMINT 0 PBURN 0 PSYNC 0 TC 0 LT 0 MG 0 VD 0 VDP 0 VWD 0 VLOCK 0 VUNLOCK 0 VCLOSE 0 VMAX 0 VLOCKUP 0 VDECR 0 V3SWAP 0 V2SWAP 0 NFC 0 NFB 0 NFS 0 NFPEN 0 NFT 0 TF 5
[SQ] 83052230: MC 0 MPC 0 TR 0 PMINT 0 PBURN 0 PSYNC 0 TC 0 LT 0 MG 0 VD 0 VDP 0 VWD 0 VLOCK 0 VUNLOCK 0 VCLOSE 0 VMAX 0 VLOCKUP 0 VDECR 0 V3SWAP 0 V2SWAP 0 NFC 0 NFB 0 NFS 0 NFPEN 0 NFT 0 TF 0
[SQ] 83052231: MC 0 MPC 0 TR 0 PMINT 0 PBURN 0 PSYNC 0 TC 0 LT 0 MG 0 VD 0 VDP 0 VWD 0 VLOCK 0 VUNLOCK 0 VCLOSE 0 VMAX 0 VLOCKUP 0 VDECR 0 V3SWAP 0 V2SWAP 0 NFC 0 NFB 0 NFS 0 NFPEN 0 NFT 0 TF 6
[SQ] 83052232: MC 0 MPC 0 TR 0 PMINT 0 PBURN 0 PSYNC 0 TC 0 LT 0 MG 0 VD 0 VDP 0 VWD 0 VLOCK 0 VUNLOCK 0 VCLOSE 0 VMAX 0 VLOCKUP 0 VDECR 0 V3SWAP 0 V2SWAP 0 NFC 0 NFB 0 NFS 0 NFPEN 0 NFT 0 TF 0
[SQ] 83052233: MC 0 MPC 0 TR 0 PMINT 0 PBURN 0 PSYNC 0 TC 0 LT 0 MG 0 VD 0 VDP 0 VWD 0 VLOCK 0 VUNLOCK 0 VCLOSE 0 VMAX 0 VLOCKUP 0 VDECR 0 V3SWAP 1 V2SWAP 0 NFC 0 NFB 0 NFS 0 NFPEN 0 NFT 0 TF 3
[SQ] 83052234: MC 0 MPC 0 TR 0 PMINT 0 PBURN 0 PSYNC 0 TC 0 LT 0 MG 0 VD 0 VDP 0 VWD 0 VLOCK 0 VUNLOCK 0 VCLOSE 0 VMAX 0 VLOCKUP 0 VDECR 0 V3SWAP 0 V2SWAP 0 NFC 0 NFB 0 NFS 0 NFPEN 0 NFT 0 TF 6
[SQ] 83052235: MC 0 MPC 0 TR 0 PMINT 0 PBURN 0 PSYNC 0 TC 0 LT 0 MG 0 VD 0 VDP 0 VWD 0 VLOCK 0 VUNLOCK 0 VCLOSE 0 VMAX 0 VLOCKUP 0 VDECR 0 V3SWAP 0 V2SWAP 0 NFC 0 NFB 0 NFS 0 NFPEN 0 NFT 0 TF 1
[SQ] 83052236: MC 0 MPC 0 TR 0 PMINT 0 PBURN 0 PSYNC 0 TC 0 LT 0 MG 0 VD 0 VDP 0 VWD 0 VLOCK 0 VUNLOCK 0 VCLOSE 0 VMAX 0 VLOCKUP 0 VDECR 0 V3SWAP 0 V2SWAP 0 NFC 0 NFB 0 NFS 0 NFPEN 0 NFT 0 TF 1
[SQ] 83052237: MC 0 MPC 0 TR 0 PMINT 0 PBURN 0 PSYNC 0 TC 0 LT 0 MG 0 VD 0 VDP 0 VWD 0 VLOCK 0 VUNLOCK 0 VCLOSE 0 VMAX 0 VLOCKUP 0 VDECR 0 V3SWAP 0 V2SWAP 0 NFC 0 NFB 0 NFS 0 NFPEN 0 NFT 0 TF 1
[SQ] 83052238: MC 0 MPC 0 TR 0 PMINT 0 PBURN 0 PSYNC 0 TC 0 LT 0 MG 0 VD 0 VDP 0 VWD 0 VLOCK 0 VUNLOCK 0 VCLOSE 0 VMAX 0 VLOCKUP 0 VDECR 0 V3SWAP 0 V2SWAP 0 NFC 0 NFB 0 NFS 0 NFPEN 0 NFT 0 TF 3
[SQ] 83052239: MC 0 MPC 0 TR 0 PMINT 0 PBURN 0 PSYNC 0 TC 0 LT 0 MG 0 VD 0 VDP 0 VWD 0 VLOCK 0 VUNLOCK 0 VCLOSE 0 VMAX 0 VLOCKUP 0 VDECR 0 V3SWAP 0 V2SWAP 0 NFC 0 NFB 0 NFS 0 NFPEN 0 NFT 0 TF 9
[SQ] 83052240: MC 0 MPC 0 TR 0 PMINT 0 PBURN 0 PSYNC 0 TC 0 LT 0 MG 0 VD 0 VDP 0 VWD 0 VLOCK 0 VUNLOCK 0 VCLOSE 0 VMAX 0 VLOCKUP 0 VDECR 0 V3SWAP 0 V2SWAP 0 NFC 0 NFB 0 NFS 0 NFPEN 0 NFT 0 TF 0
[SQ] 83052241: MC 0 MPC 0 TR 0 PMINT 0 PBURN 0 PSYNC 0 TC 0 LT 0 MG 0 VD 0 VDP 0 VWD 0 VLOCK 0 VUNLOCK 0 VCLOSE 0 VMAX 0 VLOCKUP 0 VDECR 0 V3SWAP 0 V2SWAP 0 NFC 0 NFB 0 NFS 0 NFPEN 0 NFT 0 TF 0
[SQ] 83052242: MC 0 MPC 0 TR 0 PMINT 0 PBURN 0 PSYNC 0 TC 0 LT 0 MG 0 VD 0 VDP 0 VWD 0 VLOCK 0 VUNLOCK 0 VCLOSE 0 VMAX 0 VLOCKUP 0 VDECR 0 V3SWAP 0 V2SWAP 0 NFC 0 NFB 0 NFS 0 NFPEN 0 NFT 0 TF 5
[SQ] 83052243: MC 0 MPC 0 TR 0 PMINT 0 PBURN 0 PSYNC 0 TC 0 LT 0 MG 0 VD 0 VDP 0 VWD 0 VLOCK 0 VUNLOCK 0 VCLOSE 0 VMAX 0 VLOCKUP 0 VDECR 0 V3SWAP 0 V2SWAP 0 NFC 0 NFB 0 NFS 0 NFPEN 0 NFT 0 TF 0
[SQ] 83052244: MC 0 MPC 0 TR 0 PMINT 0 PBURN 0 PSYNC 0 TC 0 LT 0 MG 0 VD 0 VDP 0 VWD 0 VLOCK 0 VUNLOCK 0 VCLOSE 0 VMAX 0 VLOCKUP 0 VDECR 0 V3SWAP 0 V2SWAP 0 NFC 0 NFB 0 NFS 0 NFPEN 0 NFT 0 TF 18
[SQ] 83052245: MC 0 MPC 0 TR 0 PMINT 0 PBURN 0 PSYNC 0 TC 0 LT 0 MG 0 VD 0 VDP 0 VWD 0 VLOCK 0 VUNLOCK 0 VCLOSE 0 VMAX 0 VLOCKUP 0 VDECR 0 V3SWAP 0 V2SWAP 0 NFC 0 NFB 0 NFS 0 NFPEN 0 NFT 0 TF 25
[SQ] 83052246: MC 0 MPC 0 TR 0 PMINT 0 PBURN 0 PSYNC 0 TC 0 LT 0 MG 0 VD 0 VDP 0 VWD 0 VLOCK 0 VUNLOCK 0 VCLOSE 0 VMAX 0 VLOCKUP 0 VDECR 0 V3SWAP 0 V2SWAP 0 NFC 0 NFB 0 NFS 0 NFPEN 0 NFT 0 TF 10
[SQ] 83052247: MC 0 MPC 0 TR 0 PMINT 0 PBURN 0 PSYNC 0 TC 0 LT 0 MG 0 VD 0 VDP 0 VWD 0 VLOCK 0 VUNLOCK 0 VCLOSE 0 VMAX 0 VLOCKUP 0 VDECR 0 V3SWAP 0 V2SWAP 0 NFC 0 NFB 0 NFS 0 NFPEN 0 NFT 0 TF 9
[SQ] 83052248: MC 0 MPC 0 TR 0 PMINT 0 PBURN 0 PSYNC 0 TC 0 LT 0 MG 0 VD 0 VDP 0 VWD 0 VLOCK 0 VUNLOCK 0 VCLOSE 0 VMAX 0 VLOCKUP 0 VDECR 0 V3SWAP 0 V2SWAP 0 NFC 0 NFB 0 NFS 0 NFPEN 0 NFT 0 TF 6
[SQ] 83052249: MC 0 MPC 0 TR 0 PMINT 0 PBURN 0 PSYNC 0 TC 0 LT 0 MG 0 VD 0 VDP 0 VWD 0 VLOCK 0 VUNLOCK 0 VCLOSE 0 VMAX 0 VLOCKUP 0 VDECR 0 V3SWAP 0 V2SWAP 0 NFC 0 NFB 0 NFS 0 NFPEN 0 NFT 0 TF 2
[SQ] 83052250: MC 0 MPC 0 TR 0 PMINT 0 PBURN 0 PSYNC 0 TC 0 LT 0 MG 0 VD 0 VDP 0 VWD 0 VLOCK 0 VUNLOCK 0 VCLOSE 0 VMAX 0 VLOCKUP 0 VDECR 0 V3SWAP 0 V2SWAP 0 NFC 0 NFB 0 NFS 0 NFPEN 0 NFT 0 TF 2
[SQ] 83052251: MC 0 MPC 0 TR 0 PMINT 0 PBURN 0 PSYNC 0 TC 0 LT 0 MG 0 VD 0 VDP 0 VWD 0 VLOCK 0 VUNLOCK 0 VCLOSE 0 VMAX 0 VLOCKUP 0 VDECR 0 V3SWAP 0 V2SWAP 0 NFC 0 NFB 0 NFS 0 NFPEN 0 NFT 0 TF 0
[SQ] 83052252: MC 0 MPC 0 TR 0 PMINT 0 PBURN 0 PSYNC 0 TC 0 LT 0 MG 0 VD 0 VDP 0 VWD 0 VLOCK 0 VUNLOCK 0 VCLOSE 0 VMAX 0 VLOCKUP 0 VDECR 0 V3SWAP 0 V2SWAP 0 NFC 0 NFB 0 NFS 0 NFPEN 0 NFT 0 TF 0
[SQ] 83052253: MC 0 MPC 0 TR 0 PMINT 0 PBURN 0 PSYNC 0 TC 0 LT 0 MG 0 VD 0 VDP 0 VWD 0 VLOCK 0 VUNLOCK 0 VCLOSE 0 VMAX 0 VLOCKUP 0 VDECR 0 V3SWAP 1 V2SWAP 0 NFC 0 NFB 0 NFS 0 NFPEN 0 NFT 0 TF 6
[SQ] 83052254: MC 0 MPC 0 TR 0 PMINT 0 PBURN 0 PSYNC 0 TC 0 LT 0 MG 0 VD 0 VDP 0 VWD 0 VLOCK 0 VUNLOCK 0 VCLOSE 0 VMAX 0 VLOCKUP 0 VDECR 0 V3SWAP 1 V2SWAP 0 NFC 0 NFB 0 NFS 0 NFPEN 0 NFT 0 TF 5
[SQ] 83052255: MC 0 MPC 0 TR 0 PMINT 0 PBURN 0 PSYNC 0 TC 0 LT 0 MG 0 VD 0 VDP 0 VWD 0 VLOCK 0 VUNLOCK 0 VCLOSE 0 VMAX 0 VLOCKUP 0 VDECR 0 V3SWAP 1 V2SWAP 0 NFC 0 NFB 0 NFS 0 NFPEN 0 NFT 0 TF 5
[SQ] 83052256: MC 0 MPC 0 TR 0 PMINT 0 PBURN 0 PSYNC 0 TC 0 LT 0 MG 0 VD 0 VDP 0 VWD 0 VLOCK 0 VUNLOCK 0 VCLOSE 0 VMAX 0 VLOCKUP 0 VDECR 0 V3SWAP 0 V2SWAP 0 NFC 0 NFB 0 NFS 0 NFPEN 0 NFT 0 TF 0
[SQ] 83052257: MC 0 MPC 0 TR 0 PMINT 0 PBURN 0 PSYNC 0 TC 0 LT 0 MG 0 VD 0 VDP 0 VWD 0 VLOCK 0 VUNLOCK 0 VCLOSE 0 VMAX 0 VLOCKUP 0 VDECR 0 V3SWAP 0 V2SWAP 0 NFC 0 NFB 0 NFS 0 NFPEN 0 NFT 0 TF 2
[SQ] 83052258: MC 0 MPC 0 TR 0 PMINT 0 PBURN 0 PSYNC 0 TC 0 LT 0 MG 0 VD 0 VDP 0 VWD 0 VLOCK 0 VUNLOCK 0 VCLOSE 0 VMAX 0 VLOCKUP 0 VDECR 0 V3SWAP 1 V2SWAP 0 NFC 0 NFB 0 NFS 0 NFPEN 0 NFT 0 TF 3
[SQ] 83052259: MC 0 MPC 0 TR 0 PMINT 0 PBURN 0 PSYNC 0 TC 0 LT 0 MG 0 VD 0 VDP 0 VWD 0 VLOCK 0 VUNLOCK 0 VCLOSE 0 VMAX 0 VLOCKUP 0 VDECR 0 V3SWAP 0 V2SWAP 0 NFC 0 NFB 0 NFS 0 NFPEN 0 NFT 0 TF 0
[SQ] 83052260: MC 0 MPC 0 TR 0 PMINT 0 PBURN 0 PSYNC 0 TC 0 LT 0 MG 0 VD 0 VDP 0 VWD 0 VLOCK 0 VUNLOCK 0 VCLOSE 0 VMAX 0 VLOCKUP 0 VDECR 0 V3SWAP 0 V2SWAP 0 NFC 0 NFB 0 NFS 0 NFPEN 0 NFT 0 TF 2
[SQ] 83052261: MC 0 MPC 0 TR 0 PMINT 0 PBURN 0 PSYNC 0 TC 0 LT 0 MG 0 VD 0 VDP 0 VWD 0 VLOCK 0 VUNLOCK 0 VCLOSE 0 VMAX 0 VLOCKUP 0 VDECR 0 V3SWAP 0 V2SWAP 0 NFC 0 NFB 0 NFS 0 NFPEN 0 NFT 0 TF 0
[SQ] 83052262: MC 0 MPC 0 TR 0 PMINT 0 PBURN 0 PSYNC 0 TC 0 LT 0 MG 0 VD 0 VDP 0 VWD 0 VLOCK 0 VUNLOCK 0 VCLOSE 0 VMAX 0 VLOCKUP 0 VDECR 0 V3SWAP 0 V2SWAP 0 NFC 0 NFB 0 NFS 0 NFPEN 0 NFT 0 TF 0
[SQ] 83052263: MC 0 MPC 0 TR 0 PMINT 0 PBURN 0 PSYNC 0 TC 0 LT 0 MG 0 VD 0 VDP 0 VWD 0 VLOCK 0 VUNLOCK 0 VCLOSE 0 VMAX 0 VLOCKUP 0 VDECR 0 V3SWAP 0 V2SWAP 0 NFC 0 NFB 0 NFS 0 NFPEN 0 NFT 0 TF 0
[SQ] 83052264: MC 0 MPC 0 TR 0 PMINT 0 PBURN 0 PSYNC 0 TC 0 LT 0 MG 0 VD 0 VDP 0 VWD 0 VLOCK 0 VUNLOCK 0 VCLOSE 0 VMAX 0 VLOCKUP 0 VDECR 0 V3SWAP 0 V2SWAP 0 NFC 0 NFB 0 NFS 0 NFPEN 0 NFT 0 TF 0
[SQ] 83052265: MC 0 MPC 0 TR 0 PMINT 0 PBURN 0 PSYNC 0 TC 0 LT 0 MG 0 VD 0 VDP 0 VWD 0 VLOCK 0 VUNLOCK 0 VCLOSE 0 VMAX 0 VLOCKUP 0 VDECR 0 V3SWAP 0 V2SWAP 0 NFC 0 NFB 0 NFS 0 NFPEN 0 NFT 0 TF 0
[SQ] 83052266: MC 0 MPC 0 TR 0 PMINT 0 PBURN 0 PSYNC 0 TC 0 LT 0 MG 0 VD 0 VDP 0 VWD 0 VLOCK 0 VUNLOCK 0 VCLOSE 0 VMAX 0 VLOCKUP 0 VDECR 0 V3SWAP 0 V2SWAP 0 NFC 0 NFB 0 NFS 0 NFPEN 0 NFT 0 TF 6
[SQ] 83052267: MC 0 MPC 0 TR 0 PMINT 0 PBURN 0 PSYNC 0 TC 0 LT 0 MG 0 VD 0 VDP 0 VWD 0 VLOCK 0 VUNLOCK 0 VCLOSE 0 VMAX 0 VLOCKUP 0 VDECR 0 V3SWAP 0 V2SWAP 0 NFC 0 NFB 0 NFS 0 NFPEN 0 NFT 0 TF 17
[SQ] 83052268: MC 0 MPC 0 TR 0 PMINT 0 PBURN 0 PSYNC 0 TC 0 LT 0 MG 0 VD 0 VDP 0 VWD 0 VLOCK 0 VUNLOCK 0 VCLOSE 0 VMAX 0 VLOCKUP 0 VDECR 0 V3SWAP 0 V2SWAP 0 NFC 0 NFB 0 NFS 0 NFPEN 0 NFT 0 TF 5
[SQ] 83052269: MC 0 MPC 0 TR 0 PMINT 0 PBURN 0 PSYNC 0 TC 0 LT 0 MG 0 VD 0 VDP 0 VWD 0 VLOCK 0 VUNLOCK 0 VCLOSE 0 VMAX 0 VLOCKUP 0 VDECR 0 V3SWAP 1 V2SWAP 0 NFC 0 NFB 0 NFS 0 NFPEN 0 NFT 0 TF 22
[SQ] 83052270: MC 0 MPC 0 TR 0 PMINT 0 PBURN 0 PSYNC 0 TC 0 LT 0 MG 0 VD 0 VDP 0 VWD 0 VLOCK 0 VUNLOCK 0 VCLOSE 0 VMAX 0 VLOCKUP 0 VDECR 0 V3SWAP 0 V2SWAP 0 NFC 0 NFB 0 NFS 0 NFPEN 0 NFT 0 TF 8
[SQ] 83052271: MC 0 MPC 0 TR 0 PMINT 0 PBURN 0 PSYNC 0 TC 0 LT 0 MG 0 VD 0 VDP 0 VWD 0 VLOCK 0 VUNLOCK 0 VCLOSE 0 VMAX 0 VLOCKUP 0 VDECR 0 V3SWAP 0 V2SWAP 0 NFC 0 NFB 0 NFS 0 NFPEN 0 NFT 0 TF 14
[SQ] 83052272: MC 0 MPC 0 TR 0 PMINT 0 PBURN 0 PSYNC 0 TC 0 LT 0 MG 0 VD 0 VDP 0 VWD 0 VLOCK 0 VUNLOCK 0 VCLOSE 0 VMAX 0 VLOCKUP 0 VDECR 0 V3SWAP 0 V2SWAP 0 NFC 0 NFB 0 NFS 0 NFPEN 0 NFT 0 TF 10
[SQ] 83052273: MC 0 MPC 0 TR 0 PMINT 0 PBURN 0 PSYNC 0 TC 0 LT 0 MG 0 VD 0 VDP 0 VWD 0 VLOCK 0 VUNLOCK 0 VCLOSE 0 VMAX 0 VLOCKUP 0 VDECR 0 V3SWAP 0 V2SWAP 0 NFC 0 NFB 0 NFS 0 NFPEN 0 NFT 0 TF 11
[SQ] 83052274: MC 0 MPC 0 TR 0 PMINT 0 PBURN 0 PSYNC 0 TC 0 LT 0 MG 0 VD 0 VDP 0 VWD 0 VLOCK 0 VUNLOCK 0 VCLOSE 0 VMAX 0 VLOCKUP 0 VDECR 0 V3SWAP 1 V2SWAP 0 NFC 0 NFB 0 NFS 0 NFPEN 0 NFT 0 TF 8
[SQ] 83052275: MC 0 MPC 0 TR 0 PMINT 0 PBURN 0 PSYNC 0 TC 0 LT 0 MG 0 VD 0 VDP 0 VWD 0 VLOCK 0 VUNLOCK 0 VCLOSE 0 VMAX 0 VLOCKUP 0 VDECR 0 V3SWAP 0 V2SWAP 0 NFC 0 NFB 0 NFS 0 NFPEN 0 NFT 0 TF 15
[SQ] 83052276: MC 0 MPC 0 TR 0 PMINT 0 PBURN 0 PSYNC 0 TC 0 LT 0 MG 0 VD 0 VDP 0 VWD 0 VLOCK 0 VUNLOCK 0 VCLOSE 0 VMAX 0 VLOCKUP 0 VDECR 0 V3SWAP 0 V2SWAP 0 NFC 0 NFB 0 NFS 0 NFPEN 0 NFT 0 TF 0
[SQ] 83052277: MC 0 MPC 0 TR 0 PMINT 0 PBURN 0 PSYNC 0 TC 0 LT 0 MG 0 VD 0 VDP 0 VWD 0 VLOCK 0 VUNLOCK 0 VCLOSE 0 VMAX 0 VLOCKUP 0 VDECR 0 V3SWAP 0 V2SWAP 0 NFC 0 NFB 0 NFS 0 NFPEN 0 NFT 0 TF 6
[SQ] 83052278: MC 0 MPC 0 TR 0 PMINT 0 PBURN 0 PSYNC 0 TC 0 LT 0 MG 0 VD 0 VDP 0 VWD 0 VLOCK 0 VUNLOCK 0 VCLOSE 0 VMAX 0 VLOCKUP 0 VDECR 0 V3SWAP 0 V2SWAP 0 NFC 0 NFB 0 NFS 0 NFPEN 0 NFT 0 TF 4
[SQ] 83052279: MC 0 MPC 0 TR 0 PMINT 0 PBURN 0 PSYNC 0 TC 0 LT 0 MG 0 VD 0 VDP 0 VWD 0 VLOCK 0 VUNLOCK 0 VCLOSE 0 VMAX 0 VLOCKUP 0 VDECR 0 V3SWAP 0 V2SWAP 0 NFC 0 NFB 0 NFS 0 NFPEN 0 NFT 0 TF 0
[SQ] 83052280: MC 0 MPC 0 TR 0 PMINT 0 PBURN 0 PSYNC 0 TC 0 LT 0 MG 0 VD 0 VDP 0 VWD 0 VLOCK 0 VUNLOCK 0 VCLOSE 0 VMAX 0 VLOCKUP 0 VDECR 0 V3SWAP 0 V2SWAP 0 NFC 0 NFB 0 NFS 0 NFPEN 0 NFT 0 TF 0
[SQ] 83052281: MC 0 MPC 0 TR 0 PMINT 0 PBURN 0 PSYNC 0 TC 0 LT 0 MG 0 VD 0 VDP 0 VWD 0 VLOCK 0 VUNLOCK 0 VCLOSE 0 VMAX 0 VLOCKUP 0 VDECR 0 V3SWAP 0 V2SWAP 0 NFC 0 NFB 0 NFS 0 NFPEN 0 NFT 0 TF 0
[SQ] 83052282: MC 0 MPC 0 TR 0 PMINT 0 PBURN 0 PSYNC 0 TC 0 LT 0 MG 0 VD 0 VDP 0 VWD 0 VLOCK 0 VUNLOCK 0 VCLOSE 0 VMAX 0 VLOCKUP 0 VDECR 0 V3SWAP 0 V2SWAP 0 NFC 0 NFB 0 NFS 0 NFPEN 0 NFT 0 TF 1
[SQ] 83052283: MC 0 MPC 0 TR 0 PMINT 0 PBURN 0 PSYNC 0 TC 0 LT 0 MG 0 VD 0 VDP 0 VWD 0 VLOCK 0 VUNLOCK 0 VCLOSE 0 VMAX 0 VLOCKUP 0 VDECR 0 V3SWAP 0 V2SWAP 0 NFC 0 NFB 0 NFS 0 NFPEN 0 NFT 0 TF 2
[SQ] 83052284: MC 0 MPC 0 TR 0 PMINT 0 PBURN 0 PSYNC 0 TC 0 LT 0 MG 0 VD 0 VDP 0 VWD 0 VLOCK 0 VUNLOCK 0 VCLOSE 0 VMAX 0 VLOCKUP 0 VDECR 0 V3SWAP 0 V2SWAP 0 NFC 0 NFB 0 NFS 0 NFPEN 0 NFT 0 TF 0
[SQ] 83052285: MC 0 MPC 0 TR 0 PMINT 0 PBURN 0 PSYNC 0 TC 0 LT 0 MG 0 VD 0 VDP 0 VWD 0 VLOCK 0 VUNLOCK 0 VCLOSE 0 VMAX 0 VLOCKUP 0 VDECR 0 V3SWAP 0 V2SWAP 0 NFC 0 NFB 0 NFS 0 NFPEN 0 NFT 0 TF 0
[SQ] 83052286: MC 0 MPC 0 TR 0 PMINT 0 PBURN 0 PSYNC 0 TC 0 LT 0 MG 0 VD 0 VDP 0 VWD 0 VLOCK 0 VUNLOCK 0 VCLOSE 0 VMAX 0 VLOCKUP 0 VDECR 0 V3SWAP 0 V2SWAP 0 NFC 0 NFB 0 NFS 0 NFPEN 0 NFT 0 TF 1
[SQ] 83052287: MC 0 MPC 0 TR 0 PMINT 0 PBURN 0 PSYNC 0 TC 0 LT 0 MG 0 VD 0 VDP 0 VWD 0 VLOCK 0 VUNLOCK 0 VCLOSE 0 VMAX 0 VLOCKUP 0 VDECR 0 V3SWAP 0 V2SWAP 0 NFC 0 NFB 0 NFS 0 NFPEN 0 NFT 0 TF 6
[SQ] 83052288: MC 0 MPC 0 TR 0 PMINT 0 PBURN 0 PSYNC 0 TC 0 LT 0 MG 0 VD 0 VDP 0 VWD 0 VLOCK 0 VUNLOCK 0 VCLOSE 0 VMAX 0 VLOCKUP 0 VDECR 0 V3SWAP 0 V2SWAP 0 NFC 0 NFB 0 NFS 0 NFPEN 0 NFT 0 TF 7
[SQ] 83052289: MC 0 MPC 0 TR 0 PMINT 0 PBURN 0 PSYNC 0 TC 0 LT 0 MG 0 VD 0 VDP 0 VWD 0 VLOCK 0 VUNLOCK 0 VCLOSE 0 VMAX 0 VLOCKUP 0 VDECR 0 V3SWAP 0 V2SWAP 0 NFC 0 NFB 0 NFS 0 NFPEN 0 NFT 0 TF 6
[SQ] 83052290: MC 0 MPC 0 TR 0 PMINT 0 PBURN 0 PSYNC 0 TC 0 LT 0 MG 0 VD 0 VDP 0 VWD 0 VLOCK 0 VUNLOCK 0 VCLOSE 0 VMAX 0 VLOCKUP 0 VDECR 0 V3SWAP 0 V2SWAP 0 NFC 0 NFB 0 NFS 0 NFPEN 0 NFT 0 TF 0
[SQ] 83052291: MC 0 MPC 0 TR 0 PMINT 0 PBURN 0 PSYNC 0 TC 0 LT 0 MG 0 VD 0 VDP 0 VWD 0 VLOCK 0 VUNLOCK 0 VCLOSE 0 VMAX 0 VLOCKUP 0 VDECR 0 V3SWAP 0 V2SWAP 0 NFC 0 NFB 0 NFS 0 NFPEN 0 NFT 0 TF 14
[SQ] 83052292: MC 0 MPC 0 TR 0 PMINT 0 PBURN 0 PSYNC 0 TC 0 LT 0 MG 0 VD 0 VDP 0 VWD 0 VLOCK 0 VUNLOCK 0 VCLOSE 0 VMAX 0 VLOCKUP 0 VDECR 0 V3SWAP 1 V2SWAP 0 NFC 0 NFB 0 NFS 0 NFPEN 0 NFT 0 TF 4
[SQ] 83052293: MC 0 MPC 0 TR 0 PMINT 0 PBURN 0 PSYNC 0 TC 0 LT 0 MG 0 VD 0 VDP 0 VWD 0 VLOCK 0 VUNLOCK 0 VCLOSE 0 VMAX 0 VLOCKUP 0 VDECR 0 V3SWAP 1 V2SWAP 0 NFC 0 NFB 0 NFS 0 NFPEN 0 NFT 0 TF 3
[SQ] 83052294: MC 0 MPC 0 TR 0 PMINT 0 PBURN 0 PSYNC 0 TC 0 LT 0 MG 0 VD 0 VDP 0 VWD 0 VLOCK 0 VUNLOCK 0 VCLOSE 0 VMAX 0 VLOCKUP 0 VDECR 0 V3SWAP 0 V2SWAP 0 NFC 0 NFB 0 NFS 0 NFPEN 0 NFT 0 TF 5
[SQ] 83052295: MC 0 MPC 0 TR 0 PMINT 0 PBURN 0 PSYNC 0 TC 0 LT 0 MG 0 VD 0 VDP 0 VWD 0 VLOCK 0 VUNLOCK 0 VCLOSE 0 VMAX 0 VLOCKUP 0 VDECR 0 V3SWAP 0 V2SWAP 0 NFC 0 NFB 0 NFS 0 NFPEN 0 NFT 0 TF 6
[SQ] 83052296: MC 0 MPC 0 TR 0 PMINT 0 PBURN 0 PSYNC 0 TC 0 LT 0 MG 0 VD 0 VDP 0 VWD 0 VLOCK 0 VUNLOCK 0 VCLOSE 0 VMAX 0 VLOCKUP 0 VDECR 0 V3SWAP 0 V2SWAP 0 NFC 0 NFB 0 NFS 0 NFPEN 0 NFT 0 TF 7
[SQ] 83052297: MC 0 MPC 0 TR 0 PMINT 0 PBURN 0 PSYNC 0 TC 0 LT 0 MG 0 VD 0 VDP 0 VWD 0 VLOCK 0 VUNLOCK 0 VCLOSE 0 VMAX 0 VLOCKUP 0 VDECR 0 V3SWAP 0 V2SWAP 0 NFC 0 NFB 0 NFS 0 NFPEN 0 NFT 0 TF 0
[SQ] 83052298: MC 0 MPC 0 TR 0 PMINT 0 PBURN 0 PSYNC 0 TC 0 LT 0 MG 0 VD 0 VDP 0 VWD 0 VLOCK 0 VUNLOCK 0 VCLOSE 0 VMAX 0 VLOCKUP 0 VDECR 0 V3SWAP 0 V2SWAP 0 NFC 0 NFB 0 NFS 0 NFPEN 0 NFT 0 TF 0
[SQ] 83052299: MC 0 MPC 0 TR 0 PMINT 0 PBURN 0 PSYNC 0 TC 0 LT 0 MG 0 VD 0 VDP 0 VWD 0 VLOCK 0 VUNLOCK 0 VCLOSE 0 VMAX 0 VLOCKUP 0 VDECR 0 V3SWAP 0 V2SWAP 0 NFC 0 NFB 0 NFS 0 NFPEN 0 NFT 0 TF 0
[SQ] 83052300: MC 0 MPC 0 TR 0 PMINT 0 PBURN 0 PSYNC 0 TC 0 LT 0 MG 0 VD 0 VDP 0 VWD 0 VLOCK 0 VUNLOCK 0 VCLOSE 0 VMAX 0 VLOCKUP 0 VDECR 0 V3SWAP 0 V2SWAP 0 NFC 0 NFB 0 NFS 0 NFPEN 0 NFT 0 TF 1
[SQ] 83052301: MC 0 MPC 0 TR 0 PMINT 0 PBURN 0 PSYNC 0 TC 0 LT 0 MG 0 VD 0 VDP 0 VWD 0 VLOCK 0 VUNLOCK 0 VCLOSE 0 VMAX 0 VLOCKUP 0 VDECR 0 V3SWAP 0 V2SWAP 0 NFC 0 NFB 0 NFS 0 NFPEN 0 NFT 0 TF 0
[SQ] 83052302: MC 0 MPC 0 TR 0 PMINT 0 PBURN 0 PSYNC 0 TC 0 LT 0 MG 0 VD 0 VDP 0 VWD 0 VLOCK 0 VUNLOCK 0 VCLOSE 0 VMAX 0 VLOCKUP 0 VDECR 0 V3SWAP 0 V2SWAP 0 NFC 0 NFB 0 NFS 0 NFPEN 0 NFT 0 TF 0
[SQ] 83052303: MC 0 MPC 0 TR 0 PMINT 0 PBURN 0 PSYNC 0 TC 0 LT 0 MG 0 VD 0 VDP 0 VWD 0 VLOCK 0 VUNLOCK 0 VCLOSE 0 VMAX 0 VLOCKUP 0 VDECR 0 V3SWAP 0 V2SWAP 0 NFC 0 NFB 0 NFS 0 NFPEN 0 NFT 0 TF 0
[SQ] 83052304: MC 0 MPC 0 TR 0 PMINT 0 PBURN 0 PSYNC 0 TC 0 LT 0 MG 0 VD 0 VDP 0 VWD 0 VLOCK 0 VUNLOCK 0 VCLOSE 0 VMAX 0 VLOCKUP 0 VDECR 0 V3SWAP 0 V2SWAP 0 NFC 0 NFB 0 NFS 0 NFPEN 0 NFT 0 TF 0
[SQ] 83052305: MC 0 MPC 0 TR 0 PMINT 0 PBURN 0 PSYNC 0 TC 0 LT 0 MG 0 VD 0 VDP 0 VWD 0 VLOCK 0 VUNLOCK 0 VCLOSE 0 VMAX 0 VLOCKUP 0 VDECR 0 V3SWAP 0 V2SWAP 0 NFC 0 NFB 0 NFS 0 NFPEN 0 NFT 0 TF 0
[SQ] 83052306: MC 0 MPC 0 TR 0 PMINT 0 PBURN 0 PSYNC 0 TC 0 LT 0 MG 0 VD 0 VDP 0 VWD 0 VLOCK 0 VUNLOCK 0 VCLOSE 0 VMAX 0 VLOCKUP 0 VDECR 0 V3SWAP 1 V2SWAP 0 NFC 0 NFB 0 NFS 0 NFPEN 0 NFT 0 TF 3
[SQ] 83052307: MC 0 MPC 0 TR 0 PMINT 0 PBURN 0 PSYNC 0 TC 0 LT 0 MG 0 VD 0 VDP 0 VWD 0 VLOCK 0 VUNLOCK 0 VCLOSE 0 VMAX 0 VLOCKUP 0 VDECR 0 V3SWAP 0 V2SWAP 0 NFC 0 NFB 0 NFS 0 NFPEN 0 NFT 0 TF 2
[SQ] 83052308: MC 0 MPC 0 TR 0 PMINT 0 PBURN 0 PSYNC 0 TC 0 LT 0 MG 0 VD 0 VDP 0 VWD 0 VLOCK 0 VUNLOCK 0 VCLOSE 0 VMAX 0 VLOCKUP 0 VDECR 0 V3SWAP 0 V2SWAP 0 NFC 0 NFB 0 NFS 0 NFPEN 0 NFT 0 TF 0
[SQ] 83052309: MC 0 MPC 0 TR 0 PMINT 0 PBURN 0 PSYNC 0 TC 0 LT 0 MG 0 VD 0 VDP 0 VWD 0 VLOCK 0 VUNLOCK 0 VCLOSE 0 VMAX 0 VLOCKUP 0 VDECR 0 V3SWAP 0 V2SWAP 0 NFC 0 NFB 0 NFS 0 NFPEN 0 NFT 0 TF 0
[SQ] 83052310: MC 0 MPC 0 TR 0 PMINT 0 PBURN 0 PSYNC 0 TC 0 LT 0 MG 0 VD 0 VDP 0 VWD 0 VLOCK 0 VUNLOCK 0 VCLOSE 0 VMAX 0 VLOCKUP 0 VDECR 0 V3SWAP 0 V2SWAP 0 NFC 0 NFB 0 NFS 0 NFPEN 0 NFT 0 TF 0
[SQ] 83052311: MC 0 MPC 0 TR 0 PMINT 0 PBURN 0 PSYNC 0 TC 0 LT 0 MG 0 VD 0 VDP 0 VWD 0 VLOCK 0 VUNLOCK 0 VCLOSE 0 VMAX 0 VLOCKUP 0 VDECR 0 V3SWAP 0 V2SWAP 0 NFC 0 NFB 0 NFS 0 NFPEN 0 NFT 0 TF 0
[SQ] 83052312: MC 0 MPC 0 TR 0 PMINT 0 PBURN 0 PSYNC 0 TC 0 LT 0 MG 0 VD 0 VDP 0 VWD 0 VLOCK 0 VUNLOCK 0 VCLOSE 0 VMAX 0 VLOCKUP 0 VDECR 0 V3SWAP 0 V2SWAP 0 NFC 0 NFB 0 NFS 0 NFPEN 0 NFT 0 TF 0
[SQ] 83052313: MC 0 MPC 0 TR 0 PMINT 0 PBURN 0 PSYNC 0 TC 0 LT 0 MG 0 VD 0 VDP 0 VWD 0 VLOCK 0 VUNLOCK 0 VCLOSE 0 VMAX 0 VLOCKUP 0 VDECR 0 V3SWAP 0 V2SWAP 0 NFC 0 NFB 0 NFS 0 NFPEN 0 NFT 0 TF 1
[SQ] 83052314: MC 0 MPC 0 TR 0 PMINT 0 PBURN 0 PSYNC 0 TC 0 LT 0 MG 0 VD 0 VDP 0 VWD 0 VLOCK 0 VUNLOCK 0 VCLOSE 0 VMAX 0 VLOCKUP 0 VDECR 0 V3SWAP 0 V2SWAP 0 NFC 0 NFB 0 NFS 0 NFPEN 0 NFT 0 TF 3
[SQ] 83052315: MC 0 MPC 0 TR 0 PMINT 0 PBURN 0 PSYNC 0 TC 0 LT 0 MG 0 VD 0 VDP 0 VWD 0 VLOCK 0 VUNLOCK 0 VCLOSE 0 VMAX 0 VLOCKUP 0 VDECR 0 V3SWAP 0 V2SWAP 0 NFC 0 NFB 0 NFS 0 NFPEN 0 NFT 0 TF 0
[SQ] 83052316: MC 0 MPC 0 TR 0 PMINT 0 PBURN 0 PSYNC 0 TC 0 LT 0 MG 0 VD 0 VDP 0 VWD 0 VLOCK 0 VUNLOCK 0 VCLOSE 0 VMAX 0 VLOCKUP 0 VDECR 0 V3SWAP 0 V2SWAP 0 NFC 0 NFB 0 NFS 0 NFPEN 0 NFT 0 TF 0
[SQ] 83052317: MC 0 MPC 0 TR 0 PMINT 0 PBURN 0 PSYNC 0 TC 0 LT 0 MG 0 VD 0 VDP 0 VWD 0 VLOCK 0 VUNLOCK 0 VCLOSE 0 VMAX 0 VLOCKUP 0 VDECR 0 V3SWAP 1 V2SWAP 0 NFC 0 NFB 0 NFS 0 NFPEN 0 NFT 0 TF 3
[SQ] 83052318: MC 0 MPC 0 TR 0 PMINT 0 PBURN 0 PSYNC 0 TC 0 LT 0 MG 0 VD 0 VDP 0 VWD 0 VLOCK 0 VUNLOCK 0 VCLOSE 0 VMAX 0 VLOCKUP 0 VDECR 0 V3SWAP 0 V2SWAP 0 NFC 0 NFB 0 NFS 0 NFPEN 0 NFT 0 TF 6
[SQ] 83052319: MC 0 MPC 0 TR 0 PMINT 0 PBURN 0 PSYNC 0 TC 0 LT 0 MG 0 VD 0 VDP 0 VWD 0 VLOCK 0 VUNLOCK 0 VCLOSE 0 VMAX 0 VLOCKUP 0 VDECR 0 V3SWAP 0 V2SWAP 0 NFC 0 NFB 0 NFS 0 NFPEN 0 NFT 0 TF 0
[SQ] 83052320: MC 0 MPC 0 TR 0 PMINT 0 PBURN 0 PSYNC 0 TC 0 LT 0 MG 0 VD 0 VDP 0 VWD 0 VLOCK 0 VUNLOCK 0 VCLOSE 0 VMAX 0 VLOCKUP 0 VDECR 0 V3SWAP 0 V2SWAP 0 NFC 0 NFB 0 NFS 0 NFPEN 0 NFT 0 TF 11
[SQ] 83052321: MC 0 MPC 0 TR 0 PMINT 0 PBURN 0 PSYNC 0 TC 0 LT 0 MG 0 VD 0 VDP 0 VWD 0 VLOCK 0 VUNLOCK 0 VCLOSE 0 VMAX 0 VLOCKUP 0 VDECR 0 V3SWAP 0 V2SWAP 0 NFC 0 NFB 0 NFS 0 NFPEN 0 NFT 0 TF 0
[SQ] 83052322: MC 0 MPC 0 TR 0 PMINT 0 PBURN 0 PSYNC 0 TC 0 LT 0 MG 0 VD 0 VDP 0 VWD 0 VLOCK 0 VUNLOCK 0 VCLOSE 0 VMAX 0 VLOCKUP 0 VDECR 0 V3SWAP 0 V2SWAP 0 NFC 0 NFB 0 NFS 0 NFPEN 0 NFT 0 TF 0
[SQ] 83052323: MC 0 MPC 0 TR 0 PMINT 0 PBURN 0 PSYNC 0 TC 0 LT 0 MG 0 VD 0 VDP 0 VWD 0 VLOCK 0 VUNLOCK 0 VCLOSE 0 VMAX 0 VLOCKUP 0 VDECR 0 V3SWAP 0 V2SWAP 0 NFC 0 NFB 0 NFS 0 NFPEN 0 NFT 0 TF 0
[SQ] 83052324: MC 0 MPC 0 TR 0 PMINT 0 PBURN 0 PSYNC 0 TC 0 LT 0 MG 0 VD 0 VDP 0 VWD 0 VLOCK 0 VUNLOCK 0 VCLOSE 0 VMAX 0 VLOCKUP 0 VDECR 0 V3SWAP 0 V2SWAP 0 NFC 0 NFB 0 NFS 0 NFPEN 0 NFT 0 TF 0
[SQ] 83052325: MC 0 MPC 0 TR 0 PMINT 0 PBURN 0 PSYNC 0 TC 0 LT 0 MG 0 VD 0 VDP 0 VWD 0 VLOCK 0 VUNLOCK 0 VCLOSE 0 VMAX 0 VLOCKUP 0 VDECR 0 V3SWAP 0 V2SWAP 0 NFC 0 NFB 0 NFS 0 NFPEN 0 NFT 0 TF 0
[SQ] 83052326: MC 0 MPC 0 TR 0 PMINT 0 PBURN 0 PSYNC 0 TC 0 LT 0 MG 0 VD 0 VDP 0 VWD 0 VLOCK 0 VUNLOCK 0 VCLOSE 0 VMAX 0 VLOCKUP 0 VDECR 0 V3SWAP 0 V2SWAP 0 NFC 0 NFB 0 NFS 0 NFPEN 0 NFT 0 TF 1
[SQ] 83052327: MC 0 MPC 0 TR 0 PMINT 0 PBURN 0 PSYNC 0 TC 0 LT 0 MG 0 VD 0 VDP 0 VWD 0 VLOCK 0 VUNLOCK 0 VCLOSE 0 VMAX 0 VLOCKUP 0 VDECR 0 V3SWAP 0 V2SWAP 0 NFC 0 NFB 0 NFS 0 NFPEN 0 NFT 0 TF 2
[SQ] 83052328: MC 0 MPC 0 TR 0 PMINT 0 PBURN 0 PSYNC 0 TC 0 LT 0 MG 0 VD 0 VDP 0 VWD 0 VLOCK 0 VUNLOCK 0 VCLOSE 0 VMAX 0 VLOCKUP 0 VDECR 0 V3SWAP 1 V2SWAP 0 NFC 0 NFB 0 NFS 0 NFPEN 0 NFT 0 TF 4
[SQ] 83052329: MC 0 MPC 0 TR 0 PMINT 0 PBURN 0 PSYNC 0 TC 0 LT 0 MG 0 VD 0 VDP 0 VWD 0 VLOCK 0 VUNLOCK 0 VCLOSE 0 VMAX 0 VLOCKUP 0 VDECR 0 V3SWAP 0 V2SWAP 0 NFC 0 NFB 0 NFS 0 NFPEN 0 NFT 0 TF 0
[SQ] 83052330: MC 0 MPC 0 TR 0 PMINT 0 PBURN 0 PSYNC 0 TC 0 LT 0 MG 0 VD 0 VDP 0 VWD 0 VLOCK 0 VUNLOCK 0 VCLOSE 0 VMAX 0 VLOCKUP 0 VDECR 0 V3SWAP 0 V2SWAP 0 NFC 0 NFB 0 NFS 0 NFPEN 0 NFT 0 TF 0
[SQ] 83052331: MC 0 MPC 0 TR 0 PMINT 0 PBURN 0 PSYNC 0 TC 0 LT 0 MG 0 VD 0 VDP 0 VWD 0 VLOCK 0 VUNLOCK 0 VCLOSE 0 VMAX 0 VLOCKUP 0 VDECR 0 V3SWAP 0 V2SWAP 0 NFC 0 NFB 0 NFS 0 NFPEN 0 NFT 0 TF 4
[SQ] 83052332: MC 0 MPC 0 TR 0 PMINT 0 PBURN 0 PSYNC 0 TC 0 LT 0 MG 0 VD 0 VDP 0 VWD 0 VLOCK 0 VUNLOCK 0 VCLOSE 0 VMAX 0 VLOCKUP 0 VDECR 0 V3SWAP 0 V2SWAP 0 NFC 0 NFB 0 NFS 0 NFPEN 0 NFT 0 TF 0
[SQ] 83052333: MC 0 MPC 0 TR 0 PMINT 0 PBURN 0 PSYNC 0 TC 0 LT 0 MG 0 VD 0 VDP 0 VWD 0 VLOCK 0 VUNLOCK 0 VCLOSE 0 VMAX 0 VLOCKUP 0 VDECR 0 V3SWAP 0 V2SWAP 0 NFC 0 NFB 0 NFS 0 NFPEN 0 NFT 0 TF 0
[SQ] 83052334: MC 0 MPC 0 TR 0 PMINT 0 PBURN 0 PSYNC 0 TC 0 LT 0 MG 0 VD 0 VDP 0 VWD 0 VLOCK 0 VUNLOCK 0 VCLOSE 0 VMAX 0 VLOCKUP 0 VDECR 0 V3SWAP 0 V2SWAP 0 NFC 0 NFB 0 NFS 0 NFPEN 0 NFT 0 TF 0
[SQ] 83052335: MC 0 MPC 0 TR 0 PMINT 0 PBURN 0 PSYNC 0 TC 0 LT 0 MG 0 VD 0 VDP 0 VWD 0 VLOCK 0 VUNLOCK 0 VCLOSE 0 VMAX 0 VLOCKUP 0 VDECR 0 V3SWAP 1 V2SWAP 0 NFC 0 NFB 0 NFS 0 NFPEN 0 NFT 0 TF 2
[SQ] 83052336: MC 0 MPC 0 TR 0 PMINT 0 PBURN 0 PSYNC 0 TC 0 LT 0 MG 0 VD 0 VDP 0 VWD 0 VLOCK 0 VUNLOCK 0 VCLOSE 0 VMAX 0 VLOCKUP 0 VDECR 0 V3SWAP 0 V2SWAP 0 NFC 0 NFB 0 NFS 0 NFPEN 0 NFT 0 TF 2
[SQ] 83052337: MC 0 MPC 0 TR 0 PMINT 0 PBURN 0 PSYNC 0 TC 0 LT 0 MG 0 VD 0 VDP 0 VWD 0 VLOCK 0 VUNLOCK 0 VCLOSE 0 VMAX 0 VLOCKUP 0 VDECR 0 V3SWAP 0 V2SWAP 0 NFC 0 NFB 0 NFS 0 NFPEN 0 NFT 0 TF 0
[SQ] 83052338: MC 0 MPC 0 TR 0 PMINT 0 PBURN 0 PSYNC 0 TC 0 LT 0 MG 0 VD 0 VDP 0 VWD 0 VLOCK 0 VUNLOCK 0 VCLOSE 0 VMAX 0 VLOCKUP 0 VDECR 0 V3SWAP 0 V2SWAP 0 NFC 0 NFB 0 NFS 0 NFPEN 0 NFT 0 TF 0
[SQ] 83052339: MC 0 MPC 0 TR 0 PMINT 0 PBURN 0 PSYNC 0 TC 0 LT 0 MG 0 VD 0 VDP 0 VWD 0 VLOCK 0 VUNLOCK 0 VCLOSE 0 VMAX 0 VLOCKUP 0 VDECR 0 V3SWAP 0 V2SWAP 0 NFC 0 NFB 0 NFS 0 NFPEN 0 NFT 0 TF 2
[SQ] 83052340: MC 0 MPC 0 TR 0 PMINT 0 PBURN 0 PSYNC 0 TC 0 LT 0 MG 0 VD 0 VDP 0 VWD 0 VLOCK 0 VUNLOCK 0 VCLOSE 0 VMAX 0 VLOCKUP 0 VDECR 0 V3SWAP 0 V2SWAP 0 NFC 0 NFB 0 NFS 0 NFPEN 0 NFT 0 TF 0
[SQ] 83052341: MC 0 MPC 0 TR 0 PMINT 0 PBURN 0 PSYNC 0 TC 0 LT 0 MG 0 VD 0 VDP 0 VWD 0 VLOCK 0 VUNLOCK 0 VCLOSE 0 VMAX 0 VLOCKUP 0 VDECR 0 V3SWAP 0 V2SWAP 0 NFC 0 NFB 0 NFS 0 NFPEN 0 NFT 0 TF 0
[SQ] 83052342: MC 0 MPC 0 TR 0 PMINT 0 PBURN 0 PSYNC 0 TC 0 LT 0 MG 0 VD 0 VDP 0 VWD 0 VLOCK 0 VUNLOCK 0 VCLOSE 0 VMAX 0 VLOCKUP 0 VDECR 0 V3SWAP 1 V2SWAP 0 NFC 0 NFB 0 NFS 0 NFPEN 0 NFT 0 TF 5
[SQ] 83052343: MC 0 MPC 0 TR 0 PMINT 0 PBURN 0 PSYNC 0 TC 0 LT 0 MG 0 VD 0 VDP 0 VWD 0 VLOCK 0 VUNLOCK 0 VCLOSE 0 VMAX 0 VLOCKUP 0 VDECR 0 V3SWAP 0 V2SWAP 0 NFC 0 NFB 0 NFS 0 NFPEN 0 NFT 0 TF 0
[SQ] 83052344: MC 0 MPC 0 TR 0 PMINT 0 PBURN 0 PSYNC 0 TC 0 LT 0 MG 0 VD 0 VDP 0 VWD 0 VLOCK 0 VUNLOCK 0 VCLOSE 0 VMAX 0 VLOCKUP 0 VDECR 0 V3SWAP 0 V2SWAP 0 NFC 0 NFB 0 NFS 0 NFPEN 0 NFT 0 TF 0
[SQ] 83052345: MC 0 MPC 0 TR 0 PMINT 0 PBURN 0 PSYNC 0 TC 0 LT 0 MG 0 VD 0 VDP 0 VWD 0 VLOCK 0 VUNLOCK 0 VCLOSE 0 VMAX 0 VLOCKUP 0 VDECR 0 V3SWAP 0 V2SWAP 0 NFC 0 NFB 0 NFS 0 NFPEN 0 NFT 0 TF 0
[SQ] 83052346: MC 0 MPC 0 TR 0 PMINT 0 PBURN 0 PSYNC 0 TC 0 LT 0 MG 0 VD 0 VDP 0 VWD 0 VLOCK 0 VUNLOCK 0 VCLOSE 0 VMAX 0 VLOCKUP 0 VDECR 0 V3SWAP 0 V2SWAP 0 NFC 0 NFB 0 NFS 0 NFPEN 0 NFT 0 TF 0
[SQ] 83052347: MC 0 MPC 0 TR 0 PMINT 0 PBURN 0 PSYNC 0 TC 0 LT 0 MG 0 VD 0 VDP 0 VWD 0 VLOCK 0 VUNLOCK 0 VCLOSE 0 VMAX 0 VLOCKUP 0 VDECR 0 V3SWAP 0 V2SWAP 0 NFC 0 NFB 0 NFS 0 NFPEN 0 NFT 0 TF 0
[SQ] 83052348: MC 0 MPC 0 TR 0 PMINT 0 PBURN 0 PSYNC 0 TC 0 LT 0 MG 0 VD 0 VDP 0 VWD 0 VLOCK 0 VUNLOCK 0 VCLOSE 0 VMAX 0 VLOCKUP 0 VDECR 0 V3SWAP 0 V2SWAP 0 NFC 0 NFB 0 NFS 0 NFPEN 0 NFT 0 TF 2
[SQ] 83052349: MC 0 MPC 0 TR 0 PMINT 0 PBURN 0 PSYNC 0 TC 0 LT 0 MG 0 VD 0 VDP 0 VWD 0 VLOCK 0 VUNLOCK 0 VCLOSE 0 VMAX 0 VLOCKUP 0 VDECR 0 V3SWAP 0 V2SWAP 0 NFC 0 NFB 0 NFS 0 NFPEN 0 NFT 0 TF 28
[SQ] 83052350: MC 0 MPC 0 TR 0 PMINT 0 PBURN 0 PSYNC 0 TC 0 LT 0 MG 0 VD 0 VDP 0 VWD 0 VLOCK 0 VUNLOCK 0 VCLOSE 0 VMAX 0 VLOCKUP 0 VDECR 0 V3SWAP 0 V2SWAP 0 NFC 0 NFB 0 NFS 0 NFPEN 0 NFT 0 TF 7
[SQ] 83052351: MC 0 MPC 0 TR 0 PMINT 0 PBURN 0 PSYNC 0 TC 0 LT 0 MG 0 VD 0 VDP 0 VWD 0 VLOCK 0 VUNLOCK 0 VCLOSE 0 VMAX 0 VLOCKUP 0 VDECR 0 V3SWAP 1 V2SWAP 0 NFC 0 NFB 0 NFS 0 NFPEN 0 NFT 0 TF 7
[SQ] 83052352: MC 0 MPC 0 TR 0 PMINT 0 PBURN 0 PSYNC 0 TC 0 LT 0 MG 0 VD 0 VDP 0 VWD 0 VLOCK 0 VUNLOCK 0 VCLOSE 0 VMAX 0 VLOCKUP 0 VDECR 0 V3SWAP 0 V2SWAP 0 NFC 0 NFB 0 NFS 0 NFPEN 0 NFT 0 TF 13
[SQ] 83052353: MC 0 MPC 0 TR 0 PMINT 0 PBURN 0 PSYNC 0 TC 0 LT 0 MG 0 VD 0 VDP 0 VWD 0 VLOCK 0 VUNLOCK 0 VCLOSE 0 VMAX 0 VLOCKUP 0 VDECR 0 V3SWAP 1 V2SWAP 0 NFC 0 NFB 0 NFS 0 NFPEN 0 NFT 0 TF 9
[SQ] 83052354: MC 0 MPC 0 TR 0 PMINT 0 PBURN 0 PSYNC 0 TC 0 LT 0 MG 0 VD 0 VDP 0 VWD 0 VLOCK 0 VUNLOCK 0 VCLOSE 0 VMAX 0 VLOCKUP 0 VDECR 0 V3SWAP 0 V2SWAP 0 NFC 0 NFB 0 NFS 0 NFPEN 0 NFT 0 TF 9
[SQ] 83052355: MC 0 MPC 0 TR 0 PMINT 0 PBURN 0 PSYNC 0 TC 0 LT 0 MG 0 VD 0 VDP 0 VWD 0 VLOCK 0 VUNLOCK 0 VCLOSE 0 VMAX 0 VLOCKUP 0 VDECR 0 V3SWAP 0 V2SWAP 0 NFC 0 NFB 0 NFS 0 NFPEN 0 NFT 0 TF 2
[SQ] 83052356: MC 0 MPC 0 TR 0 PMINT 0 PBURN 0 PSYNC 0 TC 0 LT 0 MG 0 VD 0 VDP 0 VWD 0 VLOCK 0 VUNLOCK 0 VCLOSE 0 VMAX 0 VLOCKUP 0 VDECR 0 V3SWAP 0 V2SWAP 0 NFC 0 NFB 0 NFS 0 NFPEN 0 NFT 0 TF 0
[SQ] 83052357: MC 0 MPC 0 TR 0 PMINT 0 PBURN 0 PSYNC 0 TC 0 LT 0 MG 0 VD 0 VDP 0 VWD 0 VLOCK 0 VUNLOCK 0 VCLOSE 0 VMAX 0 VLOCKUP 0 VDECR 0 V3SWAP 0 V2SWAP 0 NFC 0 NFB 0 NFS 0 NFPEN 0 NFT 0 TF 8
[SQ] 83052358: MC 0 MPC 0 TR 0 PMINT 0 PBURN 0 PSYNC 0 TC 0 LT 0 MG 0 VD 0 VDP 0 VWD 0 VLOCK 0 VUNLOCK 0 VCLOSE 0 VMAX 0 VLOCKUP 0 VDECR 0 V3SWAP 0 V2SWAP 0 NFC 0 NFB 0 NFS 0 NFPEN 0 NFT 0 TF 0
[SQ] 83052359: MC 0 MPC 0 TR 0 PMINT 0 PBURN 0 PSYNC 0 TC 0 LT 0 MG 0 VD 0 VDP 0 VWD 0 VLOCK 0 VUNLOCK 0 VCLOSE 0 VMAX 0 VLOCKUP 0 VDECR 0 V3SWAP 0 V2SWAP 0 NFC 0 NFB 0 NFS 0 NFPEN 0 NFT 0 TF 0
[SQ] 83052360: MC 0 MPC 0 TR 0 PMINT 0 PBURN 0 PSYNC 0 TC 0 LT 0 MG 0 VD 0 VDP 0 VWD 0 VLOCK 0 VUNLOCK 0 VCLOSE 0 VMAX 0 VLOCKUP 0 VDECR 0 V3SWAP 0 V2SWAP 0 NFC 0 NFB 0 NFS 0 NFPEN 0 NFT 0 TF 2
[SQ] 83052361: MC 0 MPC 0 TR 0 PMINT 0 PBURN 0 PSYNC 0 TC 0 LT 0 MG 0 VD 0 VDP 0 VWD 0 VLOCK 0 VUNLOCK 0 VCLOSE 0 VMAX 0 VLOCKUP 0 VDECR 0 V3SWAP 0 V2SWAP 0 NFC 0 NFB 0 NFS 0 NFPEN 0 NFT 0 TF 0
[SQ] 83052362: MC 0 MPC 0 TR 0 PMINT 0 PBURN 0 PSYNC 0 TC 0 LT 0 MG 0 VD 0 VDP 0 VWD 0 VLOCK 0 VUNLOCK 0 VCLOSE 0 VMAX 0 VLOCKUP 0 VDECR 0 V3SWAP 0 V2SWAP 0 NFC 0 NFB 0 NFS 0 NFPEN 0 NFT 0 TF 9
[SQ] 83052363: MC 0 MPC 0 TR 0 PMINT 0 PBURN 0 PSYNC 0 TC 0 LT 0 MG 0 VD 0 VDP 0 VWD 0 VLOCK 0 VUNLOCK 0 VCLOSE 0 VMAX 0 VLOCKUP 0 VDECR 0 V3SWAP 0 V2SWAP 0 NFC 0 NFB 0 NFS 0 NFPEN 0 NFT 0 TF 0
[SQ] 83052364: MC 0 MPC 0 TR 0 PMINT 0 PBURN 0 PSYNC 0 TC 0 LT 0 MG 0 VD 0 VDP 0 VWD 0 VLOCK 0 VUNLOCK 0 VCLOSE 0 VMAX 0 VLOCKUP 0 VDECR 0 V3SWAP 2 V2SWAP 0 NFC 0 NFB 0 NFS 0 NFPEN 0 NFT 0 TF 8
[SQ] 83052365: MC 0 MPC 0 TR 0 PMINT 0 PBURN 0 PSYNC 0 TC 0 LT 0 MG 0 VD 0 VDP 0 VWD 0 VLOCK 0 VUNLOCK 0 VCLOSE 0 VMAX 0 VLOCKUP 0 VDECR 0 V3SWAP 0 V2SWAP 0 NFC 0 NFB 0 NFS 0 NFPEN 0 NFT 0 TF 0
[SQ] 83052366: MC 0 MPC 0 TR 0 PMINT 0 PBURN 0 PSYNC 0 TC 0 LT 0 MG 0 VD 0 VDP 0 VWD 0 VLOCK 0 VUNLOCK 0 VCLOSE 0 VMAX 0 VLOCKUP 0 VDECR 0 V3SWAP 0 V2SWAP 0 NFC 0 NFB 0 NFS 0 NFPEN 0 NFT 0 TF 0
[SQ] 83052367: MC 0 MPC 0 TR 0 PMINT 0 PBURN 0 PSYNC 0 TC 0 LT 0 MG 0 VD 0 VDP 0 VWD 0 VLOCK 0 VUNLOCK 0 VCLOSE 0 VMAX 0 VLOCKUP 0 VDECR 0 V3SWAP 0 V2SWAP 0 NFC 0 NFB 0 NFS 0 NFPEN 0 NFT 0 TF 2
[SQ] 83052368: MC 0 MPC 0 TR 0 PMINT 0 PBURN 0 PSYNC 0 TC 0 LT 0 MG 0 VD 0 VDP 0 VWD 0 VLOCK 0 VUNLOCK 0 VCLOSE 0 VMAX 0 VLOCKUP 0 VDECR 0 V3SWAP 0 V2SWAP 0 NFC 0 NFB 0 NFS 0 NFPEN 0 NFT 0 TF 0
[SQ] 83052369: MC 0 MPC 0 TR 0 PMINT 0 PBURN 0 PSYNC 0 TC 0 LT 0 MG 0 VD 0 VDP 0 VWD 0 VLOCK 0 VUNLOCK 0 VCLOSE 0 VMAX 0 VLOCKUP 0 VDECR 0 V3SWAP 0 V2SWAP 0 NFC 0 NFB 0 NFS 0 NFPEN 0 NFT 0 TF 0
[SQ] 83052370: MC 0 MPC 0 TR 0 PMINT 0 PBURN 0 PSYNC 0 TC 0 LT 0 MG 0 VD 0 VDP 0 VWD 0 VLOCK 0 VUNLOCK 0 VCLOSE 0 VMAX 0 VLOCKUP 0 VDECR 0 V3SWAP 0 V2SWAP 0 NFC 0 NFB 0 NFS 0 NFPEN 0 NFT 0 TF 0
[SQ] 83052371: MC 0 MPC 0 TR 0 PMINT 0 PBURN 0 PSYNC 0 TC 0 LT 0 MG 0 VD 0 VDP 0 VWD 0 VLOCK 0 VUNLOCK 0 VCLOSE 0 VMAX 0 VLOCKUP 0 VDECR 0 V3SWAP 0 V2SWAP 0 NFC 0 NFB 0 NFS 0 NFPEN 0 NFT 0 TF 0
[SQ] 83052372: MC 0 MPC 0 TR 0 PMINT 0 PBURN 0 PSYNC 0 TC 0 LT 0 MG 0 VD 0 VDP 0 VWD 0 VLOCK 0 VUNLOCK 0 VCLOSE 0 VMAX 0 VLOCKUP 0 VDECR 0 V3SWAP 0 V2SWAP 0 NFC 0 NFB 0 NFS 0 NFPEN 0 NFT 0 TF 0
[SQ] 83052373: MC 0 MPC 0 TR 0 PMINT 0 PBURN 0 PSYNC 0 TC 0 LT 0 MG 0 VD 0 VDP 0 VWD 0 VLOCK 0 VUNLOCK 0 VCLOSE 0 VMAX 0 VLOCKUP 0 VDECR 0 V3SWAP 0 V2SWAP 0 NFC 0 NFB 0 NFS 0 NFPEN 0 NFT 0 TF 4
[SQ] 83052374: MC 0 MPC 0 TR 0 PMINT 0 PBURN 0 PSYNC 0 TC 0 LT 0 MG 0 VD 0 VDP 0 VWD 0 VLOCK 0 VUNLOCK 0 VCLOSE 0 VMAX 0 VLOCKUP 0 VDECR 0 V3SWAP 0 V2SWAP 0 NFC 0 NFB 0 NFS 0 NFPEN 0 NFT 0 TF 0
[SQ] 83052375: MC 0 MPC 0 TR 0 PMINT 0 PBURN 0 PSYNC 0 TC 0 LT 0 MG 0 VD 0 VDP 0 VWD 0 VLOCK 0 VUNLOCK 0 VCLOSE 0 VMAX 0 VLOCKUP 0 VDECR 0 V3SWAP 0 V2SWAP 0 NFC 0 NFB 0 NFS 0 NFPEN 0 NFT 0 TF 0
[SQ] 83052376: MC 0 MPC 0 TR 0 PMINT 0 PBURN 0 PSYNC 0 TC 0 LT 0 MG 0 VD 0 VDP 0 VWD 0 VLOCK 0 VUNLOCK 0 VCLOSE 0 VMAX 0 VLOCKUP 0 VDECR 0 V3SWAP 0 V2SWAP 0 NFC 0 NFB 0 NFS 0 NFPEN 0 NFT 0 TF 2
[SQ] 83052377: MC 0 MPC 0 TR 0 PMINT 0 PBURN 0 PSYNC 0 TC 0 LT 0 MG 0 VD 0 VDP 0 VWD 0 VLOCK 0 VUNLOCK 0 VCLOSE 0 VMAX 0 VLOCKUP 0 VDECR 0 V3SWAP 0 V2SWAP 0 NFC 0 NFB 0 NFS 0 NFPEN 0 NFT 0 TF 0
[SQ] 83052378: MC 0 MPC 0 TR 0 PMINT 0 PBURN 0 PSYNC 0 TC 0 LT 0 MG 0 VD 0 VDP 0 VWD 0 VLOCK 0 VUNLOCK 0 VCLOSE 0 VMAX 0 VLOCKUP 0 VDECR 0 V3SWAP 1 V2SWAP 0 NFC 0 NFB 0 NFS 0 NFPEN 0 NFT 0 TF 3
[SQ] 83052379: MC 0 MPC 0 TR 0 PMINT 0 PBURN 0 PSYNC 0 TC 0 LT 0 MG 0 VD 0 VDP 0 VWD 0 VLOCK 0 VUNLOCK 0 VCLOSE 0 VMAX 0 VLOCKUP 0 VDECR 0 V3SWAP 0 V2SWAP 0 NFC 0 NFB 0 NFS 0 NFPEN 0 NFT 0 TF 0
[SQ] 83052380: MC 0 MPC 0 TR 0 PMINT 0 PBURN 0 PSYNC 0 TC 0 LT 0 MG 0 VD 0 VDP 0 VWD 0 VLOCK 0 VUNLOCK 0 VCLOSE 0 VMAX 0 VLOCKUP 0 VDECR 0 V3SWAP 0 V2SWAP 0 NFC 0 NFB 0 NFS 0 NFPEN 0 NFT 0 TF 0
[SQ] 83052381: MC 0 MPC 0 TR 0 PMINT 0 PBURN 0 PSYNC 0 TC 0 LT 0 MG 0 VD 0 VDP 0 VWD 0 VLOCK 0 VUNLOCK 0 VCLOSE 0 VMAX 0 VLOCKUP 0 VDECR 0 V3SWAP 0 V2SWAP 0 NFC 0 NFB 0 NFS 0 NFPEN 0 NFT 0 TF 0
[SQ] 83052382: MC 0 MPC 0 TR 0 PMINT 0 PBURN 0 PSYNC 0 TC 0 LT 0 MG 0 VD 0 VDP 0 VWD 0 VLOCK 0 VUNLOCK 0 VCLOSE 0 VMAX 0 VLOCKUP 0 VDECR 0 V3SWAP 0 V2SWAP 0 NFC 0 NFB 0 NFS 0 NFPEN 0 NFT 0 TF 2
[SQ] 83052383: MC 0 MPC 0 TR 0 PMINT 0 PBURN 0 PSYNC 0 TC 0 LT 0 MG 0 VD 0 VDP 0 VWD 0 VLOCK 0 VUNLOCK 0 VCLOSE 0 VMAX 0 VLOCKUP 0 VDECR 0 V3SWAP 0 V2SWAP 0 NFC 0 NFB 0 NFS 0 NFPEN 0 NFT 0 TF 0
[SQ] 83052384: MC 0 MPC 0 TR 0 PMINT 0 PBURN 0 PSYNC 0 TC 0 LT 0 MG 0 VD 0 VDP 0 VWD 0 VLOCK 0 VUNLOCK 0 VCLOSE 0 VMAX 0 VLOCKUP 0 VDECR 0 V3SWAP 0 V2SWAP 0 NFC 0 NFB 0 NFS 0 NFPEN 0 NFT 0 TF 0
[SQ] 83052385: MC 0 MPC 0 TR 0 PMINT 0 PBURN 0 PSYNC 0 TC 0 LT 0 MG 0 VD 0 VDP 0 VWD 0 VLOCK 0 VUNLOCK 0 VCLOSE 0 VMAX 0 VLOCKUP 0 VDECR 0 V3SWAP 0 V2SWAP 0 NFC 0 NFB 0 NFS 0 NFPEN 0 NFT 0 TF 0
[SQ] 83052386: MC 0 MPC 0 TR 0 PMINT 0 PBURN 0 PSYNC 0 TC 0 LT 0 MG 0 VD 0 VDP 0 VWD 0 VLOCK 0 VUNLOCK 0 VCLOSE 0 VMAX 0 VLOCKUP 0 VDECR 0 V3SWAP 0 V2SWAP 0 NFC 0 NFB 0 NFS 0 NFPEN 0 NFT 0 TF 0
[SQ] 83052387: MC 0 MPC 0 TR 0 PMINT 0 PBURN 0 PSYNC 0 TC 0 LT 0 MG 0 VD 0 VDP 0 VWD 0 VLOCK 0 VUNLOCK 0 VCLOSE 0 VMAX 0 VLOCKUP 0 VDECR 0 V3SWAP 0 V2SWAP 0 NFC 0 NFB 0 NFS 0 NFPEN 0 NFT 0 TF 6
[SQ] 83052388: MC 0 MPC 0 TR 0 PMINT 0 PBURN 0 PSYNC 0 TC 0 LT 0 MG 0 VD 0 VDP 0 VWD 0 VLOCK 0 VUNLOCK 0 VCLOSE 0 VMAX 0 VLOCKUP 0 VDECR 0 V3SWAP 0 V2SWAP 0 NFC 0 NFB 0 NFS 0 NFPEN 0 NFT 0 TF 0
[SQ] 83052389: MC 0 MPC 0 TR 0 PMINT 0 PBURN 0 PSYNC 0 TC 0 LT 0 MG 0 VD 0 VDP 0 VWD 0 VLOCK 0 VUNLOCK 0 VCLOSE 0 VMAX 0 VLOCKUP 0 VDECR 0 V3SWAP 0 V2SWAP 0 NFC 0 NFB 0 NFS 0 NFPEN 0 NFT 0 TF 0
[SQ] 83052390: MC 0 MPC 0 TR 0 PMINT 0 PBURN 0 PSYNC 0 TC 0 LT 0 MG 0 VD 0 VDP 0 VWD 0 VLOCK 0 VUNLOCK 0 VCLOSE 0 VMAX 0 VLOCKUP 0 VDECR 0 V3SWAP 0 V2SWAP 0 NFC 0 NFB 0 NFS 0 NFPEN 0 NFT 0 TF 6
[SQ] 83052391: MC 0 MPC 0 TR 0 PMINT 0 PBURN 0 PSYNC 0 TC 0 LT 0 MG 0 VD 0 VDP 0 VWD 0 VLOCK 0 VUNLOCK 0 VCLOSE 0 VMAX 0 VLOCKUP 0 VDECR 0 V3SWAP 0 V2SWAP 0 NFC 0 NFB 0 NFS 0 NFPEN 0 NFT 0 TF 0
[SQ] 83052392: MC 0 MPC 0 TR 0 PMINT 0 PBURN 0 PSYNC 0 TC 0 LT 0 MG 0 VD 0 VDP 0 VWD 0 VLOCK 0 VUNLOCK 0 VCLOSE 0 VMAX 0 VLOCKUP 0 VDECR 0 V3SWAP 0 V2SWAP 0 NFC 0 NFB 0 NFS 0 NFPEN 0 NFT 0 TF 0
[SQ] 83052393: MC 0 MPC 0 TR 0 PMINT 0 PBURN 0 PSYNC 0 TC 0 LT 0 MG 0 VD 0 VDP 0 VWD 0 VLOCK 0 VUNLOCK 0 VCLOSE 0 VMAX 0 VLOCKUP 0 VDECR 0 V3SWAP 0 V2SWAP 0 NFC 0 NFB 0 NFS 0 NFPEN 0 NFT 0 TF 0
[SQ] 83052394: MC 0 MPC 0 TR 0 PMINT 0 PBURN 0 PSYNC 0 TC 0 LT 0 MG 0 VD 0 VDP 0 VWD 0 VLOCK 0 VUNLOCK 0 VCLOSE 0 VMAX 0 VLOCKUP 0 VDECR 0 V3SWAP 0 V2SWAP 0 NFC 0 NFB 0 NFS 0 NFPEN 0 NFT 0 TF 0
[SQ] 83052395: MC 0 MPC 0 TR 0 PMINT 0 PBURN 0 PSYNC 0 TC 0 LT 0 MG 0 VD 0 VDP 0 VWD 0 VLOCK 0 VUNLOCK 0 VCLOSE 0 VMAX 0 VLOCKUP 0 VDECR 0 V3SWAP 0 V2SWAP 0 NFC 0 NFB 0 NFS 0 NFPEN 0 NFT 0 TF 0
[SQ] 83052396: MC 0 MPC 0 TR 0 PMINT 0 PBURN 0 PSYNC 0 TC 0 LT 0 MG 0 VD 0 VDP 0 VWD 0 VLOCK 0 VUNLOCK 0 VCLOSE 0 VMAX 0 VLOCKUP 0 VDECR 0 V3SWAP 0 V2SWAP 0 NFC 0 NFB 0 NFS 0 NFPEN 0 NFT 0 TF 2
[SQ] 83052397: MC 0 MPC 0 TR 0 PMINT 0 PBURN 0 PSYNC 0 TC 0 LT 0 MG 0 VD 0 VDP 0 VWD 0 VLOCK 0 VUNLOCK 0 VCLOSE 0 VMAX 0 VLOCKUP 0 VDECR 0 V3SWAP 0 V2SWAP 0 NFC 0 NFB 0 NFS 0 NFPEN 0 NFT 0 TF 0
[SQ] 83052398: MC 0 MPC 0 TR 0 PMINT 0 PBURN 0 PSYNC 0 TC 0 LT 0 MG 0 VD 0 VDP 0 VWD 0 VLOCK 0 VUNLOCK 0 VCLOSE 0 VMAX 0 VLOCKUP 0 VDECR 0 V3SWAP 0 V2SWAP 0 NFC 0 NFB 0 NFS 0 NFPEN 0 NFT 0 TF 0
[SQ] 83052399: MC 0 MPC 0 TR 0 PMINT 0 PBURN 0 PSYNC 0 TC 0 LT 0 MG 0 VD 0 VDP 0 VWD 0 VLOCK 0 VUNLOCK 0 VCLOSE 0 VMAX 0 VLOCKUP 0 VDECR 0 V3SWAP 0 V2SWAP 0 NFC 0 NFB 0 NFS 0 NFPEN 0 NFT 0 TF 0
[SQ] 83052400: MC 0 MPC 0 TR 0 PMINT 0 PBURN 0 PSYNC 0 TC 0 LT 0 MG 0 VD 0 VDP 0 VWD 0 VLOCK 0 VUNLOCK 0 VCLOSE 0 VMAX 0 VLOCKUP 0 VDECR 0 V3SWAP 1 V2SWAP 0 NFC 0 NFB 0 NFS 0 NFPEN 0 NFT 0 TF 3
[SQ] 83052401: MC 0 MPC 0 TR 0 PMINT 0 PBURN 0 PSYNC 0 TC 0 LT 0 MG 0 VD 0 VDP 0 VWD 0 VLOCK 0 VUNLOCK 0 VCLOSE 0 VMAX 0 VLOCKUP 0 VDECR 0 V3SWAP 0 V2SWAP 0 NFC 0 NFB 0 NFS 0 NFPEN 0 NFT 0 TF 0
[SQ] 83052402: MC 0 MPC 0 TR 0 PMINT 0 PBURN 0 PSYNC 0 TC 0 LT 0 MG 0 VD 0 VDP 0 VWD 0 VLOCK 0 VUNLOCK 0 VCLOSE 0 VMAX 0 VLOCKUP 0 VDECR 0 V3SWAP 0 V2SWAP 0 NFC 0 NFB 0 NFS 0 NFPEN 0 NFT 0 TF 2
[SQ] 83052403: MC 0 MPC 0 TR 0 PMINT 0 PBURN 0 PSYNC 0 TC 0 LT 0 MG 0 VD 0 VDP 0 VWD 0 VLOCK 0 VUNLOCK 0 VCLOSE 0 VMAX 0 VLOCKUP 0 VDECR 0 V3SWAP 0 V2SWAP 0 NFC 0 NFB 0 NFS 0 NFPEN 0 NFT 0 TF 0
[SQ] 83052404: MC 0 MPC 0 TR 0 PMINT 0 PBURN 0 PSYNC 0 TC 0 LT 0 MG 0 VD 0 VDP 0 VWD 0 VLOCK 0 VUNLOCK 0 VCLOSE 0 VMAX 0 VLOCKUP 0 VDECR 0 V3SWAP 0 V2SWAP 0 NFC 0 NFB 0 NFS 0 NFPEN 0 NFT 0 TF 0
[SQ] 83052405: MC 0 MPC 0 TR 0 PMINT 0 PBURN 0 PSYNC 0 TC 0 LT 0 MG 0 VD 0 VDP 0 VWD 0 VLOCK 0 VUNLOCK 0 VCLOSE 0 VMAX 0 VLOCKUP 0 VDECR 0 V3SWAP 0 V2SWAP 0 NFC 0 NFB 0 NFS 0 NFPEN 0 NFT 0 TF 0
[SQ] 83052406: MC 0 MPC 0 TR 0 PMINT 0 PBURN 0 PSYNC 0 TC 0 LT 0 MG 0 VD 0 VDP 0 VWD 0 VLOCK 0 VUNLOCK 0 VCLOSE 0 VMAX 0 VLOCKUP 0 VDECR 0 V3SWAP 0 V2SWAP 0 NFC 0 NFB 0 NFS 0 NFPEN 0 NFT 0 TF 0
[SQ] 83052407: MC 0 MPC 0 TR 0 PMINT 0 PBURN 0 PSYNC 0 TC 0 LT 0 MG 0 VD 0 VDP 0 VWD 0 VLOCK 0 VUNLOCK 0 VCLOSE 0 VMAX 0 VLOCKUP 0 VDECR 0 V3SWAP 0 V2SWAP 0 NFC 0 NFB 0 NFS 0 NFPEN 0 NFT 0 TF 0
[SQ] 83052408: MC 0 MPC 0 TR 0 PMINT 0 PBURN 0 PSYNC 0 TC 0 LT 0 MG 0 VD 0 VDP 0 VWD 0 VLOCK 0 VUNLOCK 0 VCLOSE 0 VMAX 0 VLOCKUP 0 VDECR 0 V3SWAP 0 V2SWAP 0 NFC 0 NFB 0 NFS 0 NFPEN 0 NFT 0 TF 0
[SQ] 83052409: MC 0 MPC 0 TR 0 PMINT 0 PBURN 0 PSYNC 0 TC 0 LT 0 MG 0 VD 0 VDP 0 VWD 0 VLOCK 0 VUNLOCK 0 VCLOSE 0 VMAX 0 VLOCKUP 0 VDECR 0 V3SWAP 0 V2SWAP 0 NFC 0 NFB 0 NFS 0 NFPEN 0 NFT 0 TF 2
[SQ] 83052410: MC 0 MPC 0 TR 0 PMINT 0 PBURN 0 PSYNC 0 TC 0 LT 0 MG 0 VD 0 VDP 0 VWD 0 VLOCK 0 VUNLOCK 0 VCLOSE 0 VMAX 0 VLOCKUP 0 VDECR 0 V3SWAP 0 V2SWAP 0 NFC 0 NFB 0 NFS 0 NFPEN 0 NFT 0 TF 0
[SQ] 83052411: MC 0 MPC 0 TR 0 PMINT 0 PBURN 0 PSYNC 0 TC 0 LT 0 MG 0 VD 0 VDP 0 VWD 0 VLOCK 0 VUNLOCK 0 VCLOSE 0 VMAX 0 VLOCKUP 0 VDECR 0 V3SWAP 0 V2SWAP 0 NFC 0 NFB 0 NFS 0 NFPEN 0 NFT 0 TF 0
[SQ] 83052412: MC 0 MPC 0 TR 0 PMINT 0 PBURN 0 PSYNC 0 TC 0 LT 0 MG 0 VD 0 VDP 0 VWD 0 VLOCK 0 VUNLOCK 0 VCLOSE 0 VMAX 0 VLOCKUP 0 VDECR 0 V3SWAP 0 V2SWAP 0 NFC 0 NFB 0 NFS 0 NFPEN 0 NFT 0 TF 14
[SQ] 83052413: MC 0 MPC 0 TR 0 PMINT 0 PBURN 0 PSYNC 0 TC 0 LT 0 MG 0 VD 0 VDP 0 VWD 0 VLOCK 0 VUNLOCK 0 VCLOSE 0 VMAX 0 VLOCKUP 0 VDECR 0 V3SWAP 0 V2SWAP 0 NFC 0 NFB 0 NFS 0 NFPEN 0 NFT 0 TF 7
[SQ] 83052414: MC 0 MPC 0 TR 0 PMINT 0 PBURN 0 PSYNC 0 TC 0 LT 0 MG 0 VD 0 VDP 0 VWD 0 VLOCK 0 VUNLOCK 0 VCLOSE 0 VMAX 0 VLOCKUP 0 VDECR 0 V3SWAP 1 V2SWAP 0 NFC 0 NFB 0 NFS 0 NFPEN 0 NFT 0 TF 5
[SQ] 83052415: MC 0 MPC 0 TR 0 PMINT 0 PBURN 0 PSYNC 0 TC 0 LT 0 MG 0 VD 0 VDP 0 VWD 0 VLOCK 0 VUNLOCK 0 VCLOSE 0 VMAX 0 VLOCKUP 0 VDECR 0 V3SWAP 0 V2SWAP 0 NFC 0 NFB 0 NFS 0 NFPEN 0 NFT 0 TF 0
[SQ] 83052416: MC 0 MPC 0 TR 0 PMINT 0 PBURN 0 PSYNC 0 TC 0 LT 0 MG 0 VD 0 VDP 0 VWD 0 VLOCK 0 VUNLOCK 0 VCLOSE 0 VMAX 0 VLOCKUP 0 VDECR 0 V3SWAP 1 V2SWAP 0 NFC 0 NFB 0 NFS 0 NFPEN 0 NFT 0 TF 12
[SQ] 83052417: MC 0 MPC 0 TR 0 PMINT 0 PBURN 0 PSYNC 0 TC 0 LT 0 MG 0 VD 0 VDP 0 VWD 0 VLOCK 0 VUNLOCK 0 VCLOSE 0 VMAX 0 VLOCKUP 0 VDECR 0 V3SWAP 0 V2SWAP 0 NFC 0 NFB 0 NFS 0 NFPEN 0 NFT 0 TF 0
[SQ] 83052418: MC 0 MPC 0 TR 0 PMINT 0 PBURN 0 PSYNC 0 TC 0 LT 0 MG 0 VD 0 VDP 0 VWD 0 VLOCK 0 VUNLOCK 0 VCLOSE 0 VMAX 0 VLOCKUP 0 VDECR 0 V3SWAP 0 V2SWAP 0 NFC 0 NFB 0 NFS 0 NFPEN 0 NFT 0 TF 2
[SQ] 83052419: MC 0 MPC 0 TR 0 PMINT 0 PBURN 0 PSYNC 0 TC 0 LT 0 MG 0 VD 0 VDP 0 VWD 0 VLOCK 0 VUNLOCK 0 VCLOSE 0 VMAX 0 VLOCKUP 0 VDECR 0 V3SWAP 0 V2SWAP 0 NFC 0 NFB 0 NFS 0 NFPEN 0 NFT 0 TF 0
[SQ] 83052420: MC 0 MPC 0 TR 0 PMINT 0 PBURN 0 PSYNC 0 TC 0 LT 0 MG 0 VD 0 VDP 0 VWD 0 VLOCK 0 VUNLOCK 0 VCLOSE 0 VMAX 0 VLOCKUP 0 VDECR 0 V3SWAP 0 V2SWAP 0 NFC 0 NFB 0 NFS 0 NFPEN 0 NFT 0 TF 0
[SQ] 83052421: MC 0 MPC 0 TR 0 PMINT 0 PBURN 0 PSYNC 0 TC 0 LT 0 MG 0 VD 0 VDP 0 VWD 0 VLOCK 0 VUNLOCK 0 VCLOSE 0 VMAX 0 VLOCKUP 0 VDECR 0 V3SWAP 0 V2SWAP 0 NFC 0 NFB 0 NFS 0 NFPEN 0 NFT 0 TF 4
[SQ] 83052422: MC 0 MPC 0 TR 0 PMINT 0 PBURN 0 PSYNC 0 TC 0 LT 0 MG 0 VD 0 VDP 0 VWD 0 VLOCK 0 VUNLOCK 0 VCLOSE 0 VMAX 0 VLOCKUP 0 VDECR 0 V3SWAP 0 V2SWAP 0 NFC 0 NFB 0 NFS 0 NFPEN 0 NFT 0 TF 0
[SQ] 83052423: MC 0 MPC 0 TR 0 PMINT 0 PBURN 0 PSYNC 0 TC 0 LT 0 MG 0 VD 0 VDP 0 VWD 0 VLOCK 0 VUNLOCK 0 VCLOSE 0 VMAX 0 VLOCKUP 0 VDECR 0 V3SWAP 0 V2SWAP 0 NFC 0 NFB 0 NFS 0 NFPEN 0 NFT 0 TF 2
[SQ] 83052424: MC 0 MPC 0 TR 0 PMINT 0 PBURN 0 PSYNC 0 TC 0 LT 0 MG 0 VD 0 VDP 0 VWD 0 VLOCK 0 VUNLOCK 0 VCLOSE 0 VMAX 0 VLOCKUP 0 VDECR 0 V3SWAP 0 V2SWAP 0 NFC 0 NFB 0 NFS 0 NFPEN 0 NFT 0 TF 3
[SQ] 83052425: MC 0 MPC 0 TR 0 PMINT 0 PBURN 0 PSYNC 0 TC 0 LT 0 MG 0 VD 0 VDP 0 VWD 0 VLOCK 0 VUNLOCK 0 VCLOSE 0 VMAX 0 VLOCKUP 0 VDECR 0 V3SWAP 1 V2SWAP 0 NFC 0 NFB 0 NFS 0 NFPEN 0 NFT 0 TF 3
[SQ] 83052426: MC 0 MPC 0 TR 0 PMINT 0 PBURN 0 PSYNC 0 TC 0 LT 0 MG 0 VD 0 VDP 0 VWD 0 VLOCK 0 VUNLOCK 0 VCLOSE 0 VMAX 0 VLOCKUP 0 VDECR 0 V3SWAP 0 V2SWAP 0 NFC 0 NFB 0 NFS 0 NFPEN 0 NFT 0 TF 0
[SQ] 83052427: MC 0 MPC 0 TR 0 PMINT 0 PBURN 0 PSYNC 0 TC 0 LT 0 MG 0 VD 0 VDP 0 VWD 0 VLOCK 0 VUNLOCK 0 VCLOSE 0 VMAX 0 VLOCKUP 0 VDECR 0 V3SWAP 0 V2SWAP 0 NFC 0 NFB 0 NFS 0 NFPEN 0 NFT 0 TF 0
[SQ] 83052428: MC 0 MPC 0 TR 0 PMINT 0 PBURN 0 PSYNC 0 TC 0 LT 0 MG 0 VD 0 VDP 0 VWD 0 VLOCK 0 VUNLOCK 0 VCLOSE 0 VMAX 0 VLOCKUP 0 VDECR 0 V3SWAP 0 V2SWAP 0 NFC 0 NFB 0 NFS 0 NFPEN 0 NFT 0 TF 2
[SQ] 83052429: MC 0 MPC 0 TR 0 PMINT 0 PBURN 0 PSYNC 0 TC 0 LT 0 MG 0 VD 0 VDP 0 VWD 0 VLOCK 0 VUNLOCK 0 VCLOSE 0 VMAX 0 VLOCKUP 0 VDECR 0 V3SWAP 0 V2SWAP 0 NFC 0 NFB 0 NFS 0 NFPEN 0 NFT 0 TF 0
[SQ] 83052430: MC 0 MPC 0 TR 0 PMINT 0 PBURN 0 PSYNC 0 TC 0 LT 0 MG 0 VD 0 VDP 0 VWD 0 VLOCK 0 VUNLOCK 0 VCLOSE 0 VMAX 0 VLOCKUP 0 VDECR 0 V3SWAP 0 V2SWAP 0 NFC 0 NFB 0 NFS 0 NFPEN 0 NFT 0 TF 0
[SQ] 83052431: MC 0 MPC 0 TR 0 PMINT 0 PBURN 0 PSYNC 0 TC 0 LT 0 MG 0 VD 0 VDP 0 VWD 0 VLOCK 0 VUNLOCK 0 VCLOSE 0 VMAX 0 VLOCKUP 0 VDECR 0 V3SWAP 0 V2SWAP 0 NFC 0 NFB 0 NFS 0 NFPEN 0 NFT 0 TF 2
[SQ] 83052432: MC 0 MPC 0 TR 0 PMINT 0 PBURN 0 PSYNC 0 TC 0 LT 0 MG 0 VD 0 VDP 0 VWD 0 VLOCK 0 VUNLOCK 0 VCLOSE 0 VMAX 0 VLOCKUP 0 VDECR 0 V3SWAP 0 V2SWAP 0 NFC 0 NFB 0 NFS 0 NFPEN 0 NFT 0 TF 0
[SQ] 83052433: MC 0 MPC 0 TR 0 PMINT 0 PBURN 0 PSYNC 0 TC 0 LT 0 MG 0 VD 0 VDP 0 VWD 0 VLOCK 0 VUNLOCK 0 VCLOSE 0 VMAX 0 VLOCKUP 0 VDECR 0 V3SWAP 0 V2SWAP 0 NFC 0 NFB 0 NFS 0 NFPEN 0 NFT 0 TF 0
[SQ] 83052434: MC 0 MPC 0 TR 0 PMINT 0 PBURN 0 PSYNC 0 TC 0 LT 0 MG 0 VD 0 VDP 0 VWD 0 VLOCK 0 VUNLOCK 0 VCLOSE 0 VMAX 0 VLOCKUP 0 VDECR 0 V3SWAP 0 V2SWAP 0 NFC 0 NFB 0 NFS 0 NFPEN 0 NFT 0 TF 0
[SQ] 83052435: MC 0 MPC 0 TR 0 PMINT 0 PBURN 0 PSYNC 0 TC 0 LT 0 MG 0 VD 0 VDP 0 VWD 0 VLOCK 0 VUNLOCK 0 VCLOSE 0 VMAX 0 VLOCKUP 0 VDECR 0 V3SWAP 0 V2SWAP 0 NFC 0 NFB 0 NFS 0 NFPEN 0 NFT 0 TF 0
[SQ] 83052436: MC 0 MPC 0 TR 0 PMINT 0 PBURN 0 PSYNC 0 TC 0 LT 0 MG 0 VD 0 VDP 0 VWD 0 VLOCK 0 VUNLOCK 0 VCLOSE 0 VMAX 0 VLOCKUP 0 VDECR 0 V3SWAP 1 V2SWAP 0 NFC 0 NFB 0 NFS 0 NFPEN 0 NFT 0 TF 6
[SQ] 83052437: MC 0 MPC 0 TR 0 PMINT 0 PBURN 0 PSYNC 0 TC 0 LT 0 MG 0 VD 0 VDP 0 VWD 0 VLOCK 0 VUNLOCK 0 VCLOSE 0 VMAX 0 VLOCKUP 0 VDECR 0 V3SWAP 0 V2SWAP 0 NFC 0 NFB 0 NFS 0 NFPEN 0 NFT 0 TF 0
[SQ] 83052438: MC 0 MPC 0 TR 0 PMINT 0 PBURN 0 PSYNC 0 TC 0 LT 0 MG 0 VD 0 VDP 0 VWD 0 VLOCK 0 VUNLOCK 0 VCLOSE 0 VMAX 0 VLOCKUP 0 VDECR 0 V3SWAP 0 V2SWAP 0 NFC 0 NFB 0 NFS 0 NFPEN 0 NFT 0 TF 0
[SQ] 83052439: MC 0 MPC 0 TR 0 PMINT 0 PBURN 0 PSYNC 0 TC 0 LT 0 MG 0 VD 0 VDP 0 VWD 0 VLOCK 0 VUNLOCK 0 VCLOSE 0 VMAX 0 VLOCKUP 0 VDECR 0 V3SWAP 0 V2SWAP 0 NFC 0 NFB 0 NFS 0 NFPEN 0 NFT 0 TF 2
[SQ] 83052440: MC 0 MPC 0 TR 0 PMINT 0 PBURN 0 PSYNC 0 TC 0 LT 0 MG 0 VD 0 VDP 0 VWD 0 VLOCK 0 VUNLOCK 0 VCLOSE 0 VMAX 0 VLOCKUP 0 VDECR 0 V3SWAP 0 V2SWAP 0 NFC 0 NFB 0 NFS 0 NFPEN 0 NFT 0 TF 2
[SQ] 83052441: MC 0 MPC 0 TR 0 PMINT 0 PBURN 0 PSYNC 0 TC 0 LT 0 MG 0 VD 0 VDP 0 VWD 0 VLOCK 0 VUNLOCK 0 VCLOSE 0 VMAX 0 VLOCKUP 0 VDECR 0 V3SWAP 0 V2SWAP 0 NFC 0 NFB 0 NFS 0 NFPEN 0 NFT 0 TF 6
[SQ] 83052442: MC 0 MPC 0 TR 0 PMINT 0 PBURN 0 PSYNC 0 TC 0 LT 0 MG 0 VD 0 VDP 0 VWD 0 VLOCK 0 VUNLOCK 0 VCLOSE 0 VMAX 0 VLOCKUP 0 VDECR 0 V3SWAP 0 V2SWAP 0 NFC 0 NFB 0 NFS 0 NFPEN 0 NFT 0 TF 0
[SQ] 83052443: MC 0 MPC 0 TR 0 PMINT 0 PBURN 0 PSYNC 0 TC 0 LT 0 MG 0 VD 0 VDP 0 VWD 0 VLOCK 0 VUNLOCK 0 VCLOSE 0 VMAX 0 VLOCKUP 0 VDECR 0 V3SWAP 0 V2SWAP 0 NFC 0 NFB 0 NFS 0 NFPEN 0 NFT 0 TF 0
[SQ] 83052444: MC 0 MPC 0 TR 0 PMINT 0 PBURN 0 PSYNC 0 TC 0 LT 0 MG 0 VD 0 VDP 0 VWD 0 VLOCK 0 VUNLOCK 0 VCLOSE 0 VMAX 0 VLOCKUP 0 VDECR 0 V3SWAP 0 V2SWAP 0 NFC 0 NFB 0 NFS 0 NFPEN 0 NFT 0 TF 0
[SQ] 83052445: MC 0 MPC 0 TR 0 PMINT 0 PBURN 0 PSYNC 0 TC 0 LT 0 MG 0 VD 0 VDP 0 VWD 0 VLOCK 0 VUNLOCK 0 VCLOSE 0 VMAX 0 VLOCKUP 0 VDECR 0 V3SWAP 0 V2SWAP 0 NFC 0 NFB 0 NFS 0 NFPEN 0 NFT 0 TF 0
[SQ] 83052446: MC 0 MPC 0 TR 0 PMINT 0 PBURN 0 PSYNC 0 TC 0 LT 0 MG 0 VD 0 VDP 0 VWD 0 VLOCK 0 VUNLOCK 0 VCLOSE 0 VMAX 0 VLOCKUP 0 VDECR 0 V3SWAP 0 V2SWAP 0 NFC 0 NFB 0 NFS 0 NFPEN 0 NFT 0 TF 0
[SQ] 83052447: MC 0 MPC 0 TR 0 PMINT 0 PBURN 0 PSYNC 0 TC 0 LT 0 MG 0 VD 0 VDP 0 VWD 0 VLOCK 0 VUNLOCK 0 VCLOSE 0 VMAX 0 VLOCKUP 0 VDECR 0 V3SWAP 0 V2SWAP 0 NFC 0 NFB 0 NFS 0 NFPEN 0 NFT 0 TF 2
[SQ] 83052448: MC 0 MPC 0 TR 0 PMINT 0 PBURN 0 PSYNC 0 TC 0 LT 0 MG 0 VD 0 VDP 0 VWD 0 VLOCK 0 VUNLOCK 0 VCLOSE 0 VMAX 0 VLOCKUP 0 VDECR 0 V3SWAP 0 V2SWAP 0 NFC 0 NFB 0 NFS 0 NFPEN 0 NFT 0 TF 0
[SQ] 83052449: MC 0 MPC 0 TR 0 PMINT 0 PBURN 0 PSYNC 0 TC 0 LT 0 MG 0 VD 0 VDP 0 VWD 0 VLOCK 0 VUNLOCK 0 VCLOSE 0 VMAX 0 VLOCKUP 0 VDECR 0 V3SWAP 1 V2SWAP 0 NFC 0 NFB 0 NFS 0 NFPEN 0 NFT 0 TF 3
[SQ] 83052450: MC 0 MPC 0 TR 0 PMINT 0 PBURN 0 PSYNC 0 TC 0 LT 0 MG 0 VD 0 VDP 0 VWD 0 VLOCK 0 VUNLOCK 0 VCLOSE 0 VMAX 0 VLOCKUP 0 VDECR 0 V3SWAP 0 V2SWAP 0 NFC 0 NFB 0 NFS 0 NFPEN 0 NFT 0 TF 0
[SQ] 83052451: MC 0 MPC 0 TR 0 PMINT 0 PBURN 0 PSYNC 0 TC 0 LT 0 MG 0 VD 0 VDP 0 VWD 0 VLOCK 0 VUNLOCK 0 VCLOSE 0 VMAX 0 VLOCKUP 0 VDECR 0 V3SWAP 0 V2SWAP 0 NFC 0 NFB 0 NFS 0 NFPEN 0 NFT 0 TF 0
[SQ] 83052452: MC 0 MPC 0 TR 0 PMINT 0 PBURN 0 PSYNC 0 TC 0 LT 0 MG 0 VD 0 VDP 0 VWD 0 VLOCK 0 VUNLOCK 0 VCLOSE 0 VMAX 0 VLOCKUP 0 VDECR 0 V3SWAP 0 V2SWAP 0 NFC 0 NFB 0 NFS 0 NFPEN 0 NFT 0 TF 0
[SQ] 83052453: MC 0 MPC 0 TR 0 PMINT 0 PBURN 0 PSYNC 0 TC 0 LT 0 MG 0 VD 0 VDP 0 VWD 0 VLOCK 0 VUNLOCK 0 VCLOSE 0 VMAX 0 VLOCKUP 0 VDECR 0 V3SWAP 0 V2SWAP 0 NFC 0 NFB 0 NFS 0 NFPEN 0 NFT 0 TF 0
[SQ] 83052454: MC 0 MPC 0 TR 0 PMINT 0 PBURN 0 PSYNC 0 TC 0 LT 0 MG 0 VD 0 VDP 0 VWD 0 VLOCK 0 VUNLOCK 0 VCLOSE 0 VMAX 0 VLOCKUP 0 VDECR 0 V3SWAP 0 V2SWAP 0 NFC 0 NFB 0 NFS 0 NFPEN 0 NFT 0 TF 0
[SQ] 83052455: MC 0 MPC 0 TR 0 PMINT 0 PBURN 0 PSYNC 0 TC 0 LT 0 MG 0 VD 0 VDP 0 VWD 0 VLOCK 0 VUNLOCK 0 VCLOSE 0 VMAX 0 VLOCKUP 0 VDECR 0 V3SWAP 0 V2SWAP 0 NFC 0 NFB 0 NFS 0 NFPEN 0 NFT 0 TF 0
[SQ] 83052456: MC 0 MPC 0 TR 0 PMINT 0 PBURN 0 PSYNC 0 TC 0 LT 0 MG 0 VD 0 VDP 0 VWD 0 VLOCK 0 VUNLOCK 0 VCLOSE 0 VMAX 0 VLOCKUP 0 VDECR 0 V3SWAP 0 V2SWAP 0 NFC 0 NFB 0 NFS 0 NFPEN 0 NFT 0 TF 0
[SQ] 83052457: MC 0 MPC 0 TR 0 PMINT 0 PBURN 0 PSYNC 0 TC 0 LT 0 MG 0 VD 0 VDP 0 VWD 0 VLOCK 0 VUNLOCK 0 VCLOSE 0 VMAX 0 VLOCKUP 0 VDECR 0 V3SWAP 0 V2SWAP 0 NFC 0 NFB 0 NFS 0 NFPEN 0 NFT 0 TF 0
[SQ] 83052458: MC 0 MPC 0 TR 0 PMINT 0 PBURN 0 PSYNC 0 TC 0 LT 0 MG 0 VD 0 VDP 0 VWD 0 VLOCK 0 VUNLOCK 0 VCLOSE 0 VMAX 0 VLOCKUP 0 VDECR 0 V3SWAP 0 V2SWAP 0 NFC 0 NFB 0 NFS 0 NFPEN 0 NFT 0 TF 0
[SQ] 83052459: MC 0 MPC 0 TR 0 PMINT 0 PBURN 0 PSYNC 0 TC 0 LT 0 MG 0 VD 0 VDP 0 VWD 0 VLOCK 0 VUNLOCK 0 VCLOSE 0 VMAX 0 VLOCKUP 0 VDECR 0 V3SWAP 0 V2SWAP 0 NFC 0 NFB 0 NFS 0 NFPEN 0 NFT 0 TF 0
[SQ] 83052460: MC 0 MPC 0 TR 0 PMINT 0 PBURN 0 PSYNC 0 TC 0 LT 0 MG 0 VD 0 VDP 0 VWD 0 VLOCK 0 VUNLOCK 0 VCLOSE 0 VMAX 0 VLOCKUP 0 VDECR 0 V3SWAP 0 V2SWAP 0 NFC 0 NFB 0 NFS 0 NFPEN 0 NFT 0 TF 0
[SQ] 83052461: MC 0 MPC 0 TR 0 PMINT 0 PBURN 0 PSYNC 0 TC 0 LT 0 MG 0 VD 0 VDP 0 VWD 0 VLOCK 0 VUNLOCK 0 VCLOSE 0 VMAX 0 VLOCKUP 0 VDECR 0 V3SWAP 0 V2SWAP 0 NFC 0 NFB 0 NFS 0 NFPEN 0 NFT 0 TF 2
[SQ] 83052462: MC 0 MPC 0 TR 0 PMINT 0 PBURN 0 PSYNC 0 TC 0 LT 0 MG 0 VD 0 VDP 0 VWD 0 VLOCK 0 VUNLOCK 0 VCLOSE 0 VMAX 0 VLOCKUP 0 VDECR 0 V3SWAP 0 V2SWAP 0 NFC 0 NFB 0 NFS 0 NFPEN 0 NFT 0 TF 0
[SQ] 83052463: MC 0 MPC 0 TR 0 PMINT 0 PBURN 0 PSYNC 0 TC 0 LT 0 MG 0 VD 0 VDP 0 VWD 0 VLOCK 0 VUNLOCK 0 VCLOSE 0 VMAX 0 VLOCKUP 0 VDECR 0 V3SWAP 0 V2SWAP 0 NFC 0 NFB 0 NFS 0 NFPEN 0 NFT 0 TF 0
[SQ] 83052464: MC 0 MPC 0 TR 0 PMINT 0 PBURN 0 PSYNC 0 TC 0 LT 0 MG 0 VD 0 VDP 0 VWD 0 VLOCK 0 VUNLOCK 0 VCLOSE 0 VMAX 0 VLOCKUP 0 VDECR 0 V3SWAP 0 V2SWAP 0 NFC 0 NFB 0 NFS 0 NFPEN 0 NFT 0 TF 0
[SQ] 83052465: MC 0 MPC 0 TR 0 PMINT 0 PBURN 0 PSYNC 0 TC 0 LT 0 MG 0 VD 0 VDP 0 VWD 0 VLOCK 0 VUNLOCK 0 VCLOSE 0 VMAX 0 VLOCKUP 0 VDECR 0 V3SWAP 0 V2SWAP 0 NFC 0 NFB 0 NFS 0 NFPEN 0 NFT 0 TF 0
[SQ] 83052466: MC 0 MPC 0 TR 0 PMINT 0 PBURN 0 PSYNC 0 TC 0 LT 0 MG 0 VD 0 VDP 0 VWD 0 VLOCK 0 VUNLOCK 0 VCLOSE 0 VMAX 0 VLOCKUP 0 VDECR 0 V3SWAP 0 V2SWAP 0 NFC 0 NFB 0 NFS 0 NFPEN 0 NFT 0 TF 0
[SQ] 83052467: MC 0 MPC 0 TR 0 PMINT 0 PBURN 0 PSYNC 0 TC 0 LT 0 MG 0 VD 0 VDP 0 VWD 0 VLOCK 0 VUNLOCK 0 VCLOSE 0 VMAX 0 VLOCKUP 0 VDECR 0 V3SWAP 0 V2SWAP 0 NFC 0 NFB 0 NFS 0 NFPEN 0 NFT 0 TF 2
[SQ] 83052468: MC 0 MPC 0 TR 0 PMINT 0 PBURN 0 PSYNC 0 TC 0 LT 0 MG 0 VD 0 VDP 0 VWD 0 VLOCK 0 VUNLOCK 0 VCLOSE 0 VMAX 0 VLOCKUP 0 VDECR 0 V3SWAP 0 V2SWAP 0 NFC 0 NFB 0 NFS 0 NFPEN 0 NFT 0 TF 0
[SQ] 83052469: MC 0 MPC 0 TR 0 PMINT 0 PBURN 0 PSYNC 0 TC 0 LT 0 MG 0 VD 0 VDP 0 VWD 0 VLOCK 0 VUNLOCK 0 VCLOSE 0 VMAX 0 VLOCKUP 0 VDECR 0 V3SWAP 0 V2SWAP 0 NFC 0 NFB 0 NFS 0 NFPEN 0 NFT 0 TF 0
[SQ] 83052470: MC 0 MPC 0 TR 0 PMINT 0 PBURN 0 PSYNC 0 TC 0 LT 0 MG 0 VD 0 VDP 0 VWD 0 VLOCK 0 VUNLOCK 0 VCLOSE 0 VMAX 0 VLOCKUP 0 VDECR 0 V3SWAP 0 V2SWAP 0 NFC 0 NFB 0 NFS 0 NFPEN 0 NFT 0 TF 0
[SQ] 83052471: MC 0 MPC 0 TR 0 PMINT 0 PBURN 0 PSYNC 0 TC 0 LT 0 MG 0 VD 0 VDP 0 VWD 0 VLOCK 0 VUNLOCK 0 VCLOSE 0 VMAX 0 VLOCKUP 0 VDECR 0 V3SWAP 0 V2SWAP 0 NFC 0 NFB 0 NFS 0 NFPEN 0 NFT 0 TF 0
[SQ] 83052472: MC 0 MPC 0 TR 0 PMINT 0 PBURN 0 PSYNC 0 TC 0 LT 0 MG 0 VD 0 VDP 0 VWD 0 VLOCK 0 VUNLOCK 0 VCLOSE 0 VMAX 0 VLOCKUP 0 VDECR 0 V3SWAP 1 V2SWAP 0 NFC 0 NFB 0 NFS 0 NFPEN 0 NFT 0 TF 9
[SQ] 83052473: MC 0 MPC 0 TR 0 PMINT 0 PBURN 0 PSYNC 0 TC 0 LT 0 MG 0 VD 0 VDP 0 VWD 0 VLOCK 0 VUNLOCK 0 VCLOSE 0 VMAX 0 VLOCKUP 0 VDECR 0 V3SWAP 0 V2SWAP 0 NFC 0 NFB 0 NFS 0 NFPEN 0 NFT 0 TF 0
[SQ] 83052474: MC 0 MPC 0 TR 0 PMINT 0 PBURN 0 PSYNC 0 TC 0 LT 0 MG 0 VD 0 VDP 0 VWD 0 VLOCK 0 VUNLOCK 0 VCLOSE 0 VMAX 0 VLOCKUP 0 VDECR 0 V3SWAP 0 V2SWAP 0 NFC 0 NFB 0 NFS 0 NFPEN 0 NFT 0 TF 6
[SQ] 83052475: MC 0 MPC 0 TR 0 PMINT 0 PBURN 0 PSYNC 0 TC 0 LT 0 MG 0 VD 0 VDP 0 VWD 0 VLOCK 0 VUNLOCK 0 VCLOSE 0 VMAX 0 VLOCKUP 0 VDECR 0 V3SWAP 0 V2SWAP 0 NFC 0 NFB 0 NFS 0 NFPEN 0 NFT 0 TF 0
[SQ] 83052476: MC 0 MPC 0 TR 0 PMINT 0 PBURN 0 PSYNC 0 TC 0 LT 0 MG 0 VD 0 VDP 0 VWD 0 VLOCK 0 VUNLOCK 0 VCLOSE 0 VMAX 0 VLOCKUP 0 VDECR 0 V3SWAP 0 V2SWAP 0 NFC 0 NFB 0 NFS 0 NFPEN 0 NFT 0 TF 0
[SQ] 83052477: MC 0 MPC 0 TR 0 PMINT 0 PBURN 0 PSYNC 0 TC 0 LT 0 MG 0 VD 0 VDP 0 VWD 0 VLOCK 0 VUNLOCK 0 VCLOSE 0 VMAX 0 VLOCKUP 0 VDECR 0 V3SWAP 0 V2SWAP 0 NFC 0 NFB 0 NFS 0 NFPEN 0 NFT 0 TF 0
[SQ] 83052478: MC 0 MPC 0 TR 0 PMINT 0 PBURN 0 PSYNC 0 TC 0 LT 0 MG 0 VD 0 VDP 0 VWD 0 VLOCK 0 VUNLOCK 0 VCLOSE 0 VMAX 0 VLOCKUP 0 VDECR 0 V3SWAP 0 V2SWAP 0 NFC 0 NFB 0 NFS 0 NFPEN 0 NFT 0 TF 0
[SQ] 83052479: MC 0 MPC 0 TR 0 PMINT 0 PBURN 0 PSYNC 0 TC 0 LT 0 MG 0 VD 0 VDP 0 VWD 0 VLOCK 0 VUNLOCK 0 VCLOSE 0 VMAX 0 VLOCKUP 0 VDECR 0 V3SWAP 0 V2SWAP 0 NFC 0 NFB 0 NFS 0 NFPEN 0 NFT 0 TF 0
[SQ] 83052480: MC 0 MPC 0 TR 0 PMINT 0 PBURN 0 PSYNC 0 TC 0 LT 0 MG 0 VD 0 VDP 0 VWD 0 VLOCK 0 VUNLOCK 0 VCLOSE 0 VMAX 0 VLOCKUP 0 VDECR 0 V3SWAP 0 V2SWAP 0 NFC 0 NFB 0 NFS 0 NFPEN 0 NFT 0 TF 2
[SQ] 83052481: MC 0 MPC 0 TR 0 PMINT 0 PBURN 0 PSYNC 0 TC 0 LT 0 MG 0 VD 0 VDP 0 VWD 0 VLOCK 0 VUNLOCK 0 VCLOSE 0 VMAX 0 VLOCKUP 0 VDECR 0 V3SWAP 0 V2SWAP 0 NFC 0 NFB 0 NFS 0 NFPEN 0 NFT 0 TF 0
[SQ] 83052482: MC 0 MPC 0 TR 0 PMINT 0 PBURN 0 PSYNC 0 TC 0 LT 0 MG 0 VD 0 VDP 0 VWD 0 VLOCK 0 VUNLOCK 0 VCLOSE 0 VMAX 0 VLOCKUP 0 VDECR 0 V3SWAP 0 V2SWAP 0 NFC 0 NFB 0 NFS 0 NFPEN 0 NFT 0 TF 0
[SQ] 83052483: MC 0 MPC 0 TR 0 PMINT 0 PBURN 0 PSYNC 0 TC 0 LT 0 MG 0 VD 0 VDP 0 VWD 0 VLOCK 0 VUNLOCK 0 VCLOSE 0 VMAX 0 VLOCKUP 0 VDECR 0 V3SWAP 0 V2SWAP 0 NFC 0 NFB 0 NFS 0 NFPEN 0 NFT 0 TF 0
[SQ] 83052484: MC 0 MPC 0 TR 0 PMINT 0 PBURN 0 PSYNC 0 TC 0 LT 0 MG 0 VD 0 VDP 0 VWD 0 VLOCK 0 VUNLOCK 0 VCLOSE 0 VMAX 0 VLOCKUP 0 VDECR 0 V3SWAP 0 V2SWAP 0 NFC 0 NFB 0 NFS 0 NFPEN 0 NFT 0 TF 0
[SQ] 83052485: MC 0 MPC 0 TR 0 PMINT 0 PBURN 0 PSYNC 0 TC 0 LT 0 MG 0 VD 0 VDP 0 VWD 0 VLOCK 0 VUNLOCK 0 VCLOSE 0 VMAX 0 VLOCKUP 0 VDECR 0 V3SWAP 1 V2SWAP 0 NFC 0 NFB 0 NFS 0 NFPEN 0 NFT 0 TF 5
[SQ] 83052486: MC 0 MPC 0 TR 0 PMINT 0 PBURN 0 PSYNC 0 TC 0 LT 0 MG 0 VD 0 VDP 0 VWD 0 VLOCK 0 VUNLOCK 0 VCLOSE 0 VMAX 0 VLOCKUP 0 VDECR 0 V3SWAP 0 V2SWAP 0 NFC 0 NFB 0 NFS 0 NFPEN 0 NFT 0 TF 2
[SQ] 83052487: MC 0 MPC 0 TR 0 PMINT 0 PBURN 0 PSYNC 0 TC 0 LT 0 MG 0 VD 0 VDP 0 VWD 0 VLOCK 0 VUNLOCK 0 VCLOSE 0 VMAX 0 VLOCKUP 0 VDECR 0 V3SWAP 0 V2SWAP 0 NFC 0 NFB 0 NFS 0 NFPEN 0 NFT 0 TF 0
[SQ] 83052488: MC 0 MPC 0 TR 0 PMINT 0 PBURN 0 PSYNC 0 TC 0 LT 0 MG 0 VD 0 VDP 0 VWD 0 VLOCK 0 VUNLOCK 0 VCLOSE 0 VMAX 0 VLOCKUP 0 VDECR 0 V3SWAP 0 V2SWAP 0 NFC 0 NFB 0 NFS 0 NFPEN 0 NFT 0 TF 0
[SQ] 83052489: MC 0 MPC 0 TR 0 PMINT 0 PBURN 0 PSYNC 0 TC 0 LT 0 MG 0 VD 0 VDP 0 VWD 0 VLOCK 0 VUNLOCK 0 VCLOSE 0 VMAX 0 VLOCKUP 0 VDECR 0 V3SWAP 0 V2SWAP 0 NFC 0 NFB 0 NFS 0 NFPEN 0 NFT 0 TF 0
[SQ] 83052490: MC 0 MPC 0 TR 0 PMINT 0 PBURN 0 PSYNC 0 TC 0 LT 0 MG 0 VD 0 VDP 0 VWD 0 VLOCK 0 VUNLOCK 0 VCLOSE 0 VMAX 0 VLOCKUP 0 VDECR 0 V3SWAP 0 V2SWAP 0 NFC 0 NFB 0 NFS 0 NFPEN 0 NFT 0 TF 0
[SQ] 83052491: MC 0 MPC 0 TR 0 PMINT 0 PBURN 0 PSYNC 0 TC 0 LT 0 MG 0 VD 0 VDP 0 VWD 0 VLOCK 0 VUNLOCK 0 VCLOSE 0 VMAX 0 VLOCKUP 0 VDECR 0 V3SWAP 0 V2SWAP 0 NFC 0 NFB 0 NFS 0 NFPEN 0 NFT 0 TF 0
[SQ] 83052492: MC 0 MPC 0 TR 0 PMINT 0 PBURN 0 PSYNC 0 TC 0 LT 0 MG 0 VD 0 VDP 0 VWD 0 VLOCK 0 VUNLOCK 0 VCLOSE 0 VMAX 0 VLOCKUP 0 VDECR 0 V3SWAP 0 V2SWAP 0 NFC 0 NFB 0 NFS 0 NFPEN 0 NFT 0 TF 0
[SQ] 83052493: MC 0 MPC 0 TR 0 PMINT 0 PBURN 0 PSYNC 0 TC 0 LT 0 MG 0 VD 0 VDP 0 VWD 0 VLOCK 0 VUNLOCK 0 VCLOSE 0 VMAX 0 VLOCKUP 0 VDECR 0 V3SWAP 0 V2SWAP 0 NFC 0 NFB 0 NFS 0 NFPEN 0 NFT 0 TF 0
[SQ] 83052494: MC 0 MPC 0 TR 0 PMINT 0 PBURN 0 PSYNC 0 TC 0 LT 0 MG 0 VD 0 VDP 0 VWD 0 VLOCK 0 VUNLOCK 0 VCLOSE 0 VMAX 0 VLOCKUP 0 VDECR 0 V3SWAP 0 V2SWAP 0 NFC 0 NFB 0 NFS 0 NFPEN 0 NFT 0 TF 0
[SQ] 83052495: MC 0 MPC 0 TR 0 PMINT 0 PBURN 0 PSYNC 0 TC 0 LT 0 MG 0 VD 0 VDP 0 VWD 0 VLOCK 0 VUNLOCK 0 VCLOSE 0 VMAX 0 VLOCKUP 0 VDECR 0 V3SWAP 0 V2SWAP 0 NFC 0 NFB 0 NFS 0 NFPEN 0 NFT 0 TF 0
[SQ] 83052496: MC 0 MPC 0 TR 0 PMINT 0 PBURN 0 PSYNC 0 TC 0 LT 0 MG 0 VD 0 VDP 0 VWD 0 VLOCK 0 VUNLOCK 0 VCLOSE 0 VMAX 0 VLOCKUP 0 VDECR 0 V3SWAP 0 V2SWAP 0 NFC 0 NFB 0 NFS 0 NFPEN 0 NFT 0 TF 2
[SQ] 83052497: MC 0 MPC 0 TR 0 PMINT 0 PBURN 0 PSYNC 0 TC 0 LT 0 MG 0 VD 0 VDP 0 VWD 0 VLOCK 0 VUNLOCK 0 VCLOSE 0 VMAX 0 VLOCKUP 0 VDECR 0 V3SWAP 0 V2SWAP 0 NFC 0 NFB 0 NFS 0 NFPEN 0 NFT 0 TF 2
[SQ] 83052498: MC 0 MPC 0 TR 0 PMINT 0 PBURN 0 PSYNC 0 TC 0 LT 0 MG 0 VD 0 VDP 0 VWD 0 VLOCK 0 VUNLOCK 0 VCLOSE 0 VMAX 0 VLOCKUP 0 VDECR 0 V3SWAP 0 V2SWAP 0 NFC 0 NFB 0 NFS 0 NFPEN 0 NFT 0 TF 0
[SQ] 83052499: MC 0 MPC 0 TR 0 PMINT 0 PBURN 0 PSYNC 0 TC 0 LT 0 MG 0 VD 0 VDP 0 VWD 0 VLOCK 0 VUNLOCK 0 VCLOSE 0 VMAX 0 VLOCKUP 0 VDECR 0 V3SWAP 0 V2SWAP 0 NFC 0 NFB 0 NFS 0 NFPEN 0 NFT 0 TF 0
[SQ] 83052500: MC 0 MPC 0 TR 0 PMINT 0 PBURN 0 PSYNC 0 TC 0 LT 0 MG 0 VD 0 VDP 0 VWD 0 VLOCK 0 VUNLOCK 0 VCLOSE 0 VMAX 0 VLOCKUP 0 VDECR 0 V3SWAP 0 V2SWAP 0 NFC 0 NFB 0 NFS 0 NFPEN 0 NFT 0 TF 0
[SQ] 83052501: MC 0 MPC 0 TR 0 PMINT 0 PBURN 0 PSYNC 0 TC 0 LT 0 MG 0 VD 0 VDP 0 VWD 0 VLOCK 0 VUNLOCK 0 VCLOSE 0 VMAX 0 VLOCKUP 0 VDECR 0 V3SWAP 0 V2SWAP 0 NFC 0 NFB 0 NFS 0 NFPEN 0 NFT 0 TF 0
[SQ] 83052502: MC 0 MPC 0 TR 0 PMINT 0 PBURN 0 PSYNC 0 TC 0 LT 0 MG 0 VD 0 VDP 0 VWD 0 VLOCK 0 VUNLOCK 0 VCLOSE 0 VMAX 0 VLOCKUP 0 VDECR 0 V3SWAP 0 V2SWAP 0 NFC 0 NFB 0 NFS 0 NFPEN 0 NFT 0 TF 0
[SQ] 83052503: MC 0 MPC 0 TR 0 PMINT 0 PBURN 0 PSYNC 0 TC 0 LT 0 MG 0 VD 0 VDP 0 VWD 0 VLOCK 0 VUNLOCK 0 VCLOSE 0 VMAX 0 VLOCKUP 0 VDECR 0 V3SWAP 0 V2SWAP 0 NFC 0 NFB 0 NFS 0 NFPEN 0 NFT 0 TF 2
[SQ] 83052504: MC 0 MPC 0 TR 0 PMINT 0 PBURN 0 PSYNC 0 TC 0 LT 0 MG 0 VD 0 VDP 0 VWD 0 VLOCK 0 VUNLOCK 0 VCLOSE 0 VMAX 0 VLOCKUP 0 VDECR 0 V3SWAP 0 V2SWAP 0 NFC 0 NFB 0 NFS 0 NFPEN 0 NFT 0 TF 0
[SQ] 83052505: MC 0 MPC 0 TR 0 PMINT 0 PBURN 0 PSYNC 0 TC 0 LT 0 MG 0 VD 0 VDP 0 VWD 0 VLOCK 0 VUNLOCK 0 VCLOSE 0 VMAX 0 VLOCKUP 0 VDECR 0 V3SWAP 0 V2SWAP 0 NFC 0 NFB 0 NFS 0 NFPEN 0 NFT 0 TF 2
[SQ] 83052506: MC 0 MPC 0 TR 0 PMINT 0 PBURN 0 PSYNC 0 TC 0 LT 0 MG 0 VD 0 VDP 0 VWD 0 VLOCK 0 VUNLOCK 0 VCLOSE 0 VMAX 0 VLOCKUP 0 VDECR 0 V3SWAP 0 V2SWAP 0 NFC 0 NFB 0 NFS 0 NFPEN 0 NFT 0 TF 0
[SQ] 83052507: MC 0 MPC 0 TR 0 PMINT 0 PBURN 0 PSYNC 0 TC 0 LT 0 MG 0 VD 0 VDP 0 VWD 0 VLOCK 0 VUNLOCK 0 VCLOSE 0 VMAX 0 VLOCKUP 0 VDECR 0 V3SWAP 1 V2SWAP 0 NFC 0 NFB 0 NFS 0 NFPEN 0 NFT 0 TF 3
[SQ] 83052508: MC 0 MPC 0 TR 0 PMINT 0 PBURN 0 PSYNC 0 TC 0 LT 0 MG 0 VD 0 VDP 0 VWD 0 VLOCK 0 VUNLOCK 0 VCLOSE 0 VMAX 0 VLOCKUP 0 VDECR 0 V3SWAP 0 V2SWAP 0 NFC 0 NFB 0 NFS 0 NFPEN 0 NFT 0 TF 1
[SQ] 83052509: MC 0 MPC 0 TR 0 PMINT 0 PBURN 0 PSYNC 0 TC 0 LT 0 MG 0 VD 0 VDP 0 VWD 0 VLOCK 0 VUNLOCK 0 VCLOSE 0 VMAX 0 VLOCKUP 0 VDECR 0 V3SWAP 0 V2SWAP 0 NFC 0 NFB 0 NFS 0 NFPEN 0 NFT 0 TF 0
[SQ] 83052510: MC 0 MPC 0 TR 0 PMINT 0 PBURN 0 PSYNC 0 TC 0 LT 0 MG 0 VD 0 VDP 0 VWD 0 VLOCK 0 VUNLOCK 0 VCLOSE 0 VMAX 0 VLOCKUP 0 VDECR 0 V3SWAP 0 V2SWAP 0 NFC 0 NFB 0 NFS 0 NFPEN 0 NFT 0 TF 0
[SQ] 83052511: MC 0 MPC 0 TR 0 PMINT 0 PBURN 0 PSYNC 0 TC 0 LT 0 MG 0 VD 0 VDP 0 VWD 0 VLOCK 0 VUNLOCK 0 VCLOSE 0 VMAX 0 VLOCKUP 0 VDECR 0 V3SWAP 0 V2SWAP 0 NFC 0 NFB 0 NFS 0 NFPEN 0 NFT 0 TF 0
[SQ] 83052512: MC 0 MPC 0 TR 0 PMINT 0 PBURN 0 PSYNC 0 TC 0 LT 0 MG 0 VD 0 VDP 0 VWD 0 VLOCK 0 VUNLOCK 0 VCLOSE 0 VMAX 0 VLOCKUP 0 VDECR 0 V3SWAP 0 V2SWAP 0 NFC 0 NFB 0 NFS 0 NFPEN 0 NFT 0 TF 0
[SQ] 83052513: MC 0 MPC 0 TR 0 PMINT 0 PBURN 0 PSYNC 0 TC 0 LT 0 MG 0 VD 0 VDP 0 VWD 0 VLOCK 0 VUNLOCK 0 VCLOSE 0 VMAX 0 VLOCKUP 0 VDECR 0 V3SWAP 0 V2SWAP 0 NFC 0 NFB 0 NFS 0 NFPEN 0 NFT 0 TF 2
[SQ] 83052514: MC 0 MPC 0 TR 0 PMINT 0 PBURN 0 PSYNC 0 TC 0 LT 0 MG 0 VD 0 VDP 0 VWD 0 VLOCK 0 VUNLOCK 0 VCLOSE 0 VMAX 0 VLOCKUP 0 VDECR 0 V3SWAP 0 V2SWAP 0 NFC 0 NFB 0 NFS 0 NFPEN 0 NFT 0 TF 0
[SQ] 83052515: MC 0 MPC 0 TR 0 PMINT 0 PBURN 0 PSYNC 0 TC 0 LT 0 MG 0 VD 0 VDP 0 VWD 0 VLOCK 0 VUNLOCK 0 VCLOSE 0 VMAX 0 VLOCKUP 0 VDECR 0 V3SWAP 0 V2SWAP 0 NFC 0 NFB 0 NFS 0 NFPEN 0 NFT 0 TF 0
[SQ] 83052516: MC 0 MPC 0 TR 0 PMINT 0 PBURN 0 PSYNC 0 TC 0 LT 0 MG 0 VD 0 VDP 0 VWD 0 VLOCK 0 VUNLOCK 0 VCLOSE 0 VMAX 0 VLOCKUP 0 VDECR 0 V3SWAP 0 V2SWAP 0 NFC 0 NFB 0 NFS 0 NFPEN 0 NFT 0 TF 0
[SQ] 83052517: MC 0 MPC 0 TR 0 PMINT 0 PBURN 0 PSYNC 0 TC 0 LT 0 MG 0 VD 0 VDP 0 VWD 0 VLOCK 0 VUNLOCK 0 VCLOSE 0 VMAX 0 VLOCKUP 0 VDECR 0 V3SWAP 0 V2SWAP 0 NFC 0 NFB 0 NFS 0 NFPEN 0 NFT 0 TF 0
[SQ] 83052518: MC 0 MPC 0 TR 0 PMINT 0 PBURN 0 PSYNC 0 TC 0 LT 0 MG 0 VD 0 VDP 0 VWD 0 VLOCK 0 VUNLOCK 0 VCLOSE 0 VMAX 0 VLOCKUP 0 VDECR 0 V3SWAP 0 V2SWAP 0 NFC 0 NFB 0 NFS 0 NFPEN 0 NFT 0 TF 2
[SQ] 83052519: MC 0 MPC 0 TR 0 PMINT 0 PBURN 0 PSYNC 0 TC 0 LT 0 MG 0 VD 0 VDP 0 VWD 0 VLOCK 0 VUNLOCK 0 VCLOSE 0 VMAX 0 VLOCKUP 0 VDECR 0 V3SWAP 0 V2SWAP 0 NFC 0 NFB 0 NFS 0 NFPEN 0 NFT 0 TF 0
[SQ] 83052520: MC 0 MPC 0 TR 0 PMINT 0 PBURN 0 PSYNC 0 TC 0 LT 0 MG 0 VD 0 VDP 0 VWD 0 VLOCK 0 VUNLOCK 0 VCLOSE 0 VMAX 0 VLOCKUP 0 VDECR 0 V3SWAP 1 V2SWAP 0 NFC 0 NFB 0 NFS 0 NFPEN 0 NFT 0 TF 3
[SQ] 83052521: MC 0 MPC 0 TR 0 PMINT 0 PBURN 0 PSYNC 0 TC 0 LT 0 MG 0 VD 0 VDP 0 VWD 0 VLOCK 0 VUNLOCK 0 VCLOSE 0 VMAX 0 VLOCKUP 0 VDECR 0 V3SWAP 0 V2SWAP 0 NFC 0 NFB 0 NFS 0 NFPEN 0 NFT 0 TF 2
[SQ] 83052522: MC 0 MPC 0 TR 0 PMINT 0 PBURN 0 PSYNC 0 TC 0 LT 0 MG 0 VD 0 VDP 0 VWD 0 VLOCK 0 VUNLOCK 0 VCLOSE 0 VMAX 0 VLOCKUP 0 VDECR 0 V3SWAP 0 V2SWAP 0 NFC 0 NFB 0 NFS 0 NFPEN 0 NFT 0 TF 0
[SQ] 83052523: MC 0 MPC 0 TR 0 PMINT 0 PBURN 0 PSYNC 0 TC 0 LT 0 MG 0 VD 0 VDP 0 VWD 0 VLOCK 0 VUNLOCK 0 VCLOSE 0 VMAX 0 VLOCKUP 0 VDECR 0 V3SWAP 0 V2SWAP 0 NFC 0 NFB 0 NFS 0 NFPEN 0 NFT 0 TF 2
[SQ] 83052524: MC 0 MPC 0 TR 0 PMINT 0 PBURN 0 PSYNC 0 TC 0 LT 0 MG 0 VD 0 VDP 0 VWD 0 VLOCK 0 VUNLOCK 0 VCLOSE 0 VMAX 0 VLOCKUP 0 VDECR 0 V3SWAP 0 V2SWAP 0 NFC 0 NFB 0 NFS 0 NFPEN 0 NFT 0 TF 0
[SQ] 83052525: MC 0 MPC 0 TR 0 PMINT 0 PBURN 0 PSYNC 0 TC 0 LT 0 MG 0 VD 0 VDP 0 VWD 0 VLOCK 0 VUNLOCK 0 VCLOSE 0 VMAX 0 VLOCKUP 0 VDECR 0 V3SWAP 0 V2SWAP 0 NFC 0 NFB 0 NFS 0 NFPEN 0 NFT 0 TF 0
[SQ] 83052526: MC 0 MPC 0 TR 0 PMINT 0 PBURN 0 PSYNC 0 TC 0 LT 0 MG 0 VD 0 VDP 0 VWD 0 VLOCK 0 VUNLOCK 0 VCLOSE 0 VMAX 0 VLOCKUP 0 VDECR 0 V3SWAP 0 V2SWAP 0 NFC 0 NFB 0 NFS 0 NFPEN 0 NFT 0 TF 0
[SQ] 83052527: MC 0 MPC 0 TR 0 PMINT 0 PBURN 0 PSYNC 0 TC 0 LT 0 MG 0 VD 0 VDP 0 VWD 0 VLOCK 0 VUNLOCK 0 VCLOSE 0 VMAX 0 VLOCKUP 0 VDECR 0 V3SWAP 0 V2SWAP 0 NFC 0 NFB 0 NFS 0 NFPEN 0 NFT 0 TF 2
[SQ] 83052528: MC 0 MPC 0 TR 0 PMINT 0 PBURN 0 PSYNC 0 TC 0 LT 0 MG 0 VD 0 VDP 0 VWD 0 VLOCK 0 VUNLOCK 0 VCLOSE 0 VMAX 0 VLOCKUP 0 VDECR 0 V3SWAP 1 V2SWAP 0 NFC 0 NFB 0 NFS 0 NFPEN 0 NFT 0 TF 3
[SQ] 83052529: MC 0 MPC 0 TR 0 PMINT 0 PBURN 0 PSYNC 0 TC 0 LT 0 MG 0 VD 0 VDP 0 VWD 0 VLOCK 0 VUNLOCK 0 VCLOSE 0 VMAX 0 VLOCKUP 0 VDECR 0 V3SWAP 0 V2SWAP 0 NFC 0 NFB 0 NFS 0 NFPEN 0 NFT 0 TF 0
[SQ] 83052530: MC 0 MPC 0 TR 0 PMINT 0 PBURN 0 PSYNC 0 TC 0 LT 0 MG 0 VD 0 VDP 0 VWD 0 VLOCK 0 VUNLOCK 0 VCLOSE 0 VMAX 0 VLOCKUP 0 VDECR 0 V3SWAP 0 V2SWAP 0 NFC 0 NFB 0 NFS 0 NFPEN 0 NFT 0 TF 0
[SQ] 83052531: MC 0 MPC 0 TR 0 PMINT 0 PBURN 0 PSYNC 0 TC 0 LT 0 MG 0 VD 0 VDP 0 VWD 0 VLOCK 0 VUNLOCK 0 VCLOSE 0 VMAX 0 VLOCKUP 0 VDECR 0 V3SWAP 0 V2SWAP 0 NFC 0 NFB 0 NFS 0 NFPEN 0 NFT 0 TF 0
[SQ] 83052532: MC 0 MPC 0 TR 0 PMINT 0 PBURN 0 PSYNC 0 TC 0 LT 0 MG 0 VD 0 VDP 0 VWD 0 VLOCK 0 VUNLOCK 0 VCLOSE 0 VMAX 0 VLOCKUP 0 VDECR 0 V3SWAP 0 V2SWAP 0 NFC 0 NFB 0 NFS 0 NFPEN 0 NFT 0 TF 0
[SQ] 83052533: MC 0 MPC 0 TR 0 PMINT 0 PBURN 0 PSYNC 0 TC 0 LT 0 MG 0 VD 0 VDP 0 VWD 0 VLOCK 0 VUNLOCK 0 VCLOSE 0 VMAX 0 VLOCKUP 0 VDECR 0 V3SWAP 0 V2SWAP 0 NFC 0 NFB 0 NFS 0 NFPEN 0 NFT 0 TF 0
[SQ] 83052534: MC 0 MPC 0 TR 0 PMINT 0 PBURN 0 PSYNC 0 TC 0 LT 0 MG 0 VD 0 VDP 0 VWD 0 VLOCK 0 VUNLOCK 0 VCLOSE 0 VMAX 0 VLOCKUP 0 VDECR 0 V3SWAP 0 V2SWAP 0 NFC 0 NFB 0 NFS 0 NFPEN 0 NFT 0 TF 0
[SQ] 83052535: MC 0 MPC 0 TR 0 PMINT 0 PBURN 0 PSYNC 0 TC 0 LT 0 MG 0 VD 0 VDP 0 VWD 0 VLOCK 0 VUNLOCK 0 VCLOSE 0 VMAX 0 VLOCKUP 0 VDECR 0 V3SWAP 0 V2SWAP 0 NFC 0 NFB 0 NFS 0 NFPEN 0 NFT 0 TF 0
[SQ] 83052536: MC 0 MPC 0 TR 0 PMINT 0 PBURN 0 PSYNC 0 TC 0 LT 0 MG 0 VD 0 VDP 0 VWD 0 VLOCK 0 VUNLOCK 0 VCLOSE 0 VMAX 0 VLOCKUP 0 VDECR 0 V3SWAP 0 V2SWAP 0 NFC 0 NFB 0 NFS 0 NFPEN 0 NFT 0 TF 0
[SQ] 83052537: MC 0 MPC 0 TR 0 PMINT 0 PBURN 0 PSYNC 0 TC 0 LT 0 MG 0 VD 0 VDP 0 VWD 0 VLOCK 0 VUNLOCK 0 VCLOSE 0 VMAX 0 VLOCKUP 0 VDECR 0 V3SWAP 0 V2SWAP 0 NFC 0 NFB 0 NFS 0 NFPEN 0 NFT 0 TF 0
[SQ] 83052538: MC 0 MPC 0 TR 0 PMINT 0 PBURN 0 PSYNC 0 TC 0 LT 0 MG 0 VD 0 VDP 0 VWD 0 VLOCK 0 VUNLOCK 0 VCLOSE 0 VMAX 0 VLOCKUP 0 VDECR 0 V3SWAP 0 V2SWAP 0 NFC 0 NFB 0 NFS 0 NFPEN 0 NFT 0 TF 0
[SQ] 83052539: MC 0 MPC 0 TR 0 PMINT 0 PBURN 0 PSYNC 0 TC 0 LT 0 MG 0 VD 0 VDP 0 VWD 0 VLOCK 0 VUNLOCK 0 VCLOSE 0 VMAX 0 VLOCKUP 0 VDECR 0 V3SWAP 0 V2SWAP 0 NFC 0 NFB 0 NFS 0 NFPEN 0 NFT 0 TF 0
[SQ] 83052540: MC 0 MPC 0 TR 0 PMINT 0 PBURN 0 PSYNC 0 TC 0 LT 0 MG 0 VD 0 VDP 0 VWD 0 VLOCK 0 VUNLOCK 0 VCLOSE 0 VMAX 0 VLOCKUP 0 VDECR 0 V3SWAP 0 V2SWAP 0 NFC 0 NFB 0 NFS 0 NFPEN 0 NFT 0 TF 0
[SQ] 83052541: MC 0 MPC 0 TR 0 PMINT 0 PBURN 0 PSYNC 0 TC 0 LT 0 MG 0 VD 0 VDP 0 VWD 0 VLOCK 0 VUNLOCK 0 VCLOSE 0 VMAX 0 VLOCKUP 0 VDECR 0 V3SWAP 0 V2SWAP 0 NFC 0 NFB 0 NFS 0 NFPEN 0 NFT 0 TF 0
[SQ] 83052542: MC 0 MPC 0 TR 0 PMINT 0 PBURN 0 PSYNC 0 TC 0 LT 0 MG 0 VD 0 VDP 0 VWD 0 VLOCK 0 VUNLOCK 0 VCLOSE 0 VMAX 0 VLOCKUP 0 VDECR 0 V3SWAP 1 V2SWAP 0 NFC 0 NFB 0 NFS 0 NFPEN 0 NFT 0 TF 3
[SQ] 83052543: MC 0 MPC 0 TR 0 PMINT 0 PBURN 0 PSYNC 0 TC 0 LT 0 MG 0 VD 0 VDP 0 VWD 0 VLOCK 0 VUNLOCK 0 VCLOSE 0 VMAX 0 VLOCKUP 0 VDECR 0 V3SWAP 0 V2SWAP 0 NFC 0 NFB 0 NFS 0 NFPEN 0 NFT 0 TF 7
[SQ] 83052544: MC 0 MPC 0 TR 0 PMINT 0 PBURN 0 PSYNC 0 TC 0 LT 0 MG 0 VD 0 VDP 0 VWD 0 VLOCK 0 VUNLOCK 0 VCLOSE 0 VMAX 0 VLOCKUP 0 VDECR 0 V3SWAP 0 V2SWAP 0 NFC 0 NFB 0 NFS 0 NFPEN 0 NFT 0 TF 0
[SQ] 83052545: MC 0 MPC 0 TR 0 PMINT 0 PBURN 0 PSYNC 0 TC 0 LT 0 MG 0 VD 0 VDP 0 VWD 0 VLOCK 0 VUNLOCK 0 VCLOSE 0 VMAX 0 VLOCKUP 0 VDECR 0 V3SWAP 0 V2SWAP 0 NFC 0 NFB 0 NFS 0 NFPEN 0 NFT 0 TF 0
[SQ] 83052546: MC 0 MPC 0 TR 0 PMINT 0 PBURN 0 PSYNC 0 TC 0 LT 0 MG 0 VD 0 VDP 0 VWD 0 VLOCK 0 VUNLOCK 0 VCLOSE 0 VMAX 0 VLOCKUP 0 VDECR 0 V3SWAP 0 V2SWAP 0 NFC 0 NFB 0 NFS 0 NFPEN 0 NFT 0 TF 6
[SQ] 83052547: MC 0 MPC 0 TR 0 PMINT 0 PBURN 0 PSYNC 0 TC 0 LT 0 MG 0 VD 0 VDP 0 VWD 0 VLOCK 0 VUNLOCK 0 VCLOSE 0 VMAX 0 VLOCKUP 0 VDECR 0 V3SWAP 0 V2SWAP 0 NFC 0 NFB 0 NFS 0 NFPEN 0 NFT 0 TF 0
[SQ] 83052548: MC 0 MPC 0 TR 0 PMINT 0 PBURN 0 PSYNC 0 TC 0 LT 0 MG 0 VD 0 VDP 0 VWD 0 VLOCK 0 VUNLOCK 0 VCLOSE 0 VMAX 0 VLOCKUP 0 VDECR 0 V3SWAP 0 V2SWAP 0 NFC 0 NFB 0 NFS 0 NFPEN 0 NFT 0 TF 0
[SQ] 83052549: MC 0 MPC 0 TR 0 PMINT 0 PBURN 0 PSYNC 0 TC 0 LT 0 MG 0 VD 0 VDP 0 VWD 0 VLOCK 0 VUNLOCK 0 VCLOSE 0 VMAX 0 VLOCKUP 0 VDECR 0 V3SWAP 0 V2SWAP 0 NFC 0 NFB 0 NFS 0 NFPEN 0 NFT 0 TF 0
[SQ] 83052550: MC 0 MPC 0 TR 0 PMINT 0 PBURN 0 PSYNC 0 TC 0 LT 0 MG 0 VD 0 VDP 0 VWD 0 VLOCK 0 VUNLOCK 0 VCLOSE 0 VMAX 0 VLOCKUP 0 VDECR 0 V3SWAP 0 V2SWAP 0 NFC 0 NFB 0 NFS 0 NFPEN 0 NFT 0 TF 0
[SQ] 83052551: MC 0 MPC 0 TR 0 PMINT 0 PBURN 0 PSYNC 0 TC 0 LT 0 MG 0 VD 0 VDP 0 VWD 0 VLOCK 0 VUNLOCK 0 VCLOSE 0 VMAX 0 VLOCKUP 0 VDECR 0 V3SWAP 0 V2SWAP 0 NFC 0 NFB 0 NFS 0 NFPEN 0 NFT 0 TF 0
[SQ] 83052552: MC 0 MPC 0 TR 0 PMINT 0 PBURN 0 PSYNC 0 TC 0 LT 0 MG 0 VD 0 VDP 0 VWD 0 VLOCK 0 VUNLOCK 0 VCLOSE 0 VMAX 0 VLOCKUP 0 VDECR 0 V3SWAP 0 V2SWAP 0 NFC 0 NFB 0 NFS 0 NFPEN 0 NFT 0 TF 0
[SQ] 83052553: MC 0 MPC 0 TR 0 PMINT 0 PBURN 0 PSYNC 0 TC 0 LT 0 MG 0 VD 0 VDP 0 VWD 0 VLOCK 0 VUNLOCK 0 VCLOSE 0 VMAX 0 VLOCKUP 0 VDECR 0 V3SWAP 0 V2SWAP 0 NFC 0 NFB 0 NFS 0 NFPEN 0 NFT 0 TF 0
[SQ] 83052554: MC 0 MPC 0 TR 0 PMINT 0 PBURN 0 PSYNC 0 TC 0 LT 0 MG 0 VD 0 VDP 0 VWD 0 VLOCK 0 VUNLOCK 0 VCLOSE 0 VMAX 0 VLOCKUP 0 VDECR 0 V3SWAP 0 V2SWAP 0 NFC 0 NFB 0 NFS 0 NFPEN 0 NFT 0 TF 0
[SQ] 83052555: MC 0 MPC 0 TR 0 PMINT 0 PBURN 0 PSYNC 0 TC 0 LT 0 MG 0 VD 0 VDP 0 VWD 0 VLOCK 0 VUNLOCK 0 VCLOSE 0 VMAX 0 VLOCKUP 0 VDECR 0 V3SWAP 0 V2SWAP 0 NFC 0 NFB 0 NFS 0 NFPEN 0 NFT 0 TF 0
[SQ] 83052556: MC 0 MPC 0 TR 0 PMINT 0 PBURN 0 PSYNC 0 TC 0 LT 0 MG 0 VD 0 VDP 0 VWD 0 VLOCK 0 VUNLOCK 0 VCLOSE 0 VMAX 0 VLOCKUP 0 VDECR 0 V3SWAP 1 V2SWAP 0 NFC 0 NFB 0 NFS 0 NFPEN 0 NFT 0 TF 3
[SQ] 83052557: MC 0 MPC 0 TR 0 PMINT 0 PBURN 0 PSYNC 0 TC 0 LT 0 MG 0 VD 0 VDP 0 VWD 0 VLOCK 0 VUNLOCK 0 VCLOSE 0 VMAX 0 VLOCKUP 0 VDECR 0 V3SWAP 0 V2SWAP 0 NFC 0 NFB 0 NFS 0 NFPEN 0 NFT 0 TF 0
[SQ] 83052558: MC 0 MPC 0 TR 0 PMINT 0 PBURN 0 PSYNC 0 TC 0 LT 0 MG 0 VD 0 VDP 0 VWD 0 VLOCK 0 VUNLOCK 0 VCLOSE 0 VMAX 0 VLOCKUP 0 VDECR 0 V3SWAP 0 V2SWAP 0 NFC 0 NFB 0 NFS 0 NFPEN 0 NFT 0 TF 0
[SQ] 83052559: MC 0 MPC 0 TR 0 PMINT 0 PBURN 0 PSYNC 0 TC 0 LT 0 MG 0 VD 0 VDP 0 VWD 0 VLOCK 0 VUNLOCK 0 VCLOSE 0 VMAX 0 VLOCKUP 0 VDECR 0 V3SWAP 0 V2SWAP 0 NFC 0 NFB 0 NFS 0 NFPEN 0 NFT 0 TF 0
[SQ] 83052560: MC 0 MPC 0 TR 0 PMINT 0 PBURN 0 PSYNC 0 TC 0 LT 0 MG 0 VD 0 VDP 0 VWD 0 VLOCK 0 VUNLOCK 0 VCLOSE 0 VMAX 0 VLOCKUP 0 VDECR 0 V3SWAP 0 V2SWAP 0 NFC 0 NFB 0 NFS 0 NFPEN 0 NFT 0 TF 0
[SQ] 83052561: MC 0 MPC 0 TR 0 PMINT 0 PBURN 0 PSYNC 0 TC 0 LT 0 MG 0 VD 0 VDP 0 VWD 0 VLOCK 0 VUNLOCK 0 VCLOSE 0 VMAX 0 VLOCKUP 0 VDECR 0 V3SWAP 0 V2SWAP 0 NFC 0 NFB 0 NFS 0 NFPEN 0 NFT 0 TF 0
[SQ] 83052562: MC 0 MPC 0 TR 0 PMINT 0 PBURN 0 PSYNC 0 TC 0 LT 0 MG 0 VD 0 VDP 0 VWD 0 VLOCK 0 VUNLOCK 0 VCLOSE 0 VMAX 0 VLOCKUP 0 VDECR 0 V3SWAP 0 V2SWAP 0 NFC 0 NFB 0 NFS 0 NFPEN 0 NFT 0 TF 0
[SQ] 83052563: MC 0 MPC 0 TR 0 PMINT 0 PBURN 0 PSYNC 0 TC 0 LT 0 MG 0 VD 0 VDP 0 VWD 0 VLOCK 0 VUNLOCK 0 VCLOSE 0 VMAX 0 VLOCKUP 0 VDECR 0 V3SWAP 0 V2SWAP 0 NFC 0 NFB 0 NFS 0 NFPEN 0 NFT 0 TF 3
[SQ] 83052564: MC 0 MPC 0 TR 0 PMINT 0 PBURN 0 PSYNC 0 TC 0 LT 0 MG 0 VD 0 VDP 0 VWD 0 VLOCK 0 VUNLOCK 0 VCLOSE 0 VMAX 0 VLOCKUP 0 VDECR 0 V3SWAP 0 V2SWAP 0 NFC 0 NFB 0 NFS 0 NFPEN 0 NFT 0 TF 2
[SQ] 83052565: MC 0 MPC 0 TR 0 PMINT 0 PBURN 0 PSYNC 0 TC 0 LT 0 MG 0 VD 0 VDP 0 VWD 0 VLOCK 0 VUNLOCK 0 VCLOSE 0 VMAX 0 VLOCKUP 0 VDECR 0 V3SWAP 0 V2SWAP 0 NFC 0 NFB 0 NFS 0 NFPEN 0 NFT 0 TF 0
[SQ] 83052566: MC 0 MPC 0 TR 0 PMINT 0 PBURN 0 PSYNC 0 TC 0 LT 0 MG 0 VD 0 VDP 0 VWD 0 VLOCK 0 VUNLOCK 0 VCLOSE 0 VMAX 0 VLOCKUP 0 VDECR 0 V3SWAP 0 V2SWAP 0 NFC 0 NFB 0 NFS 0 NFPEN 0 NFT 0 TF 2
[SQ] 83052567: MC 0 MPC 0 TR 0 PMINT 0 PBURN 0 PSYNC 0 TC 0 LT 0 MG 0 VD 0 VDP 0 VWD 0 VLOCK 0 VUNLOCK 0 VCLOSE 0 VMAX 0 VLOCKUP 0 VDECR 0 V3SWAP 0 V2SWAP 0 NFC 0 NFB 0 NFS 0 NFPEN 0 NFT 0 TF 0
[SQ] 83052568: MC 0 MPC 0 TR 0 PMINT 0 PBURN 0 PSYNC 0 TC 0 LT 0 MG 0 VD 0 VDP 0 VWD 0 VLOCK 0 VUNLOCK 0 VCLOSE 0 VMAX 0 VLOCKUP 0 VDECR 0 V3SWAP 0 V2SWAP 0 NFC 0 NFB 0 NFS 0 NFPEN 0 NFT 0 TF 0
[SQ] 83052569: MC 0 MPC 0 TR 0 PMINT 0 PBURN 0 PSYNC 0 TC 0 LT 0 MG 0 VD 0 VDP 0 VWD 0 VLOCK 0 VUNLOCK 0 VCLOSE 0 VMAX 0 VLOCKUP 0 VDECR 0 V3SWAP 0 V2SWAP 0 NFC 0 NFB 0 NFS 0 NFPEN 0 NFT 0 TF 0
[SQ] 83052570: MC 0 MPC 0 TR 0 PMINT 0 PBURN 0 PSYNC 0 TC 0 LT 0 MG 0 VD 0 VDP 0 VWD 0 VLOCK 0 VUNLOCK 0 VCLOSE 0 VMAX 0 VLOCKUP 0 VDECR 0 V3SWAP 0 V2SWAP 0 NFC 0 NFB 0 NFS 0 NFPEN 0 NFT 0 TF 2
[SQ] 83052571: MC 0 MPC 0 TR 0 PMINT 0 PBURN 0 PSYNC 0 TC 0 LT 0 MG 0 VD 0 VDP 0 VWD 0 VLOCK 0 VUNLOCK 0 VCLOSE 0 VMAX 0 VLOCKUP 0 VDECR 0 V3SWAP 0 V2SWAP 0 NFC 0 NFB 0 NFS 0 NFPEN 0 NFT 0 TF 2
[SQ] 83052572: MC 0 MPC 0 TR 0 PMINT 0 PBURN 0 PSYNC 0 TC 0 LT 0 MG 0 VD 0 VDP 0 VWD 0 VLOCK 0 VUNLOCK 0 VCLOSE 0 VMAX 0 VLOCKUP 0 VDECR 0 V3SWAP 0 V2SWAP 0 NFC 0 NFB 0 NFS 0 NFPEN 0 NFT 0 TF 0
[SQ] 83052573: MC 0 MPC 0 TR 0 PMINT 0 PBURN 0 PSYNC 0 TC 0 LT 0 MG 0 VD 0 VDP 0 VWD 0 VLOCK 0 VUNLOCK 0 VCLOSE 0 VMAX 0 VLOCKUP 0 VDECR 0 V3SWAP 0 V2SWAP 0 NFC 0 NFB 0 NFS 0 NFPEN 0 NFT 0 TF 2
[SQ] 83052574: MC 0 MPC 0 TR 0 PMINT 0 PBURN 0 PSYNC 0 TC 0 LT 0 MG 0 VD 0 VDP 0 VWD 0 VLOCK 0 VUNLOCK 0 VCLOSE 0 VMAX 0 VLOCKUP 0 VDECR 0 V3SWAP 0 V2SWAP 0 NFC 0 NFB 0 NFS 0 NFPEN 0 NFT 0 TF 3
[SQ] 83052575: MC 0 MPC 0 TR 0 PMINT 0 PBURN 0 PSYNC 0 TC 0 LT 0 MG 0 VD 0 VDP 0 VWD 0 VLOCK 0 VUNLOCK 0 VCLOSE 0 VMAX 0 VLOCKUP 0 VDECR 0 V3SWAP 0 V2SWAP 0 NFC 0 NFB 0 NFS 0 NFPEN 0 NFT 0 TF 0
[SQ] 83052576: MC 0 MPC 0 TR 0 PMINT 0 PBURN 0 PSYNC 0 TC 0 LT 0 MG 0 VD 0 VDP 0 VWD 0 VLOCK 0 VUNLOCK 0 VCLOSE 0 VMAX 0 VLOCKUP 0 VDECR 0 V3SWAP 0 V2SWAP 0 NFC 0 NFB 0 NFS 0 NFPEN 0 NFT 0 TF 0
[SQ] 83052577: MC 0 MPC 0 TR 0 PMINT 0 PBURN 0 PSYNC 0 TC 0 LT 0 MG 0 VD 0 VDP 0 VWD 0 VLOCK 0 VUNLOCK 0 VCLOSE 0 VMAX 0 VLOCKUP 0 VDECR 0 V3SWAP 1 V2SWAP 0 NFC 0 NFB 0 NFS 0 NFPEN 0 NFT 0 TF 4
[SQ] 83052578: MC 0 MPC 0 TR 0 PMINT 0 PBURN 0 PSYNC 0 TC 0 LT 0 MG 0 VD 0 VDP 0 VWD 0 VLOCK 0 VUNLOCK 0 VCLOSE 0 VMAX 0 VLOCKUP 0 VDECR 0 V3SWAP 0 V2SWAP 0 NFC 0 NFB 0 NFS 0 NFPEN 0 NFT 0 TF 0
[SQ] 83052579: MC 0 MPC 0 TR 0 PMINT 0 PBURN 0 PSYNC 0 TC 0 LT 0 MG 0 VD 0 VDP 0 VWD 0 VLOCK 0 VUNLOCK 0 VCLOSE 0 VMAX 0 VLOCKUP 0 VDECR 0 V3SWAP 0 V2SWAP 0 NFC 0 NFB 0 NFS 0 NFPEN 0 NFT 0 TF 0
[SQ] 83052580: MC 0 MPC 0 TR 0 PMINT 0 PBURN 0 PSYNC 0 TC 0 LT 0 MG 0 VD 0 VDP 0 VWD 0 VLOCK 0 VUNLOCK 0 VCLOSE 0 VMAX 0 VLOCKUP 0 VDECR 0 V3SWAP 0 V2SWAP 0 NFC 0 NFB 0 NFS 0 NFPEN 0 NFT 0 TF 0
[SQ] 83052581: MC 0 MPC 0 TR 0 PMINT 0 PBURN 0 PSYNC 0 TC 0 LT 0 MG 0 VD 0 VDP 0 VWD 0 VLOCK 0 VUNLOCK 0 VCLOSE 0 VMAX 0 VLOCKUP 0 VDECR 0 V3SWAP 2 V2SWAP 0 NFC 0 NFB 0 NFS 0 NFPEN 0 NFT 0 TF 7
[SQ] 83052582: MC 0 MPC 0 TR 0 PMINT 0 PBURN 0 PSYNC 0 TC 0 LT 0 MG 0 VD 0 VDP 0 VWD 0 VLOCK 0 VUNLOCK 0 VCLOSE 0 VMAX 0 VLOCKUP 0 VDECR 0 V3SWAP 0 V2SWAP 0 NFC 0 NFB 0 NFS 0 NFPEN 0 NFT 0 TF 0
[SQ] 83052583: MC 0 MPC 0 TR 0 PMINT 0 PBURN 0 PSYNC 0 TC 0 LT 0 MG 0 VD 0 VDP 0 VWD 0 VLOCK 0 VUNLOCK 0 VCLOSE 0 VMAX 0 VLOCKUP 0 VDECR 0 V3SWAP 0 V2SWAP 0 NFC 0 NFB 0 NFS 0 NFPEN 0 NFT 0 TF 0
[SQ] 83052584: MC 0 MPC 0 TR 0 PMINT 0 PBURN 0 PSYNC 0 TC 0 LT 0 MG 0 VD 0 VDP 0 VWD 0 VLOCK 0 VUNLOCK 0 VCLOSE 0 VMAX 0 VLOCKUP 0 VDECR 0 V3SWAP 0 V2SWAP 0 NFC 0 NFB 0 NFS 0 NFPEN 0 NFT 0 TF 0
[SQ] 83052585: MC 0 MPC 0 TR 0 PMINT 0 PBURN 0 PSYNC 0 TC 0 LT 0 MG 0 VD 0 VDP 0 VWD 0 VLOCK 0 VUNLOCK 0 VCLOSE 0 VMAX 0 VLOCKUP 0 VDECR 0 V3SWAP 0 V2SWAP 0 NFC 0 NFB 0 NFS 0 NFPEN 0 NFT 0 TF 0
[SQ] 83052586: MC 0 MPC 0 TR 0 PMINT 0 PBURN 0 PSYNC 0 TC 0 LT 0 MG 0 VD 0 VDP 0 VWD 0 VLOCK 0 VUNLOCK 0 VCLOSE 0 VMAX 0 VLOCKUP 0 VDECR 0 V3SWAP 0 V2SWAP 0 NFC 0 NFB 0 NFS 0 NFPEN 0 NFT 0 TF 0
[SQ] 83052587: MC 0 MPC 0 TR 0 PMINT 0 PBURN 0 PSYNC 0 TC 0 LT 0 MG 0 VD 0 VDP 0 VWD 0 VLOCK 0 VUNLOCK 0 VCLOSE 0 VMAX 0 VLOCKUP 0 VDECR 0 V3SWAP 0 V2SWAP 0 NFC 0 NFB 0 NFS 0 NFPEN 0 NFT 0 TF 1
[SQ] 83052588: MC 0 MPC 0 TR 0 PMINT 0 PBURN 0 PSYNC 0 TC 0 LT 0 MG 0 VD 0 VDP 0 VWD 0 VLOCK 0 VUNLOCK 0 VCLOSE 0 VMAX 0 VLOCKUP 0 VDECR 0 V3SWAP 0 V2SWAP 0 NFC 0 NFB 0 NFS 0 NFPEN 0 NFT 0 TF 2
[SQ] 83052589: MC 0 MPC 0 TR 0 PMINT 0 PBURN 0 PSYNC 0 TC 0 LT 0 MG 0 VD 0 VDP 0 VWD 0 VLOCK 0 VUNLOCK 0 VCLOSE 0 VMAX 0 VLOCKUP 0 VDECR 0 V3SWAP 0 V2SWAP 0 NFC 0 NFB 0 NFS 0 NFPEN 0 NFT 0 TF 0
[SQ] 83052590: MC 0 MPC 0 TR 0 PMINT 0 PBURN 0 PSYNC 0 TC 0 LT 0 MG 0 VD 0 VDP 0 VWD 0 VLOCK 0 VUNLOCK 0 VCLOSE 0 VMAX 0 VLOCKUP 0 VDECR 0 V3SWAP 0 V2SWAP 0 NFC 0 NFB 0 NFS 0 NFPEN 0 NFT 0 TF 1
[SQ] 83052591: MC 0 MPC 0 TR 0 PMINT 0 PBURN 0 PSYNC 0 TC 0 LT 0 MG 0 VD 0 VDP 0 VWD 0 VLOCK 0 VUNLOCK 0 VCLOSE 0 VMAX 0 VLOCKUP 0 VDECR 0 V3SWAP 0 V2SWAP 0 NFC 0 NFB 0 NFS 0 NFPEN 0 NFT 0 TF 0
[SQ] 83052592: MC 0 MPC 0 TR 0 PMINT 0 PBURN 0 PSYNC 0 TC 0 LT 0 MG 0 VD 0 VDP 0 VWD 0 VLOCK 0 VUNLOCK 0 VCLOSE 0 VMAX 0 VLOCKUP 0 VDECR 0 V3SWAP 1 V2SWAP 0 NFC 0 NFB 0 NFS 0 NFPEN 0 NFT 0 TF 9
[SQ] 83052593: MC 0 MPC 0 TR 0 PMINT 0 PBURN 0 PSYNC 0 TC 0 LT 0 MG 0 VD 0 VDP 0 VWD 0 VLOCK 0 VUNLOCK 0 VCLOSE 0 VMAX 0 VLOCKUP 0 VDECR 0 V3SWAP 0 V2SWAP 0 NFC 0 NFB 0 NFS 0 NFPEN 0 NFT 0 TF 0
[SQ] 83052594: MC 0 MPC 0 TR 0 PMINT 0 PBURN 0 PSYNC 0 TC 0 LT 0 MG 0 VD 0 VDP 0 VWD 0 VLOCK 0 VUNLOCK 0 VCLOSE 0 VMAX 0 VLOCKUP 0 VDECR 0 V3SWAP 0 V2SWAP 0 NFC 0 NFB 0 NFS 0 NFPEN 0 NFT 0 TF 0
[SQ] 83052595: MC 0 MPC 0 TR 0 PMINT 0 PBURN 0 PSYNC 0 TC 0 LT 0 MG 0 VD 0 VDP 0 VWD 0 VLOCK 0 VUNLOCK 0 VCLOSE 0 VMAX 0 VLOCKUP 0 VDECR 0 V3SWAP 0 V2SWAP 0 NFC 0 NFB 0 NFS 0 NFPEN 0 NFT 0 TF 0
[SQ] 83052596: MC 0 MPC 0 TR 0 PMINT 0 PBURN 0 PSYNC 0 TC 0 LT 0 MG 0 VD 0 VDP 0 VWD 0 VLOCK 0 VUNLOCK 0 VCLOSE 0 VMAX 0 VLOCKUP 0 VDECR 0 V3SWAP 0 V2SWAP 0 NFC 0 NFB 0 NFS 0 NFPEN 0 NFT 0 TF 2
[SQ] 83052597: MC 0 MPC 0 TR 0 PMINT 0 PBURN 0 PSYNC 0 TC 0 LT 0 MG 0 VD 0 VDP 0 VWD 0 VLOCK 0 VUNLOCK 0 VCLOSE 0 VMAX 0 VLOCKUP 0 VDECR 0 V3SWAP 0 V2SWAP 0 NFC 0 NFB 0 NFS 0 NFPEN 0 NFT 0 TF 0
[SQ] 83052598: MC 0 MPC 0 TR 0 PMINT 0 PBURN 0 PSYNC 0 TC 0 LT 0 MG 0 VD 0 VDP 0 VWD 0 VLOCK 0 VUNLOCK 0 VCLOSE 0 VMAX 0 VLOCKUP 0 VDECR 0 V3SWAP 0 V2SWAP 0 NFC 0 NFB 0 NFS 0 NFPEN 0 NFT 0 TF 0
[SQ] 83052599: MC 0 MPC 0 TR 0 PMINT 0 PBURN 0 PSYNC 0 TC 0 LT 0 MG 0 VD 0 VDP 0 VWD 0 VLOCK 0 VUNLOCK 0 VCLOSE 0 VMAX 0 VLOCKUP 0 VDECR 0 V3SWAP 0 V2SWAP 0 NFC 0 NFB 0 NFS 0 NFPEN 0 NFT 0 TF 2
[SQ] 83052600: MC 0 MPC 0 TR 0 PMINT 0 PBURN 0 PSYNC 0 TC 0 LT 0 MG 0 VD 0 VDP 0 VWD 0 VLOCK 0 VUNLOCK 0 VCLOSE 0 VMAX 0 VLOCKUP 0 VDECR 0 V3SWAP 0 V2SWAP 0 NFC 0 NFB 0 NFS 0 NFPEN 0 NFT 0 TF 2
[SQ] 83052601: MC 0 MPC 0 TR 0 PMINT 0 PBURN 0 PSYNC 0 TC 0 LT 0 MG 0 VD 0 VDP 0 VWD 0 VLOCK 0 VUNLOCK 0 VCLOSE 0 VMAX 0 VLOCKUP 0 VDECR 0 V3SWAP 0 V2SWAP 0 NFC 0 NFB 0 NFS 0 NFPEN 0 NFT 0 TF 0
[SQ] 83052602: MC 0 MPC 0 TR 0 PMINT 0 PBURN 0 PSYNC 0 TC 0 LT 0 MG 0 VD 0 VDP 0 VWD 0 VLOCK 0 VUNLOCK 0 VCLOSE 0 VMAX 0 VLOCKUP 0 VDECR 0 V3SWAP 0 V2SWAP 0 NFC 0 NFB 0 NFS 0 NFPEN 0 NFT 0 TF 0
[SQ] 83052603: MC 0 MPC 0 TR 0 PMINT 0 PBURN 0 PSYNC 0 TC 0 LT 0 MG 0 VD 0 VDP 0 VWD 0 VLOCK 0 VUNLOCK 0 VCLOSE 0 VMAX 0 VLOCKUP 0 VDECR 0 V3SWAP 0 V2SWAP 0 NFC 0 NFB 0 NFS 0 NFPEN 0 NFT 0 TF 1
[SQ] 83052604: MC 0 MPC 0 TR 0 PMINT 0 PBURN 0 PSYNC 0 TC 0 LT 0 MG 0 VD 0 VDP 0 VWD 0 VLOCK 0 VUNLOCK 0 VCLOSE 0 VMAX 0 VLOCKUP 0 VDECR 0 V3SWAP 0 V2SWAP 0 NFC 0 NFB 0 NFS 0 NFPEN 0 NFT 0 TF 0
[SQ] 83052605: MC 0 MPC 0 TR 0 PMINT 0 PBURN 0 PSYNC 0 TC 0 LT 0 MG 0 VD 0 VDP 0 VWD 0 VLOCK 0 VUNLOCK 0 VCLOSE 0 VMAX 0 VLOCKUP 0 VDECR 0 V3SWAP 0 V2SWAP 0 NFC 0 NFB 0 NFS 0 NFPEN 0 NFT 0 TF 0
[SQ] 83052606: MC 0 MPC 0 TR 0 PMINT 0 PBURN 0 PSYNC 0 TC 0 LT 0 MG 0 VD 0 VDP 0 VWD 0 VLOCK 0 VUNLOCK 0 VCLOSE 0 VMAX 0 VLOCKUP 0 VDECR 0 V3SWAP 0 V2SWAP 0 NFC 0 NFB 0 NFS 0 NFPEN 0 NFT 0 TF 0
[SQ] 83052607: MC 0 MPC 0 TR 0 PMINT 0 PBURN 0 PSYNC 0 TC 0 LT 0 MG 0 VD 0 VDP 0 VWD 0 VLOCK 0 VUNLOCK 0 VCLOSE 0 VMAX 0 VLOCKUP 0 VDECR 0 V3SWAP 0 V2SWAP 0 NFC 0 NFB 0 NFS 0 NFPEN 0 NFT 0 TF 0
[SQ] 83052608: MC 0 MPC 0 TR 0 PMINT 0 PBURN 0 PSYNC 0 TC 0 LT 0 MG 0 VD 0 VDP 0 VWD 0 VLOCK 0 VUNLOCK 0 VCLOSE 0 VMAX 0 VLOCKUP 0 VDECR 0 V3SWAP 0 V2SWAP 0 NFC 0 NFB 0 NFS 0 NFPEN 0 NFT 0 TF 0
[SQ] 83052609: MC 0 MPC 0 TR 0 PMINT 0 PBURN 0 PSYNC 0 TC 0 LT 0 MG 0 VD 0 VDP 0 VWD 0 VLOCK 0 VUNLOCK 0 VCLOSE 0 VMAX 0 VLOCKUP 0 VDECR 0 V3SWAP 0 V2SWAP 0 NFC 0 NFB 0 NFS 0 NFPEN 0 NFT 0 TF 0
[SQ] 83052610: MC 0 MPC 0 TR 0 PMINT 0 PBURN 0 PSYNC 0 TC 0 LT 0 MG 0 VD 0 VDP 0 VWD 0 VLOCK 0 VUNLOCK 0 VCLOSE 0 VMAX 0 VLOCKUP 0 VDECR 0 V3SWAP 0 V2SWAP 0 NFC 0 NFB 0 NFS 0 NFPEN 0 NFT 0 TF 0
[SQ] 83052611: MC 0 MPC 0 TR 0 PMINT 0 PBURN 0 PSYNC 0 TC 0 LT 0 MG 0 VD 0 VDP 0 VWD 0 VLOCK 0 VUNLOCK 0 VCLOSE 0 VMAX 0 VLOCKUP 0 VDECR 0 V3SWAP 0 V2SWAP 0 NFC 0 NFB 0 NFS 0 NFPEN 0 NFT 0 TF 0
[SQ] 83052612: MC 0 MPC 0 TR 0 PMINT 0 PBURN 0 PSYNC 0 TC 0 LT 0 MG 0 VD 0 VDP 0 VWD 0 VLOCK 0 VUNLOCK 0 VCLOSE 0 VMAX 0 VLOCKUP 0 VDECR 0 V3SWAP 0 V2SWAP 0 NFC 0 NFB 0 NFS 0 NFPEN 0 NFT 0 TF 0
[SQ] 83052613: MC 0 MPC 0 TR 0 PMINT 0 PBURN 0 PSYNC 0 TC 0 LT 0 MG 0 VD 0 VDP 0 VWD 0 VLOCK 0 VUNLOCK 0 VCLOSE 0 VMAX 0 VLOCKUP 0 VDECR 0 V3SWAP 0 V2SWAP 0 NFC 0 NFB 0 NFS 0 NFPEN 0 NFT 0 TF 0
[SQ] 83052614: MC 0 MPC 0 TR 0 PMINT 0 PBURN 0 PSYNC 0 TC 0 LT 0 MG 0 VD 0 VDP 0 VWD 0 VLOCK 0 VUNLOCK 0 VCLOSE 0 VMAX 0 VLOCKUP 0 VDECR 0 V3SWAP 0 V2SWAP 0 NFC 0 NFB 0 NFS 0 NFPEN 0 NFT 0 TF 10
[SQ] 83052615: MC 0 MPC 0 TR 0 PMINT 0 PBURN 0 PSYNC 0 TC 0 LT 0 MG 0 VD 0 VDP 0 VWD 0 VLOCK 0 VUNLOCK 0 VCLOSE 0 VMAX 0 VLOCKUP 0 VDECR 0 V3SWAP 1 V2SWAP 0 NFC 0 NFB 0 NFS 0 NFPEN 0 NFT 0 TF 3
[SQ] 83052616: MC 0 MPC 0 TR 0 PMINT 0 PBURN 0 PSYNC 0 TC 0 LT 0 MG 0 VD 0 VDP 0 VWD 0 VLOCK 0 VUNLOCK 0 VCLOSE 0 VMAX 0 VLOCKUP 0 VDECR 0 V3SWAP 0 V2SWAP 0 NFC 0 NFB 0 NFS 0 NFPEN 0 NFT 0 TF 0
[SQ] 83052617: MC 0 MPC 0 TR 0 PMINT 0 PBURN 0 PSYNC 0 TC 0 LT 0 MG 0 VD 0 VDP 0 VWD 0 VLOCK 0 VUNLOCK 0 VCLOSE 0 VMAX 0 VLOCKUP 0 VDECR 0 V3SWAP 0 V2SWAP 0 NFC 0 NFB 0 NFS 0 NFPEN 0 NFT 0 TF 0
[SQ] 83052618: MC 0 MPC 0 TR 0 PMINT 0 PBURN 0 PSYNC 0 TC 0 LT 0 MG 0 VD 0 VDP 0 VWD 0 VLOCK 0 VUNLOCK 0 VCLOSE 0 VMAX 0 VLOCKUP 0 VDECR 0 V3SWAP 0 V2SWAP 0 NFC 0 NFB 0 NFS 0 NFPEN 0 NFT 0 TF 0
[SQ] 83052619: MC 0 MPC 0 TR 0 PMINT 0 PBURN 0 PSYNC 0 TC 0 LT 0 MG 0 VD 0 VDP 0 VWD 0 VLOCK 0 VUNLOCK 0 VCLOSE 0 VMAX 0 VLOCKUP 0 VDECR 0 V3SWAP 0 V2SWAP 0 NFC 0 NFB 0 NFS 0 NFPEN 0 NFT 0 TF 0
[SQ] 83052620: MC 0 MPC 0 TR 0 PMINT 0 PBURN 0 PSYNC 0 TC 0 LT 0 MG 0 VD 0 VDP 0 VWD 0 VLOCK 0 VUNLOCK 0 VCLOSE 0 VMAX 0 VLOCKUP 0 VDECR 0 V3SWAP 0 V2SWAP 0 NFC 0 NFB 0 NFS 0 NFPEN 0 NFT 0 TF 0
[SQ] 83052621: MC 0 MPC 0 TR 0 PMINT 0 PBURN 0 PSYNC 0 TC 0 LT 0 MG 0 VD 0 VDP 0 VWD 0 VLOCK 0 VUNLOCK 0 VCLOSE 0 VMAX 0 VLOCKUP 0 VDECR 0 V3SWAP 0 V2SWAP 0 NFC 0 NFB 0 NFS 0 NFPEN 0 NFT 0 TF 0
[SQ] 83052622: MC 0 MPC 0 TR 0 PMINT 0 PBURN 0 PSYNC 0 TC 0 LT 0 MG 0 VD 0 VDP 0 VWD 0 VLOCK 0 VUNLOCK 0 VCLOSE 0 VMAX 0 VLOCKUP 0 VDECR 0 V3SWAP 0 V2SWAP 0 NFC 0 NFB 0 NFS 0 NFPEN 0 NFT 0 TF 0
[SQ] 83052623: MC 0 MPC 0 TR 0 PMINT 0 PBURN 0 PSYNC 0 TC 0 LT 0 MG 0 VD 0 VDP 0 VWD 0 VLOCK 0 VUNLOCK 0 VCLOSE 0 VMAX 0 VLOCKUP 0 VDECR 0 V3SWAP 0 V2SWAP 0 NFC 0 NFB 0 NFS 0 NFPEN 0 NFT 0 TF 0
[SQ] 83052624: MC 0 MPC 0 TR 0 PMINT 0 PBURN 0 PSYNC 0 TC 0 LT 0 MG 0 VD 0 VDP 0 VWD 0 VLOCK 0 VUNLOCK 0 VCLOSE 0 VMAX 0 VLOCKUP 0 VDECR 0 V3SWAP 0 V2SWAP 0 NFC 0 NFB 0 NFS 0 NFPEN 0 NFT 0 TF 0
[SQ] 83052625: MC 0 MPC 0 TR 0 PMINT 0 PBURN 0 PSYNC 0 TC 0 LT 0 MG 0 VD 0 VDP 0 VWD 0 VLOCK 0 VUNLOCK 0 VCLOSE 0 VMAX 0 VLOCKUP 0 VDECR 0 V3SWAP 0 V2SWAP 0 NFC 0 NFB 0 NFS 0 NFPEN 0 NFT 0 TF 0
[SQ] 83052626: MC 0 MPC 0 TR 0 PMINT 0 PBURN 0 PSYNC 0 TC 0 LT 0 MG 0 VD 0 VDP 0 VWD 0 VLOCK 0 VUNLOCK 0 VCLOSE 0 VMAX 0 VLOCKUP 0 VDECR 0 V3SWAP 0 V2SWAP 0 NFC 0 NFB 0 NFS 0 NFPEN 0 NFT 0 TF 0
[SQ] 83052627: MC 0 MPC 0 TR 0 PMINT 0 PBURN 0 PSYNC 0 TC 0 LT 0 MG 0 VD 0 VDP 0 VWD 0 VLOCK 0 VUNLOCK 0 VCLOSE 0 VMAX 0 VLOCKUP 0 VDECR 0 V3SWAP 0 V2SWAP 0 NFC 0 NFB 0 NFS 0 NFPEN 0 NFT 0 TF 6
[SQ] 83052628: MC 0 MPC 0 TR 0 PMINT 0 PBURN 0 PSYNC 0 TC 0 LT 0 MG 0 VD 0 VDP 0 VWD 0 VLOCK 0 VUNLOCK 0 VCLOSE 0 VMAX 0 VLOCKUP 0 VDECR 0 V3SWAP 1 V2SWAP 0 NFC 0 NFB 0 NFS 0 NFPEN 0 NFT 0 TF 3
[SQ] 83052629: MC 0 MPC 0 TR 0 PMINT 0 PBURN 0 PSYNC 0 TC 0 LT 0 MG 0 VD 0 VDP 0 VWD 0 VLOCK 0 VUNLOCK 0 VCLOSE 0 VMAX 0 VLOCKUP 0 VDECR 0 V3SWAP 0 V2SWAP 0 NFC 0 NFB 0 NFS 0 NFPEN 0 NFT 0 TF 6
[SQ] 83052630: MC 0 MPC 0 TR 0 PMINT 0 PBURN 0 PSYNC 0 TC 0 LT 0 MG 0 VD 0 VDP 0 VWD 0 VLOCK 0 VUNLOCK 0 VCLOSE 0 VMAX 0 VLOCKUP 0 VDECR 0 V3SWAP 0 V2SWAP 0 NFC 0 NFB 0 NFS 0 NFPEN 0 NFT 0 TF 0
[SQ] 83052631: MC 0 MPC 0 TR 0 PMINT 0 PBURN 0 PSYNC 0 TC 0 LT 0 MG 0 VD 0 VDP 0 VWD 0 VLOCK 0 VUNLOCK 0 VCLOSE 0 VMAX 0 VLOCKUP 0 VDECR 0 V3SWAP 0 V2SWAP 0 NFC 0 NFB 0 NFS 0 NFPEN 0 NFT 0 TF 0
[SQ] 83052632: MC 0 MPC 0 TR 0 PMINT 0 PBURN 0 PSYNC 0 TC 0 LT 0 MG 0 VD 0 VDP 0 VWD 0 VLOCK 0 VUNLOCK 0 VCLOSE 0 VMAX 0 VLOCKUP 0 VDECR 0 V3SWAP 0 V2SWAP 0 NFC 0 NFB 0 NFS 0 NFPEN 0 NFT 0 TF 0
[SQ] 83052633: MC 0 MPC 0 TR 0 PMINT 0 PBURN 0 PSYNC 0 TC 0 LT 0 MG 0 VD 0 VDP 0 VWD 0 VLOCK 0 VUNLOCK 0 VCLOSE 0 VMAX 0 VLOCKUP 0 VDECR 0 V3SWAP 0 V2SWAP 0 NFC 0 NFB 0 NFS 0 NFPEN 0 NFT 0 TF 0
[SQ] 83052634: MC 0 MPC 0 TR 0 PMINT 0 PBURN 0 PSYNC 0 TC 0 LT 0 MG 0 VD 0 VDP 0 VWD 0 VLOCK 0 VUNLOCK 0 VCLOSE 0 VMAX 0 VLOCKUP 0 VDECR 0 V3SWAP 0 V2SWAP 0 NFC 0 NFB 0 NFS 0 NFPEN 0 NFT 0 TF 0
[SQ] 83052635: MC 0 MPC 0 TR 0 PMINT 0 PBURN 0 PSYNC 0 TC 0 LT 0 MG 0 VD 0 VDP 0 VWD 0 VLOCK 0 VUNLOCK 0 VCLOSE 0 VMAX 0 VLOCKUP 0 VDECR 0 V3SWAP 0 V2SWAP 0 NFC 0 NFB 0 NFS 0 NFPEN 0 NFT 0 TF 0
[SQ] 83052636: MC 0 MPC 0 TR 0 PMINT 0 PBURN 0 PSYNC 0 TC 0 LT 0 MG 0 VD 0 VDP 0 VWD 0 VLOCK 0 VUNLOCK 0 VCLOSE 0 VMAX 0 VLOCKUP 0 VDECR 0 V3SWAP 0 V2SWAP 0 NFC 0 NFB 0 NFS 0 NFPEN 0 NFT 0 TF 1
[SQ] 83052637: MC 0 MPC 0 TR 0 PMINT 0 PBURN 0 PSYNC 0 TC 0 LT 0 MG 0 VD 0 VDP 0 VWD 0 VLOCK 0 VUNLOCK 0 VCLOSE 0 VMAX 0 VLOCKUP 0 VDECR 0 V3SWAP 1 V2SWAP 0 NFC 0 NFB 0 NFS 0 NFPEN 0 NFT 0 TF 2
[SQ] 83052638: MC 0 MPC 0 TR 0 PMINT 0 PBURN 0 PSYNC 0 TC 0 LT 0 MG 0 VD 0 VDP 0 VWD 0 VLOCK 0 VUNLOCK 0 VCLOSE 0 VMAX 0 VLOCKUP 0 VDECR 0 V3SWAP 0 V2SWAP 0 NFC 0 NFB 0 NFS 0 NFPEN 0 NFT 0 TF 0
[SQ] 83052639: MC 0 MPC 0 TR 0 PMINT 0 PBURN 0 PSYNC 0 TC 0 LT 0 MG 0 VD 0 VDP 0 VWD 0 VLOCK 0 VUNLOCK 0 VCLOSE 0 VMAX 0 VLOCKUP 0 VDECR 0 V3SWAP 0 V2SWAP 0 NFC 0 NFB 0 NFS 0 NFPEN 0 NFT 0 TF 2
[SQ] 83052640: MC 0 MPC 0 TR 0 PMINT 0 PBURN 0 PSYNC 0 TC 0 LT 0 MG 0 VD 0 VDP 0 VWD 0 VLOCK 0 VUNLOCK 0 VCLOSE 0 VMAX 0 VLOCKUP 0 VDECR 0 V3SWAP 0 V2SWAP 0 NFC 0 NFB 0 NFS 0 NFPEN 0 NFT 0 TF 0
[SQ] 83052641: MC 0 MPC 0 TR 0 PMINT 0 PBURN 0 PSYNC 0 TC 0 LT 0 MG 0 VD 0 VDP 0 VWD 0 VLOCK 0 VUNLOCK 0 VCLOSE 0 VMAX 0 VLOCKUP 0 VDECR 0 V3SWAP 0 V2SWAP 0 NFC 0 NFB 0 NFS 0 NFPEN 0 NFT 0 TF 0
[SQ] 83052642: MC 0 MPC 0 TR 0 PMINT 0 PBURN 0 PSYNC 0 TC 0 LT 0 MG 0 VD 0 VDP 0 VWD 0 VLOCK 0 VUNLOCK 0 VCLOSE 0 VMAX 0 VLOCKUP 0 VDECR 0 V3SWAP 0 V2SWAP 0 NFC 0 NFB 0 NFS 0 NFPEN 0 NFT 0 TF 0
[SQ] 83052643: MC 0 MPC 0 TR 0 PMINT 0 PBURN 0 PSYNC 0 TC 0 LT 0 MG 0 VD 0 VDP 0 VWD 0 VLOCK 0 VUNLOCK 0 VCLOSE 0 VMAX 0 VLOCKUP 0 VDECR 0 V3SWAP 0 V2SWAP 0 NFC 0 NFB 0 NFS 0 NFPEN 0 NFT 0 TF 0
[SQ] 83052644: MC 0 MPC 0 TR 0 PMINT 0 PBURN 0 PSYNC 0 TC 0 LT 0 MG 0 VD 0 VDP 0 VWD 0 VLOCK 0 VUNLOCK 0 VCLOSE 0 VMAX 0 VLOCKUP 0 VDECR 0 V3SWAP 0 V2SWAP 0 NFC 0 NFB 0 NFS 0 NFPEN 0 NFT 0 TF 0
[SQ] 83052645: MC 0 MPC 0 TR 0 PMINT 0 PBURN 0 PSYNC 0 TC 0 LT 0 MG 0 VD 0 VDP 0 VWD 0 VLOCK 0 VUNLOCK 0 VCLOSE 0 VMAX 0 VLOCKUP 0 VDECR 0 V3SWAP 0 V2SWAP 0 NFC 0 NFB 0 NFS 0 NFPEN 0 NFT 0 TF 0
[SQ] 83052646: MC 0 MPC 0 TR 0 PMINT 0 PBURN 0 PSYNC 0 TC 0 LT 0 MG 0 VD 0 VDP 0 VWD 0 VLOCK 0 VUNLOCK 0 VCLOSE 0 VMAX 0 VLOCKUP 0 VDECR 0 V3SWAP 0 V2SWAP 0 NFC 0 NFB 0 NFS 0 NFPEN 0 NFT 0 TF 2
[SQ] 83052647: MC 0 MPC 0 TR 0 PMINT 0 PBURN 0 PSYNC 0 TC 0 LT 0 MG 0 VD 0 VDP 0 VWD 0 VLOCK 0 VUNLOCK 0 VCLOSE 0 VMAX 0 VLOCKUP 0 VDECR 0 V3SWAP 0 V2SWAP 0 NFC 0 NFB 0 NFS 0 NFPEN 0 NFT 0 TF 0
[SQ] 83052648: MC 0 MPC 0 TR 0 PMINT 0 PBURN 0 PSYNC 0 TC 0 LT 0 MG 0 VD 0 VDP 0 VWD 0 VLOCK 0 VUNLOCK 0 VCLOSE 0 VMAX 0 VLOCKUP 0 VDECR 0 V3SWAP 0 V2SWAP 0 NFC 0 NFB 0 NFS 0 NFPEN 0 NFT 0 TF 2
[SQ] 83052649: MC 0 MPC 0 TR 0 PMINT 0 PBURN 0 PSYNC 0 TC 0 LT 0 MG 0 VD 0 VDP 0 VWD 0 VLOCK 0 VUNLOCK 0 VCLOSE 0 VMAX 0 VLOCKUP 0 VDECR 0 V3SWAP 0 V2SWAP 0 NFC 0 NFB 0 NFS 0 NFPEN 0 NFT 0 TF 2
[SQ] 83052650: MC 0 MPC 0 TR 0 PMINT 0 PBURN 0 PSYNC 0 TC 0 LT 0 MG 0 VD 0 VDP 0 VWD 0 VLOCK 0 VUNLOCK 0 VCLOSE 0 VMAX 0 VLOCKUP 0 VDECR 0 V3SWAP 1 V2SWAP 0 NFC 0 NFB 0 NFS 0 NFPEN 0 NFT 0 TF 3
[SQ] 83052651: MC 0 MPC 0 TR 0 PMINT 0 PBURN 0 PSYNC 0 TC 0 LT 0 MG 0 VD 0 VDP 0 VWD 0 VLOCK 0 VUNLOCK 0 VCLOSE 0 VMAX 0 VLOCKUP 0 VDECR 0 V3SWAP 0 V2SWAP 0 NFC 0 NFB 0 NFS 0 NFPEN 0 NFT 0 TF 0
[SQ] 83052652: MC 0 MPC 0 TR 0 PMINT 0 PBURN 0 PSYNC 0 TC 0 LT 0 MG 0 VD 0 VDP 0 VWD 0 VLOCK 0 VUNLOCK 0 VCLOSE 0 VMAX 0 VLOCKUP 0 VDECR 0 V3SWAP 0 V2SWAP 0 NFC 0 NFB 0 NFS 0 NFPEN 0 NFT 0 TF 0
[SQ] 83052653: MC 0 MPC 0 TR 0 PMINT 0 PBURN 0 PSYNC 0 TC 0 LT 0 MG 0 VD 0 VDP 0 VWD 0 VLOCK 0 VUNLOCK 0 VCLOSE 0 VMAX 0 VLOCKUP 0 VDECR 0 V3SWAP 0 V2SWAP 0 NFC 0 NFB 0 NFS 0 NFPEN 0 NFT 0 TF 0
[SQ] 83052654: MC 0 MPC 0 TR 0 PMINT 0 PBURN 0 PSYNC 0 TC 0 LT 0 MG 0 VD 0 VDP 0 VWD 0 VLOCK 0 VUNLOCK 0 VCLOSE 0 VMAX 0 VLOCKUP 0 VDECR 0 V3SWAP 0 V2SWAP 0 NFC 0 NFB 0 NFS 0 NFPEN 0 NFT 0 TF 2
[SQ] 83052655: MC 0 MPC 0 TR 0 PMINT 0 PBURN 0 PSYNC 0 TC 0 LT 0 MG 0 VD 0 VDP 0 VWD 0 VLOCK 0 VUNLOCK 0 VCLOSE 0 VMAX 0 VLOCKUP 0 VDECR 0 V3SWAP 0 V2SWAP 0 NFC 0 NFB 0 NFS 0 NFPEN 0 NFT 0 TF 0
[SQ] 83052656: MC 0 MPC 0 TR 0 PMINT 0 PBURN 0 PSYNC 0 TC 0 LT 0 MG 0 VD 0 VDP 0 VWD 0 VLOCK 0 VUNLOCK 0 VCLOSE 0 VMAX 0 VLOCKUP 0 VDECR 0 V3SWAP 0 V2SWAP 0 NFC 0 NFB 0 NFS 0 NFPEN 0 NFT 0 TF 0
[SQ] 83052657: MC 0 MPC 0 TR 0 PMINT 0 PBURN 0 PSYNC 0 TC 0 LT 0 MG 0 VD 0 VDP 0 VWD 0 VLOCK 0 VUNLOCK 0 VCLOSE 0 VMAX 0 VLOCKUP 0 VDECR 0 V3SWAP 0 V2SWAP 0 NFC 0 NFB 0 NFS 0 NFPEN 0 NFT 0 TF 0
[SQ] 83052658: MC 0 MPC 0 TR 0 PMINT 0 PBURN 0 PSYNC 0 TC 0 LT 0 MG 0 VD 0 VDP 0 VWD 0 VLOCK 0 VUNLOCK 0 VCLOSE 0 VMAX 0 VLOCKUP 0 VDECR 0 V3SWAP 0 V2SWAP 0 NFC 0 NFB 0 NFS 0 NFPEN 0 NFT 0 TF 0
[SQ] 83052659: MC 0 MPC 0 TR 0 PMINT 0 PBURN 0 PSYNC 0 TC 0 LT 0 MG 0 VD 0 VDP 0 VWD 0 VLOCK 0 VUNLOCK 0 VCLOSE 0 VMAX 0 VLOCKUP 0 VDECR 0 V3SWAP 0 V2SWAP 0 NFC 0 NFB 0 NFS 0 NFPEN 0 NFT 0 TF 0
[SQ] 83052660: MC 0 MPC 0 TR 0 PMINT 0 PBURN 0 PSYNC 0 TC 0 LT 0 MG 0 VD 0 VDP 0 VWD 0 VLOCK 0 VUNLOCK 0 VCLOSE 0 VMAX 0 VLOCKUP 0 VDECR 0 V3SWAP 0 V2SWAP 0 NFC 0 NFB 0 NFS 0 NFPEN 0 NFT 0 TF 2
[SQ] 83052661: MC 0 MPC 0 TR 0 PMINT 0 PBURN 0 PSYNC 0 TC 0 LT 0 MG 0 VD 0 VDP 0 VWD 0 VLOCK 0 VUNLOCK 0 VCLOSE 0 VMAX 0 VLOCKUP 0 VDECR 0 V3SWAP 0 V2SWAP 0 NFC 0 NFB 0 NFS 0 NFPEN 0 NFT 0 TF 0
[SQ] 83052662: MC 0 MPC 0 TR 0 PMINT 0 PBURN 0 PSYNC 0 TC 0 LT 0 MG 0 VD 0 VDP 0 VWD 0 VLOCK 0 VUNLOCK 0 VCLOSE 0 VMAX 0 VLOCKUP 0 VDECR 0 V3SWAP 0 V2SWAP 0 NFC 0 NFB 0 NFS 0 NFPEN 0 NFT 0 TF 0
[SQ] 83052663: MC 0 MPC 0 TR 0 PMINT 0 PBURN 0 PSYNC 0 TC 0 LT 0 MG 0 VD 0 VDP 0 VWD 0 VLOCK 0 VUNLOCK 0 VCLOSE 0 VMAX 0 VLOCKUP 0 VDECR 0 V3SWAP 0 V2SWAP 0 NFC 0 NFB 0 NFS 0 NFPEN 0 NFT 0 TF 0
[SQ] 83052664: MC 0 MPC 0 TR 0 PMINT 0 PBURN 0 PSYNC 0 TC 0 LT 0 MG 0 VD 0 VDP 0 VWD 0 VLOCK 0 VUNLOCK 0 VCLOSE 0 VMAX 0 VLOCKUP 0 VDECR 0 V3SWAP 1 V2SWAP 0 NFC 0 NFB 0 NFS 0 NFPEN 0 NFT 0 TF 3
[SQ] 83052665: MC 0 MPC 0 TR 0 PMINT 0 PBURN 0 PSYNC 0 TC 0 LT 0 MG 0 VD 0 VDP 0 VWD 0 VLOCK 0 VUNLOCK 0 VCLOSE 0 VMAX 0 VLOCKUP 0 VDECR 0 V3SWAP 0 V2SWAP 0 NFC 0 NFB 0 NFS 0 NFPEN 0 NFT 0 TF 0
[SQ] 83052666: MC 0 MPC 0 TR 0 PMINT 0 PBURN 0 PSYNC 0 TC 0 LT 0 MG 0 VD 0 VDP 0 VWD 0 VLOCK 0 VUNLOCK 0 VCLOSE 0 VMAX 0 VLOCKUP 0 VDECR 0 V3SWAP 0 V2SWAP 0 NFC 0 NFB 0 NFS 0 NFPEN 0 NFT 0 TF 2
[SQ] 83052667: MC 0 MPC 0 TR 0 PMINT 0 PBURN 0 PSYNC 0 TC 0 LT 0 MG 0 VD 0 VDP 0 VWD 0 VLOCK 0 VUNLOCK 0 VCLOSE 0 VMAX 0 VLOCKUP 0 VDECR 0 V3SWAP 0 V2SWAP 0 NFC 0 NFB 0 NFS 0 NFPEN 0 NFT 0 TF 0
[SQ] 83052668: MC 0 MPC 0 TR 0 PMINT 0 PBURN 0 PSYNC 0 TC 0 LT 0 MG 0 VD 0 VDP 0 VWD 0 VLOCK 0 VUNLOCK 0 VCLOSE 0 VMAX 0 VLOCKUP 0 VDECR 0 V3SWAP 0 V2SWAP 0 NFC 0 NFB 0 NFS 0 NFPEN 0 NFT 0 TF 0
[SQ] 83052669: MC 0 MPC 0 TR 0 PMINT 0 PBURN 0 PSYNC 0 TC 0 LT 0 MG 0 VD 0 VDP 0 VWD 0 VLOCK 0 VUNLOCK 0 VCLOSE 0 VMAX 0 VLOCKUP 0 VDECR 0 V3SWAP 0 V2SWAP 0 NFC 0 NFB 0 NFS 0 NFPEN 0 NFT 0 TF 0
[SQ] 83052670: MC 0 MPC 0 TR 0 PMINT 0 PBURN 0 PSYNC 0 TC 0 LT 0 MG 0 VD 0 VDP 0 VWD 0 VLOCK 0 VUNLOCK 0 VCLOSE 0 VMAX 0 VLOCKUP 0 VDECR 0 V3SWAP 0 V2SWAP 0 NFC 0 NFB 0 NFS 0 NFPEN 0 NFT 0 TF 2
[SQ] 83052671: MC 0 MPC 0 TR 0 PMINT 0 PBURN 0 PSYNC 0 TC 0 LT 0 MG 0 VD 0 VDP 0 VWD 0 VLOCK 0 VUNLOCK 0 VCLOSE 0 VMAX 0 VLOCKUP 0 VDECR 0 V3SWAP 0 V2SWAP 0 NFC 0 NFB 0 NFS 0 NFPEN 0 NFT 0 TF 2
[SQ] 83052672: MC 0 MPC 0 TR 0 PMINT 0 PBURN 0 PSYNC 0 TC 0 LT 0 MG 0 VD 0 VDP 0 VWD 0 VLOCK 0 VUNLOCK 0 VCLOSE 0 VMAX 0 VLOCKUP 0 VDECR 0 V3SWAP 0 V2SWAP 0 NFC 0 NFB 0 NFS 0 NFPEN 0 NFT 0 TF 0
[SQ] 83052673: MC 0 MPC 0 TR 0 PMINT 0 PBURN 0 PSYNC 0 TC 0 LT 0 MG 0 VD 0 VDP 0 VWD 0 VLOCK 0 VUNLOCK 0 VCLOSE 0 VMAX 0 VLOCKUP 0 VDECR 0 V3SWAP 0 V2SWAP 0 NFC 0 NFB 0 NFS 0 NFPEN 0 NFT 0 TF 2
[SQ] 83052674: MC 0 MPC 0 TR 0 PMINT 0 PBURN 0 PSYNC 0 TC 0 LT 0 MG 0 VD 0 VDP 0 VWD 0 VLOCK 0 VUNLOCK 0 VCLOSE 0 VMAX 0 VLOCKUP 0 VDECR 0 V3SWAP 0 V2SWAP 0 NFC 0 NFB 0 NFS 0 NFPEN 0 NFT 0 TF 0
[SQ] 83052675: MC 0 MPC 0 TR 0 PMINT 0 PBURN 0 PSYNC 0 TC 0 LT 0 MG 0 VD 0 VDP 0 VWD 0 VLOCK 0 VUNLOCK 0 VCLOSE 0 VMAX 0 VLOCKUP 0 VDECR 0 V3SWAP 0 V2SWAP 0 NFC 0 NFB 0 NFS 0 NFPEN 0 NFT 0 TF 0
[SQ] 83052676: MC 0 MPC 0 TR 0 PMINT 0 PBURN 0 PSYNC 0 TC 0 LT 0 MG 0 VD 0 VDP 0 VWD 0 VLOCK 0 VUNLOCK 0 VCLOSE 0 VMAX 0 VLOCKUP 0 VDECR 0 V3SWAP 0 V2SWAP 0 NFC 0 NFB 0 NFS 0 NFPEN 0 NFT 0 TF 0
[SQ] 83052677: MC 0 MPC 0 TR 0 PMINT 0 PBURN 0 PSYNC 0 TC 0 LT 0 MG 0 VD 0 VDP 0 VWD 0 VLOCK 0 VUNLOCK 0 VCLOSE 0 VMAX 0 VLOCKUP 0 VDECR 0 V3SWAP 0 V2SWAP 0 NFC 0 NFB 0 NFS 0 NFPEN 0 NFT 0 TF 0
[SQ] 83052678: MC 0 MPC 0 TR 0 PMINT 0 PBURN 0 PSYNC 0 TC 0 LT 0 MG 0 VD 0 VDP 0 VWD 0 VLOCK 0 VUNLOCK 0 VCLOSE 0 VMAX 0 VLOCKUP 0 VDECR 0 V3SWAP 0 V2SWAP 0 NFC 0 NFB 0 NFS 0 NFPEN 0 NFT 0 TF 0
[SQ] 83052679: MC 0 MPC 0 TR 0 PMINT 0 PBURN 0 PSYNC 0 TC 0 LT 0 MG 0 VD 0 VDP 0 VWD 0 VLOCK 0 VUNLOCK 0 VCLOSE 0 VMAX 0 VLOCKUP 0 VDECR 0 V3SWAP 0 V2SWAP 0 NFC 0 NFB 0 NFS 0 NFPEN 0 NFT 0 TF 0
[SQ] 83052680: MC 0 MPC 0 TR 0 PMINT 0 PBURN 0 PSYNC 0 TC 0 LT 0 MG 0 VD 0 VDP 0 VWD 0 VLOCK 0 VUNLOCK 0 VCLOSE 0 VMAX 0 VLOCKUP 0 VDECR 0 V3SWAP 0 V2SWAP 0 NFC 0 NFB 0 NFS 0 NFPEN 0 NFT 0 TF 0
[SQ] 83052681: MC 0 MPC 0 TR 0 PMINT 0 PBURN 0 PSYNC 0 TC 0 LT 0 MG 0 VD 0 VDP 0 VWD 0 VLOCK 0 VUNLOCK 0 VCLOSE 0 VMAX 0 VLOCKUP 0 VDECR 0 V3SWAP 0 V2SWAP 0 NFC 0 NFB 0 NFS 0 NFPEN 0 NFT 0 TF 0
[SQ] 83052682: MC 0 MPC 0 TR 0 PMINT 0 PBURN 0 PSYNC 0 TC 0 LT 0 MG 0 VD 0 VDP 0 VWD 0 VLOCK 0 VUNLOCK 0 VCLOSE 0 VMAX 0 VLOCKUP 0 VDECR 0 V3SWAP 0 V2SWAP 0 NFC 0 NFB 0 NFS 0 NFPEN 0 NFT 0 TF 0
[SQ] 83052683: MC 0 MPC 0 TR 0 PMINT 0 PBURN 0 PSYNC 0 TC 0 LT 0 MG 0 VD 0 VDP 0 VWD 0 VLOCK 0 VUNLOCK 0 VCLOSE 0 VMAX 0 VLOCKUP 0 VDECR 0 V3SWAP 0 V2SWAP 0 NFC 0 NFB 0 NFS 0 NFPEN 0 NFT 0 TF 0
[SQ] 83052684: MC 0 MPC 0 TR 0 PMINT 0 PBURN 0 PSYNC 0 TC 0 LT 0 MG 0 VD 0 VDP 0 VWD 0 VLOCK 0 VUNLOCK 0 VCLOSE 0 VMAX 0 VLOCKUP 0 VDECR 0 V3SWAP 0 V2SWAP 0 NFC 0 NFB 0 NFS 0 NFPEN 0 NFT 0 TF 0
[SQ] 83052685: MC 0 MPC 0 TR 0 PMINT 0 PBURN 0 PSYNC 0 TC 0 LT 0 MG 0 VD 0 VDP 0 VWD 0 VLOCK 0 VUNLOCK 0 VCLOSE 0 VMAX 0 VLOCKUP 0 VDECR 0 V3SWAP 0 V2SWAP 0 NFC 0 NFB 0 NFS 0 NFPEN 0 NFT 0 TF 0
[SQ] 83052686: MC 0 MPC 0 TR 0 PMINT 0 PBURN 0 PSYNC 0 TC 0 LT 0 MG 0 VD 0 VDP 0 VWD 0 VLOCK 0 VUNLOCK 0 VCLOSE 0 VMAX 0 VLOCKUP 0 VDECR 0 V3SWAP 1 V2SWAP 0 NFC 0 NFB 0 NFS 0 NFPEN 0 NFT 0 TF 3
[SQ] 83052687: MC 0 MPC 0 TR 0 PMINT 0 PBURN 0 PSYNC 0 TC 0 LT 0 MG 0 VD 0 VDP 0 VWD 0 VLOCK 0 VUNLOCK 0 VCLOSE 0 VMAX 0 VLOCKUP 0 VDECR 0 V3SWAP 0 V2SWAP 0 NFC 0 NFB 0 NFS 0 NFPEN 0 NFT 0 TF 0
[SQ] 83052688: MC 0 MPC 0 TR 0 PMINT 0 PBURN 0 PSYNC 0 TC 0 LT 0 MG 0 VD 0 VDP 0 VWD 0 VLOCK 0 VUNLOCK 0 VCLOSE 0 VMAX 0 VLOCKUP 0 VDECR 0 V3SWAP 0 V2SWAP 0 NFC 0 NFB 0 NFS 0 NFPEN 0 NFT 0 TF 0
[SQ] 83052689: MC 0 MPC 0 TR 0 PMINT 0 PBURN 0 PSYNC 0 TC 0 LT 0 MG 0 VD 0 VDP 0 VWD 0 VLOCK 0 VUNLOCK 0 VCLOSE 0 VMAX 0 VLOCKUP 0 VDECR 0 V3SWAP 0 V2SWAP 0 NFC 0 NFB 0 NFS 0 NFPEN 0 NFT 0 TF 0
[SQ] 83052690: MC 0 MPC 0 TR 0 PMINT 0 PBURN 0 PSYNC 0 TC 0 LT 0 MG 0 VD 0 VDP 0 VWD 0 VLOCK 0 VUNLOCK 0 VCLOSE 0 VMAX 0 VLOCKUP 0 VDECR 0 V3SWAP 0 V2SWAP 0 NFC 0 NFB 0 NFS 0 NFPEN 0 NFT 0 TF 0
[SQ] 83052691: MC 0 MPC 0 TR 0 PMINT 0 PBURN 0 PSYNC 0 TC 0 LT 0 MG 0 VD 0 VDP 0 VWD 0 VLOCK 0 VUNLOCK 0 VCLOSE 0 VMAX 0 VLOCKUP 0 VDECR 0 V3SWAP 0 V2SWAP 0 NFC 0 NFB 0 NFS 0 NFPEN 0 NFT 0 TF 0
[SQ] 83052692: MC 0 MPC 0 TR 0 PMINT 0 PBURN 0 PSYNC 0 TC 0 LT 0 MG 0 VD 0 VDP 0 VWD 0 VLOCK 0 VUNLOCK 0 VCLOSE 0 VMAX 0 VLOCKUP 0 VDECR 0 V3SWAP 0 V2SWAP 0 NFC 0 NFB 0 NFS 0 NFPEN 0 NFT 0 TF 0
[SQ] 83052693: MC 0 MPC 0 TR 0 PMINT 0 PBURN 0 PSYNC 0 TC 0 LT 0 MG 0 VD 0 VDP 0 VWD 0 VLOCK 0 VUNLOCK 0 VCLOSE 0 VMAX 0 VLOCKUP 0 VDECR 0 V3SWAP 0 V2SWAP 0 NFC 0 NFB 0 NFS 0 NFPEN 0 NFT 0 TF 0
[SQ] 83052694: MC 0 MPC 0 TR 0 PMINT 0 PBURN 0 PSYNC 0 TC 0 LT 0 MG 0 VD 0 VDP 0 VWD 0 VLOCK 0 VUNLOCK 0 VCLOSE 0 VMAX 0 VLOCKUP 0 VDECR 0 V3SWAP 0 V2SWAP 0 NFC 0 NFB 0 NFS 0 NFPEN 0 NFT 0 TF 0
[SQ] 83052695: MC 0 MPC 0 TR 0 PMINT 0 PBURN 0 PSYNC 0 TC 0 LT 0 MG 0 VD 0 VDP 0 VWD 0 VLOCK 0 VUNLOCK 0 VCLOSE 0 VMAX 0 VLOCKUP 0 VDECR 0 V3SWAP 0 V2SWAP 0 NFC 0 NFB 0 NFS 0 NFPEN 0 NFT 0 TF 0
[SQ] 83052696: MC 0 MPC 0 TR 0 PMINT 0 PBURN 0 PSYNC 0 TC 0 LT 0 MG 0 VD 0 VDP 0 VWD 0 VLOCK 0 VUNLOCK 0 VCLOSE 0 VMAX 0 VLOCKUP 0 VDECR 0 V3SWAP 0 V2SWAP 0 NFC 0 NFB 0 NFS 0 NFPEN 0 NFT 0 TF 0
[SQ] 83052697: MC 0 MPC 0 TR 0 PMINT 0 PBURN 0 PSYNC 0 TC 0 LT 0 MG 0 VD 0 VDP 0 VWD 0 VLOCK 0 VUNLOCK 0 VCLOSE 0 VMAX 0 VLOCKUP 0 VDECR 0 V3SWAP 0 V2SWAP 0 NFC 0 NFB 0 NFS 0 NFPEN 0 NFT 0 TF 0
[SQ] 83052698: MC 0 MPC 0 TR 0 PMINT 0 PBURN 0 PSYNC 0 TC 0 LT 0 MG 0 VD 0 VDP 0 VWD 0 VLOCK 0 VUNLOCK 0 VCLOSE 0 VMAX 0 VLOCKUP 0 VDECR 0 V3SWAP 0 V2SWAP 0 NFC 0 NFB 0 NFS 0 NFPEN 0 NFT 0 TF 6
[SQ] 83052699: MC 0 MPC 0 TR 0 PMINT 0 PBURN 0 PSYNC 0 TC 0 LT 0 MG 0 VD 0 VDP 0 VWD 0 VLOCK 0 VUNLOCK 0 VCLOSE 0 VMAX 0 VLOCKUP 0 VDECR 0 V3SWAP 2 V2SWAP 0 NFC 0 NFB 0 NFS 0 NFPEN 0 NFT 0 TF 10
[SQ] 83052700: MC 0 MPC 0 TR 0 PMINT 0 PBURN 0 PSYNC 0 TC 0 LT 0 MG 0 VD 0 VDP 0 VWD 0 VLOCK 0 VUNLOCK 0 VCLOSE 0 VMAX 0 VLOCKUP 0 VDECR 0 V3SWAP 0 V2SWAP 0 NFC 0 NFB 0 NFS 0 NFPEN 0 NFT 0 TF 7
[SQ] 83052701: MC 0 MPC 0 TR 0 PMINT 0 PBURN 0 PSYNC 0 TC 0 LT 0 MG 0 VD 0 VDP 0 VWD 0 VLOCK 0 VUNLOCK 0 VCLOSE 0 VMAX 0 VLOCKUP 0 VDECR 0 V3SWAP 0 V2SWAP 0 NFC 0 NFB 0 NFS 0 NFPEN 0 NFT 0 TF 2
[SQ] 83052702: MC 0 MPC 0 TR 0 PMINT 0 PBURN 0 PSYNC 0 TC 0 LT 0 MG 0 VD 0 VDP 0 VWD 0 VLOCK 0 VUNLOCK 0 VCLOSE 0 VMAX 0 VLOCKUP 0 VDECR 0 V3SWAP 0 V2SWAP 0 NFC 0 NFB 0 NFS 0 NFPEN 0 NFT 0 TF 0
[SQ] 83052703: MC 0 MPC 0 TR 0 PMINT 0 PBURN 0 PSYNC 0 TC 0 LT 0 MG 0 VD 0 VDP 0 VWD 0 VLOCK 0 VUNLOCK 0 VCLOSE 0 VMAX 0 VLOCKUP 0 VDECR 0 V3SWAP 0 V2SWAP 0 NFC 0 NFB 0 NFS 0 NFPEN 0 NFT 0 TF 0
[SQ] 83052704: MC 0 MPC 0 TR 0 PMINT 0 PBURN 0 PSYNC 0 TC 0 LT 0 MG 0 VD 0 VDP 0 VWD 0 VLOCK 0 VUNLOCK 0 VCLOSE 0 VMAX 0 VLOCKUP 0 VDECR 0 V3SWAP 0 V2SWAP 0 NFC 0 NFB 0 NFS 0 NFPEN 0 NFT 0 TF 0
[SQ] 83052705: MC 0 MPC 0 TR 0 PMINT 0 PBURN 0 PSYNC 0 TC 0 LT 0 MG 0 VD 0 VDP 0 VWD 0 VLOCK 0 VUNLOCK 0 VCLOSE 0 VMAX 0 VLOCKUP 0 VDECR 0 V3SWAP 0 V2SWAP 0 NFC 0 NFB 0 NFS 0 NFPEN 0 NFT 0 TF 0
[SQ] 83052706: MC 0 MPC 0 TR 0 PMINT 0 PBURN 0 PSYNC 0 TC 0 LT 0 MG 0 VD 0 VDP 0 VWD 0 VLOCK 0 VUNLOCK 0 VCLOSE 0 VMAX 0 VLOCKUP 0 VDECR 0 V3SWAP 0 V2SWAP 0 NFC 0 NFB 0 NFS 0 NFPEN 0 NFT 0 TF 2
[SQ] 83052707: MC 0 MPC 0 TR 0 PMINT 0 PBURN 0 PSYNC 0 TC 0 LT 0 MG 0 VD 0 VDP 0 VWD 0 VLOCK 0 VUNLOCK 0 VCLOSE 0 VMAX 0 VLOCKUP 0 VDECR 0 V3SWAP 0 V2SWAP 0 NFC 0 NFB 0 NFS 0 NFPEN 0 NFT 0 TF 0
[SQ] 83052708: MC 0 MPC 0 TR 0 PMINT 0 PBURN 0 PSYNC 0 TC 0 LT 0 MG 0 VD 0 VDP 0 VWD 0 VLOCK 0 VUNLOCK 0 VCLOSE 0 VMAX 0 VLOCKUP 0 VDECR 0 V3SWAP 0 V2SWAP 0 NFC 0 NFB 0 NFS 0 NFPEN 0 NFT 0 TF 0
[SQ] 83052709: MC 0 MPC 0 TR 0 PMINT 0 PBURN 0 PSYNC 0 TC 0 LT 0 MG 0 VD 0 VDP 0 VWD 0 VLOCK 0 VUNLOCK 0 VCLOSE 0 VMAX 0 VLOCKUP 0 VDECR 0 V3SWAP 0 V2SWAP 0 NFC 0 NFB 0 NFS 0 NFPEN 0 NFT 0 TF 0
[SQ] 83052710: MC 0 MPC 0 TR 0 PMINT 0 PBURN 0 PSYNC 0 TC 0 LT 0 MG 0 VD 0 VDP 0 VWD 0 VLOCK 0 VUNLOCK 0 VCLOSE 0 VMAX 0 VLOCKUP 0 VDECR 0 V3SWAP 0 V2SWAP 0 NFC 0 NFB 0 NFS 0 NFPEN 0 NFT 0 TF 0
[SQ] 83052711: MC 0 MPC 0 TR 0 PMINT 0 PBURN 0 PSYNC 0 TC 0 LT 0 MG 0 VD 0 VDP 0 VWD 0 VLOCK 0 VUNLOCK 0 VCLOSE 0 VMAX 0 VLOCKUP 0 VDECR 0 V3SWAP 0 V2SWAP 0 NFC 0 NFB 0 NFS 0 NFPEN 0 NFT 0 TF 0
[SQ] 83052712: MC 0 MPC 0 TR 0 PMINT 0 PBURN 0 PSYNC 0 TC 0 LT 0 MG 0 VD 0 VDP 0 VWD 0 VLOCK 0 VUNLOCK 0 VCLOSE 0 VMAX 0 VLOCKUP 0 VDECR 0 V3SWAP 0 V2SWAP 0 NFC 0 NFB 0 NFS 0 NFPEN 0 NFT 0 TF 2
[SQ] 83052713: MC 0 MPC 0 TR 0 PMINT 0 PBURN 0 PSYNC 0 TC 0 LT 0 MG 0 VD 0 VDP 0 VWD 0 VLOCK 0 VUNLOCK 0 VCLOSE 0 VMAX 0 VLOCKUP 0 VDECR 0 V3SWAP 0 V2SWAP 0 NFC 0 NFB 0 NFS 0 NFPEN 0 NFT 0 TF 3
[SQ] 83052714: MC 0 MPC 0 TR 0 PMINT 0 PBURN 0 PSYNC 0 TC 0 LT 0 MG 0 VD 0 VDP 0 VWD 0 VLOCK 0 VUNLOCK 0 VCLOSE 0 VMAX 0 VLOCKUP 0 VDECR 0 V3SWAP 0 V2SWAP 0 NFC 0 NFB 0 NFS 0 NFPEN 0 NFT 0 TF 2
[SQ] 83052715: MC 0 MPC 0 TR 0 PMINT 0 PBURN 0 PSYNC 0 TC 0 LT 0 MG 0 VD 0 VDP 0 VWD 0 VLOCK 0 VUNLOCK 0 VCLOSE 0 VMAX 0 VLOCKUP 0 VDECR 0 V3SWAP 0 V2SWAP 0 NFC 0 NFB 0 NFS 0 NFPEN 0 NFT 0 TF 0
[SQ] 83052716: MC 0 MPC 0 TR 0 PMINT 0 PBURN 0 PSYNC 0 TC 0 LT 0 MG 0 VD 0 VDP 0 VWD 0 VLOCK 0 VUNLOCK 0 VCLOSE 0 VMAX 0 VLOCKUP 0 VDECR 0 V3SWAP 0 V2SWAP 0 NFC 0 NFB 0 NFS 0 NFPEN 0 NFT 0 TF 0
[SQ] 83052717: MC 0 MPC 0 TR 0 PMINT 0 PBURN 0 PSYNC 0 TC 0 LT 0 MG 0 VD 0 VDP 0 VWD 0 VLOCK 0 VUNLOCK 0 VCLOSE 0 VMAX 0 VLOCKUP 0 VDECR 0 V3SWAP 0 V2SWAP 0 NFC 0 NFB 0 NFS 0 NFPEN 0 NFT 0 TF 0
[SQ] 83052718: MC 0 MPC 0 TR 0 PMINT 0 PBURN 0 PSYNC 0 TC 0 LT 0 MG 0 VD 0 VDP 0 VWD 0 VLOCK 0 VUNLOCK 0 VCLOSE 0 VMAX 0 VLOCKUP 0 VDECR 0 V3SWAP 0 V2SWAP 0 NFC 0 NFB 0 NFS 0 NFPEN 0 NFT 0 TF 0
[SQ] 83052719: MC 0 MPC 0 TR 0 PMINT 0 PBURN 0 PSYNC 0 TC 0 LT 0 MG 0 VD 0 VDP 0 VWD 0 VLOCK 0 VUNLOCK 0 VCLOSE 0 VMAX 0 VLOCKUP 0 VDECR 0 V3SWAP 0 V2SWAP 0 NFC 0 NFB 0 NFS 0 NFPEN 0 NFT 0 TF 0
[SQ] 83052720: MC 0 MPC 0 TR 0 PMINT 0 PBURN 0 PSYNC 0 TC 0 LT 0 MG 0 VD 0 VDP 0 VWD 0 VLOCK 0 VUNLOCK 0 VCLOSE 0 VMAX 0 VLOCKUP 0 VDECR 0 V3SWAP 0 V2SWAP 0 NFC 0 NFB 0 NFS 0 NFPEN 0 NFT 0 TF 4
[SQ] 83052721: MC 0 MPC 0 TR 0 PMINT 0 PBURN 0 PSYNC 0 TC 0 LT 0 MG 0 VD 0 VDP 0 VWD 0 VLOCK 0 VUNLOCK 0 VCLOSE 0 VMAX 0 VLOCKUP 0 VDECR 0 V3SWAP 0 V2SWAP 0 NFC 0 NFB 0 NFS 0 NFPEN 0 NFT 0 TF 0
[SQ] 83052722: MC 0 MPC 0 TR 0 PMINT 0 PBURN 0 PSYNC 0 TC 0 LT 0 MG 0 VD 0 VDP 0 VWD 0 VLOCK 0 VUNLOCK 0 VCLOSE 0 VMAX 0 VLOCKUP 0 VDECR 0 V3SWAP 1 V2SWAP 0 NFC 0 NFB 0 NFS 0 NFPEN 0 NFT 0 TF 3
[SQ] 83052723: MC 0 MPC 0 TR 0 PMINT 0 PBURN 0 PSYNC 0 TC 0 LT 0 MG 0 VD 0 VDP 0 VWD 0 VLOCK 0 VUNLOCK 0 VCLOSE 0 VMAX 0 VLOCKUP 0 VDECR 0 V3SWAP 0 V2SWAP 0 NFC 0 NFB 0 NFS 0 NFPEN 0 NFT 0 TF 0
[SQ] 83052724: MC 0 MPC 0 TR 0 PMINT 0 PBURN 0 PSYNC 0 TC 0 LT 0 MG 0 VD 0 VDP 0 VWD 0 VLOCK 0 VUNLOCK 0 VCLOSE 0 VMAX 0 VLOCKUP 0 VDECR 0 V3SWAP 0 V2SWAP 0 NFC 0 NFB 0 NFS 0 NFPEN 0 NFT 0 TF 0
[SQ] 83052725: MC 0 MPC 0 TR 0 PMINT 0 PBURN 0 PSYNC 0 TC 0 LT 0 MG 0 VD 0 VDP 0 VWD 0 VLOCK 0 VUNLOCK 0 VCLOSE 0 VMAX 0 VLOCKUP 0 VDECR 0 V3SWAP 0 V2SWAP 0 NFC 0 NFB 0 NFS 0 NFPEN 0 NFT 0 TF 11
[SQ] 83052726: MC 0 MPC 0 TR 0 PMINT 0 PBURN 0 PSYNC 0 TC 0 LT 0 MG 0 VD 0 VDP 0 VWD 0 VLOCK 0 VUNLOCK 0 VCLOSE 0 VMAX 0 VLOCKUP 0 VDECR 0 V3SWAP 0 V2SWAP 0 NFC 0 NFB 0 NFS 0 NFPEN 0 NFT 0 TF 2
[SQ] 83052727: MC 0 MPC 0 TR 0 PMINT 0 PBURN 0 PSYNC 0 TC 0 LT 0 MG 0 VD 0 VDP 0 VWD 0 VLOCK 0 VUNLOCK 0 VCLOSE 0 VMAX 0 VLOCKUP 0 VDECR 0 V3SWAP 0 V2SWAP 0 NFC 0 NFB 0 NFS 0 NFPEN 0 NFT 0 TF 0
[SQ] 83052728: MC 0 MPC 0 TR 0 PMINT 0 PBURN 0 PSYNC 0 TC 0 LT 0 MG 0 VD 0 VDP 0 VWD 0 VLOCK 0 VUNLOCK 0 VCLOSE 0 VMAX 0 VLOCKUP 0 VDECR 0 V3SWAP 0 V2SWAP 0 NFC 0 NFB 0 NFS 0 NFPEN 0 NFT 0 TF 10
[SQ] 83052729: MC 0 MPC 0 TR 0 PMINT 0 PBURN 0 PSYNC 0 TC 0 LT 0 MG 0 VD 0 VDP 0 VWD 0 VLOCK 0 VUNLOCK 0 VCLOSE 0 VMAX 0 VLOCKUP 0 VDECR 0 V3SWAP 0 V2SWAP 0 NFC 0 NFB 0 NFS 0 NFPEN 0 NFT 0 TF 0
[SQ] 83052730: MC 0 MPC 0 TR 0 PMINT 0 PBURN 0 PSYNC 0 TC 0 LT 0 MG 0 VD 0 VDP 0 VWD 0 VLOCK 0 VUNLOCK 0 VCLOSE 0 VMAX 0 VLOCKUP 0 VDECR 0 V3SWAP 0 V2SWAP 0 NFC 0 NFB 0 NFS 0 NFPEN 0 NFT 0 TF 1
[SQ] 83052731: MC 0 MPC 0 TR 0 PMINT 0 PBURN 0 PSYNC 0 TC 0 LT 0 MG 0 VD 0 VDP 0 VWD 0 VLOCK 0 VUNLOCK 0 VCLOSE 0 VMAX 0 VLOCKUP 0 VDECR 0 V3SWAP 0 V2SWAP 0 NFC 0 NFB 0 NFS 0 NFPEN 0 NFT 0 TF 1
[SQ] 83052732: MC 0 MPC 0 TR 0 PMINT 0 PBURN 0 PSYNC 0 TC 0 LT 0 MG 0 VD 0 VDP 0 VWD 0 VLOCK 0 VUNLOCK 0 VCLOSE 0 VMAX 0 VLOCKUP 0 VDECR 0 V3SWAP 0 V2SWAP 0 NFC 0 NFB 0 NFS 0 NFPEN 0 NFT 0 TF 0
[SQ] 83052733: MC 0 MPC 0 TR 0 PMINT 0 PBURN 0 PSYNC 0 TC 0 LT 0 MG 0 VD 0 VDP 0 VWD 0 VLOCK 0 VUNLOCK 0 VCLOSE 0 VMAX 0 VLOCKUP 0 VDECR 0 V3SWAP 0 V2SWAP 0 NFC 0 NFB 0 NFS 0 NFPEN 0 NFT 0 TF 2
[SQ] 83052734: MC 0 MPC 0 TR 0 PMINT 0 PBURN 0 PSYNC 0 TC 0 LT 0 MG 0 VD 0 VDP 0 VWD 0 VLOCK 0 VUNLOCK 0 VCLOSE 0 VMAX 0 VLOCKUP 0 VDECR 0 V3SWAP 0 V2SWAP 0 NFC 0 NFB 0 NFS 0 NFPEN 0 NFT 0 TF 0
[SQ] 83052735: MC 0 MPC 0 TR 0 PMINT 0 PBURN 0 PSYNC 0 TC 0 LT 0 MG 0 VD 0 VDP 0 VWD 0 VLOCK 0 VUNLOCK 0 VCLOSE 0 VMAX 0 VLOCKUP 0 VDECR 0 V3SWAP 1 V2SWAP 0 NFC 0 NFB 0 NFS 0 NFPEN 0 NFT 0 TF 3
[SQ] 83052736: MC 0 MPC 0 TR 0 PMINT 0 PBURN 0 PSYNC 0 TC 0 LT 0 MG 0 VD 0 VDP 0 VWD 0 VLOCK 0 VUNLOCK 0 VCLOSE 0 VMAX 0 VLOCKUP 0 VDECR 0 V3SWAP 0 V2SWAP 0 NFC 0 NFB 0 NFS 0 NFPEN 0 NFT 0 TF 0
[SQ] 83052737: MC 0 MPC 0 TR 0 PMINT 0 PBURN 0 PSYNC 0 TC 0 LT 0 MG 0 VD 0 VDP 0 VWD 0 VLOCK 0 VUNLOCK 0 VCLOSE 0 VMAX 0 VLOCKUP 0 VDECR 0 V3SWAP 0 V2SWAP 0 NFC 0 NFB 0 NFS 0 NFPEN 0 NFT 0 TF 0
[SQ] 83052738: MC 0 MPC 0 TR 0 PMINT 0 PBURN 0 PSYNC 0 TC 0 LT 0 MG 0 VD 0 VDP 0 VWD 0 VLOCK 0 VUNLOCK 0 VCLOSE 0 VMAX 0 VLOCKUP 0 VDECR 0 V3SWAP 0 V2SWAP 0 NFC 0 NFB 0 NFS 0 NFPEN 0 NFT 0 TF 0
[SQ] 83052739: MC 0 MPC 0 TR 0 PMINT 0 PBURN 0 PSYNC 0 TC 0 LT 0 MG 0 VD 0 VDP 0 VWD 0 VLOCK 0 VUNLOCK 0 VCLOSE 0 VMAX 0 VLOCKUP 0 VDECR 0 V3SWAP 0 V2SWAP 0 NFC 0 NFB 0 NFS 0 NFPEN 0 NFT 0 TF 0
[SQ] 83052740: MC 0 MPC 0 TR 0 PMINT 0 PBURN 0 PSYNC 0 TC 0 LT 0 MG 0 VD 0 VDP 0 VWD 0 VLOCK 0 VUNLOCK 0 VCLOSE 0 VMAX 0 VLOCKUP 0 VDECR 0 V3SWAP 0 V2SWAP 0 NFC 0 NFB 0 NFS 0 NFPEN 0 NFT 0 TF 0
[SQ] 83052741: MC 0 MPC 0 TR 0 PMINT 0 PBURN 0 PSYNC 0 TC 0 LT 0 MG 0 VD 0 VDP 0 VWD 0 VLOCK 0 VUNLOCK 0 VCLOSE 0 VMAX 0 VLOCKUP 0 VDECR 0 V3SWAP 0 V2SWAP 0 NFC 0 NFB 0 NFS 0 NFPEN 0 NFT 0 TF 0
[SQ] 83052742: MC 0 MPC 0 TR 0 PMINT 0 PBURN 0 PSYNC 0 TC 0 LT 0 MG 0 VD 0 VDP 0 VWD 0 VLOCK 0 VUNLOCK 0 VCLOSE 0 VMAX 0 VLOCKUP 0 VDECR 0 V3SWAP 0 V2SWAP 0 NFC 0 NFB 0 NFS 0 NFPEN 0 NFT 0 TF 0
[SQ] 83052743: MC 0 MPC 0 TR 0 PMINT 0 PBURN 0 PSYNC 0 TC 0 LT 0 MG 0 VD 0 VDP 0 VWD 0 VLOCK 0 VUNLOCK 0 VCLOSE 0 VMAX 0 VLOCKUP 0 VDECR 0 V3SWAP 0 V2SWAP 0 NFC 0 NFB 0 NFS 0 NFPEN 0 NFT 0 TF 0
[SQ] 83052744: MC 0 MPC 0 TR 0 PMINT 0 PBURN 0 PSYNC 0 TC 0 LT 0 MG 0 VD 0 VDP 0 VWD 0 VLOCK 0 VUNLOCK 0 VCLOSE 0 VMAX 0 VLOCKUP 0 VDECR 0 V3SWAP 0 V2SWAP 0 NFC 0 NFB 0 NFS 0 NFPEN 0 NFT 0 TF 2
[SQ] 83052745: MC 0 MPC 0 TR 0 PMINT 0 PBURN 0 PSYNC 0 TC 0 LT 0 MG 0 VD 0 VDP 0 VWD 0 VLOCK 0 VUNLOCK 0 VCLOSE 0 VMAX 0 VLOCKUP 0 VDECR 0 V3SWAP 1 V2SWAP 0 NFC 0 NFB 0 NFS 0 NFPEN 0 NFT 0 TF 3
[SQ] 83052746: MC 0 MPC 0 TR 0 PMINT 0 PBURN 0 PSYNC 0 TC 0 LT 0 MG 0 VD 0 VDP 0 VWD 0 VLOCK 0 VUNLOCK 0 VCLOSE 0 VMAX 0 VLOCKUP 0 VDECR 0 V3SWAP 0 V2SWAP 0 NFC 0 NFB 0 NFS 0 NFPEN 0 NFT 0 TF 0
[SQ] 83052747: MC 0 MPC 0 TR 0 PMINT 0 PBURN 0 PSYNC 0 TC 0 LT 0 MG 0 VD 0 VDP 0 VWD 0 VLOCK 0 VUNLOCK 0 VCLOSE 0 VMAX 0 VLOCKUP 0 VDECR 0 V3SWAP 0 V2SWAP 0 NFC 0 NFB 0 NFS 0 NFPEN 0 NFT 0 TF 0
[SQ] 83052748: MC 0 MPC 0 TR 0 PMINT 0 PBURN 0 PSYNC 0 TC 0 LT 0 MG 0 VD 0 VDP 0 VWD 0 VLOCK 0 VUNLOCK 0 VCLOSE 0 VMAX 0 VLOCKUP 0 VDECR 0 V3SWAP 0 V2SWAP 0 NFC 0 NFB 0 NFS 0 NFPEN 0 NFT 0 TF 0
[SQ] 83052749: MC 0 MPC 0 TR 0 PMINT 0 PBURN 0 PSYNC 0 TC 0 LT 0 MG 0 VD 0 VDP 0 VWD 0 VLOCK 0 VUNLOCK 0 VCLOSE 0 VMAX 0 VLOCKUP 0 VDECR 0 V3SWAP 0 V2SWAP 0 NFC 0 NFB 0 NFS 0 NFPEN 0 NFT 0 TF 0
[SQ] 83052750: MC 0 MPC 0 TR 0 PMINT 0 PBURN 0 PSYNC 0 TC 0 LT 0 MG 0 VD 0 VDP 0 VWD 0 VLOCK 0 VUNLOCK 0 VCLOSE 0 VMAX 0 VLOCKUP 0 VDECR 0 V3SWAP 0 V2SWAP 0 NFC 0 NFB 0 NFS 0 NFPEN 0 NFT 0 TF 0
[SQ] 83052751: MC 0 MPC 0 TR 0 PMINT 0 PBURN 0 PSYNC 0 TC 0 LT 0 MG 0 VD 0 VDP 0 VWD 0 VLOCK 0 VUNLOCK 0 VCLOSE 0 VMAX 0 VLOCKUP 0 VDECR 0 V3SWAP 0 V2SWAP 0 NFC 0 NFB 0 NFS 0 NFPEN 0 NFT 0 TF 0
[SQ] 83052752: MC 0 MPC 0 TR 0 PMINT 0 PBURN 0 PSYNC 0 TC 0 LT 0 MG 0 VD 0 VDP 0 VWD 0 VLOCK 0 VUNLOCK 0 VCLOSE 0 VMAX 0 VLOCKUP 0 VDECR 0 V3SWAP 0 V2SWAP 0 NFC 0 NFB 0 NFS 0 NFPEN 0 NFT 0 TF 2
[SQ] 83052753: MC 0 MPC 0 TR 0 PMINT 0 PBURN 0 PSYNC 0 TC 0 LT 0 MG 0 VD 0 VDP 0 VWD 0 VLOCK 0 VUNLOCK 0 VCLOSE 0 VMAX 0 VLOCKUP 0 VDECR 0 V3SWAP 0 V2SWAP 0 NFC 0 NFB 0 NFS 0 NFPEN 0 NFT 0 TF 2
[SQ] 83052754: MC 0 MPC 0 TR 0 PMINT 0 PBURN 0 PSYNC 0 TC 0 LT 0 MG 0 VD 0 VDP 0 VWD 0 VLOCK 0 VUNLOCK 0 VCLOSE 0 VMAX 0 VLOCKUP 0 VDECR 0 V3SWAP 0 V2SWAP 0 NFC 0 NFB 0 NFS 0 NFPEN 0 NFT 0 TF 0
[SQ] 83052755: MC 0 MPC 0 TR 0 PMINT 0 PBURN 0 PSYNC 0 TC 0 LT 0 MG 0 VD 0 VDP 0 VWD 0 VLOCK 0 VUNLOCK 0 VCLOSE 0 VMAX 0 VLOCKUP 0 VDECR 0 V3SWAP 0 V2SWAP 0 NFC 0 NFB 0 NFS 0 NFPEN 0 NFT 0 TF 0
[SQ] 83052756: MC 0 MPC 0 TR 0 PMINT 0 PBURN 0 PSYNC 0 TC 0 LT 0 MG 0 VD 0 VDP 0 VWD 0 VLOCK 0 VUNLOCK 0 VCLOSE 0 VMAX 0 VLOCKUP 0 VDECR 0 V3SWAP 0 V2SWAP 0 NFC 0 NFB 0 NFS 0 NFPEN 0 NFT 0 TF 2
[SQ] 83052757: MC 0 MPC 0 TR 0 PMINT 0 PBURN 0 PSYNC 0 TC 0 LT 0 MG 0 VD 0 VDP 0 VWD 0 VLOCK 0 VUNLOCK 0 VCLOSE 0 VMAX 0 VLOCKUP 0 VDECR 0 V3SWAP 1 V2SWAP 0 NFC 0 NFB 0 NFS 0 NFPEN 0 NFT 0 TF 3
[SQ] 83052758: MC 0 MPC 0 TR 0 PMINT 0 PBURN 0 PSYNC 0 TC 0 LT 0 MG 0 VD 0 VDP 0 VWD 0 VLOCK 0 VUNLOCK 0 VCLOSE 0 VMAX 0 VLOCKUP 0 VDECR 0 V3SWAP 0 V2SWAP 0 NFC 0 NFB 0 NFS 0 NFPEN 0 NFT 0 TF 0
[SQ] 83052759: MC 0 MPC 0 TR 0 PMINT 0 PBURN 0 PSYNC 0 TC 0 LT 0 MG 0 VD 0 VDP 0 VWD 0 VLOCK 0 VUNLOCK 0 VCLOSE 0 VMAX 0 VLOCKUP 0 VDECR 0 V3SWAP 0 V2SWAP 0 NFC 0 NFB 0 NFS 0 NFPEN 0 NFT 0 TF 0
[SQ] 83052760: MC 0 MPC 0 TR 0 PMINT 0 PBURN 0 PSYNC 0 TC 0 LT 0 MG 0 VD 0 VDP 0 VWD 0 VLOCK 0 VUNLOCK 0 VCLOSE 0 VMAX 0 VLOCKUP 0 VDECR 0 V3SWAP 0 V2SWAP 0 NFC 0 NFB 0 NFS 0 NFPEN 0 NFT 0 TF 0
[SQ] 83052761: MC 0 MPC 0 TR 0 PMINT 0 PBURN 0 PSYNC 0 TC 0 LT 0 MG 0 VD 0 VDP 0 VWD 0 VLOCK 0 VUNLOCK 0 VCLOSE 0 VMAX 0 VLOCKUP 0 VDECR 0 V3SWAP 0 V2SWAP 0 NFC 0 NFB 0 NFS 0 NFPEN 0 NFT 0 TF 0
[SQ] 83052762: MC 0 MPC 0 TR 0 PMINT 0 PBURN 0 PSYNC 0 TC 0 LT 0 MG 0 VD 0 VDP 0 VWD 0 VLOCK 0 VUNLOCK 0 VCLOSE 0 VMAX 0 VLOCKUP 0 VDECR 0 V3SWAP 0 V2SWAP 0 NFC 0 NFB 0 NFS 0 NFPEN 0 NFT 0 TF 0
[SQ] 83052763: MC 0 MPC 0 TR 0 PMINT 0 PBURN 0 PSYNC 0 TC 0 LT 0 MG 0 VD 0 VDP 0 VWD 0 VLOCK 0 VUNLOCK 0 VCLOSE 0 VMAX 0 VLOCKUP 0 VDECR 0 V3SWAP 0 V2SWAP 0 NFC 0 NFB 0 NFS 0 NFPEN 0 NFT 0 TF 0
[SQ] 83052764: MC 0 MPC 0 TR 0 PMINT 0 PBURN 0 PSYNC 0 TC 0 LT 0 MG 0 VD 0 VDP 0 VWD 0 VLOCK 0 VUNLOCK 0 VCLOSE 0 VMAX 0 VLOCKUP 0 VDECR 0 V3SWAP 0 V2SWAP 0 NFC 0 NFB 0 NFS 0 NFPEN 0 NFT 0 TF 0
[SQ] 83052765: MC 0 MPC 0 TR 0 PMINT 0 PBURN 0 PSYNC 0 TC 0 LT 0 MG 0 VD 0 VDP 0 VWD 0 VLOCK 0 VUNLOCK 0 VCLOSE 0 VMAX 0 VLOCKUP 0 VDECR 0 V3SWAP 0 V2SWAP 0 NFC 0 NFB 0 NFS 0 NFPEN 0 NFT 0 TF 0
[SQ] 83052766: MC 0 MPC 0 TR 0 PMINT 0 PBURN 0 PSYNC 0 TC 0 LT 0 MG 0 VD 0 VDP 0 VWD 0 VLOCK 0 VUNLOCK 0 VCLOSE 0 VMAX 0 VLOCKUP 0 VDECR 0 V3SWAP 0 V2SWAP 0 NFC 0 NFB 0 NFS 0 NFPEN 0 NFT 0 TF 0
[SQ] 83052767: MC 0 MPC 0 TR 0 PMINT 0 PBURN 0 PSYNC 0 TC 0 LT 0 MG 0 VD 0 VDP 0 VWD 0 VLOCK 0 VUNLOCK 0 VCLOSE 0 VMAX 0 VLOCKUP 0 VDECR 0 V3SWAP 0 V2SWAP 0 NFC 0 NFB 0 NFS 0 NFPEN 0 NFT 0 TF 0
[SQ] 83052768: MC 0 MPC 0 TR 0 PMINT 0 PBURN 0 PSYNC 0 TC 0 LT 0 MG 0 VD 0 VDP 0 VWD 0 VLOCK 0 VUNLOCK 0 VCLOSE 0 VMAX 0 VLOCKUP 0 VDECR 0 V3SWAP 0 V2SWAP 0 NFC 0 NFB 0 NFS 0 NFPEN 0 NFT 0 TF 0
[SQ] 83052769: MC 0 MPC 0 TR 0 PMINT 0 PBURN 0 PSYNC 0 TC 0 LT 0 MG 0 VD 0 VDP 0 VWD 0 VLOCK 0 VUNLOCK 0 VCLOSE 0 VMAX 0 VLOCKUP 0 VDECR 0 V3SWAP 0 V2SWAP 0 NFC 0 NFB 0 NFS 0 NFPEN 0 NFT 0 TF 2
[SQ] 83052770: MC 0 MPC 0 TR 0 PMINT 0 PBURN 0 PSYNC 0 TC 0 LT 0 MG 0 VD 0 VDP 0 VWD 0 VLOCK 0 VUNLOCK 0 VCLOSE 0 VMAX 0 VLOCKUP 0 VDECR 0 V3SWAP 0 V2SWAP 0 NFC 0 NFB 0 NFS 0 NFPEN 0 NFT 0 TF 0
[SQ] 83052771: MC 0 MPC 0 TR 0 PMINT 0 PBURN 0 PSYNC 0 TC 0 LT 0 MG 0 VD 0 VDP 0 VWD 0 VLOCK 0 VUNLOCK 0 VCLOSE 0 VMAX 0 VLOCKUP 0 VDECR 0 V3SWAP 1 V2SWAP 0 NFC 0 NFB 0 NFS 0 NFPEN 0 NFT 0 TF 3
[SQ] 83052772: MC 0 MPC 0 TR 0 PMINT 0 PBURN 0 PSYNC 0 TC 0 LT 0 MG 0 VD 0 VDP 0 VWD 0 VLOCK 0 VUNLOCK 0 VCLOSE 0 VMAX 0 VLOCKUP 0 VDECR 0 V3SWAP 0 V2SWAP 0 NFC 0 NFB 0 NFS 0 NFPEN 0 NFT 0 TF 0
[SQ] 83052773: MC 0 MPC 0 TR 0 PMINT 0 PBURN 0 PSYNC 0 TC 0 LT 0 MG 0 VD 0 VDP 0 VWD 0 VLOCK 0 VUNLOCK 0 VCLOSE 0 VMAX 0 VLOCKUP 0 VDECR 0 V3SWAP 0 V2SWAP 0 NFC 0 NFB 0 NFS 0 NFPEN 0 NFT 0 TF 0
[SQ] 83052774: MC 0 MPC 0 TR 0 PMINT 0 PBURN 0 PSYNC 0 TC 0 LT 0 MG 0 VD 0 VDP 0 VWD 0 VLOCK 0 VUNLOCK 0 VCLOSE 0 VMAX 0 VLOCKUP 0 VDECR 0 V3SWAP 0 V2SWAP 0 NFC 0 NFB 0 NFS 0 NFPEN 0 NFT 0 TF 0
[SQ] 83052775: MC 0 MPC 0 TR 0 PMINT 0 PBURN 0 PSYNC 0 TC 0 LT 0 MG 0 VD 0 VDP 0 VWD 0 VLOCK 0 VUNLOCK 0 VCLOSE 0 VMAX 0 VLOCKUP 0 VDECR 0 V3SWAP 0 V2SWAP 0 NFC 0 NFB 0 NFS 0 NFPEN 0 NFT 0 TF 0
[SQ] 83052776: MC 0 MPC 0 TR 0 PMINT 0 PBURN 0 PSYNC 0 TC 0 LT 0 MG 0 VD 0 VDP 0 VWD 0 VLOCK 0 VUNLOCK 0 VCLOSE 0 VMAX 0 VLOCKUP 0 VDECR 0 V3SWAP 0 V2SWAP 0 NFC 0 NFB 0 NFS 0 NFPEN 0 NFT 0 TF 0
[SQ] 83052777: MC 0 MPC 0 TR 0 PMINT 0 PBURN 0 PSYNC 0 TC 0 LT 0 MG 0 VD 0 VDP 0 VWD 0 VLOCK 0 VUNLOCK 0 VCLOSE 0 VMAX 0 VLOCKUP 0 VDECR 0 V3SWAP 0 V2SWAP 0 NFC 0 NFB 0 NFS 0 NFPEN 0 NFT 0 TF 0
[SQ] 83052778: MC 0 MPC 0 TR 0 PMINT 0 PBURN 0 PSYNC 0 TC 0 LT 0 MG 0 VD 0 VDP 0 VWD 0 VLOCK 0 VUNLOCK 0 VCLOSE 0 VMAX 0 VLOCKUP 0 VDECR 0 V3SWAP 0 V2SWAP 0 NFC 0 NFB 0 NFS 0 NFPEN 0 NFT 0 TF 0
[SQ] 83052779: MC 0 MPC 0 TR 0 PMINT 0 PBURN 0 PSYNC 0 TC 0 LT 0 MG 0 VD 0 VDP 0 VWD 0 VLOCK 0 VUNLOCK 0 VCLOSE 0 VMAX 0 VLOCKUP 0 VDECR 0 V3SWAP 0 V2SWAP 0 NFC 0 NFB 0 NFS 0 NFPEN 0 NFT 0 TF 0
[SQ] 83052780: MC 0 MPC 0 TR 0 PMINT 0 PBURN 0 PSYNC 0 TC 0 LT 0 MG 0 VD 0 VDP 0 VWD 0 VLOCK 0 VUNLOCK 0 VCLOSE 0 VMAX 0 VLOCKUP 0 VDECR 0 V3SWAP 0 V2SWAP 0 NFC 0 NFB 0 NFS 0 NFPEN 0 NFT 0 TF 6
[SQ] 83052781: MC 0 MPC 0 TR 0 PMINT 0 PBURN 0 PSYNC 0 TC 0 LT 0 MG 0 VD 0 VDP 0 VWD 0 VLOCK 0 VUNLOCK 0 VCLOSE 0 VMAX 0 VLOCKUP 0 VDECR 0 V3SWAP 0 V2SWAP 0 NFC 0 NFB 0 NFS 0 NFPEN 0 NFT 0 TF 10
[SQ] 83052782: MC 0 MPC 0 TR 0 PMINT 0 PBURN 0 PSYNC 0 TC 0 LT 0 MG 0 VD 0 VDP 0 VWD 0 VLOCK 0 VUNLOCK 0 VCLOSE 0 VMAX 0 VLOCKUP 0 VDECR 0 V3SWAP 0 V2SWAP 0 NFC 0 NFB 0 NFS 0 NFPEN 0 NFT 0 TF 6
[SQ] 83052783: MC 0 MPC 0 TR 0 PMINT 0 PBURN 0 PSYNC 0 TC 0 LT 0 MG 0 VD 0 VDP 0 VWD 0 VLOCK 0 VUNLOCK 0 VCLOSE 0 VMAX 0 VLOCKUP 0 VDECR 0 V3SWAP 0 V2SWAP 0 NFC 0 NFB 0 NFS 0 NFPEN 0 NFT 0 TF 0
[SQ] 83052784: MC 0 MPC 0 TR 0 PMINT 0 PBURN 0 PSYNC 0 TC 0 LT 0 MG 0 VD 0 VDP 0 VWD 0 VLOCK 0 VUNLOCK 0 VCLOSE 0 VMAX 0 VLOCKUP 0 VDECR 0 V3SWAP 0 V2SWAP 0 NFC 0 NFB 0 NFS 0 NFPEN 0 NFT 0 TF 0
[SQ] 83052785: MC 0 MPC 0 TR 0 PMINT 0 PBURN 0 PSYNC 0 TC 0 LT 0 MG 0 VD 0 VDP 0 VWD 0 VLOCK 0 VUNLOCK 0 VCLOSE 0 VMAX 0 VLOCKUP 0 VDECR 0 V3SWAP 0 V2SWAP 0 NFC 0 NFB 0 NFS 0 NFPEN 0 NFT 0 TF 0
[SQ] 83052786: MC 0 MPC 0 TR 0 PMINT 0 PBURN 0 PSYNC 0 TC 0 LT 0 MG 0 VD 0 VDP 0 VWD 0 VLOCK 0 VUNLOCK 0 VCLOSE 0 VMAX 0 VLOCKUP 0 VDECR 0 V3SWAP 0 V2SWAP 0 NFC 0 NFB 0 NFS 0 NFPEN 0 NFT 0 TF 0
[SQ] 83052787: MC 0 MPC 0 TR 0 PMINT 0 PBURN 0 PSYNC 0 TC 0 LT 0 MG 0 VD 0 VDP 0 VWD 0 VLOCK 0 VUNLOCK 0 VCLOSE 0 VMAX 0 VLOCKUP 0 VDECR 0 V3SWAP 0 V2SWAP 0 NFC 0 NFB 0 NFS 0 NFPEN 0 NFT 0 TF 0
[SQ] 83052788: MC 0 MPC 0 TR 0 PMINT 0 PBURN 0 PSYNC 0 TC 0 LT 0 MG 0 VD 0 VDP 0 VWD 0 VLOCK 0 VUNLOCK 0 VCLOSE 0 VMAX 0 VLOCKUP 0 VDECR 0 V3SWAP 0 V2SWAP 0 NFC 0 NFB 0 NFS 0 NFPEN 0 NFT 0 TF 0
[SQ] 83052789: MC 0 MPC 0 TR 0 PMINT 0 PBURN 0 PSYNC 0 TC 0 LT 0 MG 0 VD 0 VDP 0 VWD 0 VLOCK 0 VUNLOCK 0 VCLOSE 0 VMAX 0 VLOCKUP 0 VDECR 0 V3SWAP 0 V2SWAP 0 NFC 0 NFB 0 NFS 0 NFPEN 0 NFT 0 TF 0
[SQ] 83052790: MC 0 MPC 0 TR 0 PMINT 0 PBURN 0 PSYNC 0 TC 0 LT 0 MG 0 VD 0 VDP 0 VWD 0 VLOCK 0 VUNLOCK 0 VCLOSE 0 VMAX 0 VLOCKUP 0 VDECR 0 V3SWAP 0 V2SWAP 0 NFC 0 NFB 0 NFS 0 NFPEN 0 NFT 0 TF 0
[SQ] 83052791: MC 0 MPC 0 TR 0 PMINT 0 PBURN 0 PSYNC 0 TC 0 LT 0 MG 0 VD 0 VDP 0 VWD 0 VLOCK 0 VUNLOCK 0 VCLOSE 0 VMAX 0 VLOCKUP 0 VDECR 0 V3SWAP 0 V2SWAP 0 NFC 0 NFB 0 NFS 0 NFPEN 0 NFT 0 TF 0
[SQ] 83052792: MC 0 MPC 0 TR 0 PMINT 0 PBURN 0 PSYNC 0 TC 0 LT 0 MG 0 VD 0 VDP 0 VWD 0 VLOCK 0 VUNLOCK 0 VCLOSE 0 VMAX 0 VLOCKUP 0 VDECR 0 V3SWAP 0 V2SWAP 0 NFC 0 NFB 0 NFS 0 NFPEN 0 NFT 0 TF 0
[SQ] 83052793: MC 0 MPC 0 TR 0 PMINT 0 PBURN 0 PSYNC 0 TC 0 LT 0 MG 0 VD 0 VDP 0 VWD 0 VLOCK 0 VUNLOCK 0 VCLOSE 0 VMAX 0 VLOCKUP 0 VDECR 0 V3SWAP 1 V2SWAP 0 NFC 0 NFB 0 NFS 0 NFPEN 0 NFT 0 TF 5
[SQ] 83052794: MC 0 MPC 0 TR 0 PMINT 0 PBURN 0 PSYNC 0 TC 0 LT 0 MG 0 VD 0 VDP 0 VWD 0 VLOCK 0 VUNLOCK 0 VCLOSE 0 VMAX 0 VLOCKUP 0 VDECR 0 V3SWAP 0 V2SWAP 0 NFC 0 NFB 0 NFS 0 NFPEN 0 NFT 0 TF 0
[SQ] 83052795: MC 0 MPC 0 TR 0 PMINT 0 PBURN 0 PSYNC 0 TC 0 LT 0 MG 0 VD 0 VDP 0 VWD 0 VLOCK 0 VUNLOCK 0 VCLOSE 0 VMAX 0 VLOCKUP 0 VDECR 0 V3SWAP 0 V2SWAP 0 NFC 0 NFB 0 NFS 0 NFPEN 0 NFT 0 TF 0
[SQ] 83052796: MC 0 MPC 0 TR 0 PMINT 0 PBURN 0 PSYNC 0 TC 0 LT 0 MG 0 VD 0 VDP 0 VWD 0 VLOCK 0 VUNLOCK 0 VCLOSE 0 VMAX 0 VLOCKUP 0 VDECR 0 V3SWAP 0 V2SWAP 0 NFC 0 NFB 0 NFS 0 NFPEN 0 NFT 0 TF 0
[SQ] 83052797: MC 0 MPC 0 TR 0 PMINT 0 PBURN 0 PSYNC 0 TC 0 LT 0 MG 0 VD 0 VDP 0 VWD 0 VLOCK 0 VUNLOCK 0 VCLOSE 0 VMAX 0 VLOCKUP 0 VDECR 0 V3SWAP 0 V2SWAP 0 NFC 0 NFB 0 NFS 0 NFPEN 0 NFT 0 TF 0
[SQ] 83052798: MC 0 MPC 0 TR 0 PMINT 0 PBURN 0 PSYNC 0 TC 0 LT 0 MG 0 VD 0 VDP 0 VWD 0 VLOCK 0 VUNLOCK 0 VCLOSE 0 VMAX 0 VLOCKUP 0 VDECR 0 V3SWAP 0 V2SWAP 0 NFC 0 NFB 0 NFS 0 NFPEN 0 NFT 0 TF 0
[SQ] 83052799: MC 0 MPC 0 TR 0 PMINT 0 PBURN 0 PSYNC 0 TC 0 LT 0 MG 0 VD 0 VDP 0 VWD 0 VLOCK 0 VUNLOCK 0 VCLOSE 0 VMAX 0 VLOCKUP 0 VDECR 0 V3SWAP 0 V2SWAP 0 NFC 0 NFB 0 NFS 0 NFPEN 0 NFT 0 TF 13
[SQ] 83052800: MC 0 MPC 0 TR 0 PMINT 0 PBURN 0 PSYNC 0 TC 0 LT 0 MG 0 VD 0 VDP 0 VWD 0 VLOCK 0 VUNLOCK 0 VCLOSE 0 VMAX 0 VLOCKUP 0 VDECR 0 V3SWAP 0 V2SWAP 0 NFC 0 NFB 0 NFS 0 NFPEN 0 NFT 0 TF 1
[SQ] 83052801: MC 0 MPC 0 TR 0 PMINT 0 PBURN 0 PSYNC 0 TC 0 LT 0 MG 0 VD 0 VDP 0 VWD 0 VLOCK 0 VUNLOCK 0 VCLOSE 0 VMAX 0 VLOCKUP 0 VDECR 0 V3SWAP 0 V2SWAP 0 NFC 0 NFB 0 NFS 0 NFPEN 0 NFT 0 TF 0
[SQ] 83052802: MC 0 MPC 0 TR 0 PMINT 0 PBURN 0 PSYNC 0 TC 0 LT 0 MG 0 VD 0 VDP 0 VWD 0 VLOCK 0 VUNLOCK 0 VCLOSE 0 VMAX 0 VLOCKUP 0 VDECR 0 V3SWAP 0 V2SWAP 0 NFC 0 NFB 0 NFS 0 NFPEN 0 NFT 0 TF 0
[SQ] 83052803: MC 0 MPC 0 TR 0 PMINT 0 PBURN 0 PSYNC 0 TC 0 LT 0 MG 0 VD 0 VDP 0 VWD 0 VLOCK 0 VUNLOCK 0 VCLOSE 0 VMAX 0 VLOCKUP 0 VDECR 0 V3SWAP 0 V2SWAP 0 NFC 0 NFB 0 NFS 0 NFPEN 0 NFT 0 TF 0
[SQ] 83052804: MC 0 MPC 0 TR 0 PMINT 0 PBURN 0 PSYNC 0 TC 0 LT 0 MG 0 VD 0 VDP 0 VWD 0 VLOCK 0 VUNLOCK 0 VCLOSE 0 VMAX 0 VLOCKUP 0 VDECR 0 V3SWAP 0 V2SWAP 0 NFC 0 NFB 0 NFS 0 NFPEN 0 NFT 0 TF 0
[SQ] 83052805: MC 0 MPC 0 TR 0 PMINT 0 PBURN 0 PSYNC 0 TC 0 LT 0 MG 0 VD 0 VDP 0 VWD 0 VLOCK 0 VUNLOCK 0 VCLOSE 0 VMAX 0 VLOCKUP 0 VDECR 0 V3SWAP 0 V2SWAP 0 NFC 0 NFB 0 NFS 0 NFPEN 0 NFT 0 TF 0
[SQ] 83052806: MC 0 MPC 0 TR 0 PMINT 0 PBURN 0 PSYNC 0 TC 0 LT 0 MG 0 VD 0 VDP 0 VWD 0 VLOCK 0 VUNLOCK 0 VCLOSE 0 VMAX 0 VLOCKUP 0 VDECR 0 V3SWAP 0 V2SWAP 0 NFC 0 NFB 0 NFS 0 NFPEN 0 NFT 0 TF 2
[SQ] 83052807: MC 0 MPC 0 TR 0 PMINT 0 PBURN 0 PSYNC 0 TC 0 LT 0 MG 0 VD 0 VDP 0 VWD 0 VLOCK 0 VUNLOCK 0 VCLOSE 0 VMAX 0 VLOCKUP 0 VDECR 0 V3SWAP 1 V2SWAP 0 NFC 0 NFB 0 NFS 0 NFPEN 0 NFT 0 TF 5
[SQ] 83052808: MC 0 MPC 0 TR 0 PMINT 0 PBURN 0 PSYNC 0 TC 0 LT 0 MG 0 VD 0 VDP 0 VWD 0 VLOCK 0 VUNLOCK 0 VCLOSE 0 VMAX 0 VLOCKUP 0 VDECR 0 V3SWAP 0 V2SWAP 0 NFC 0 NFB 0 NFS 0 NFPEN 0 NFT 0 TF 0
[SQ] 83052809: MC 0 MPC 0 TR 0 PMINT 0 PBURN 0 PSYNC 0 TC 0 LT 0 MG 0 VD 0 VDP 0 VWD 0 VLOCK 0 VUNLOCK 0 VCLOSE 0 VMAX 0 VLOCKUP 0 VDECR 0 V3SWAP 0 V2SWAP 0 NFC 0 NFB 0 NFS 0 NFPEN 0 NFT 0 TF 4
[SQ] 83052810: MC 0 MPC 0 TR 0 PMINT 0 PBURN 0 PSYNC 0 TC 0 LT 0 MG 0 VD 0 VDP 0 VWD 0 VLOCK 0 VUNLOCK 0 VCLOSE 0 VMAX 0 VLOCKUP 0 VDECR 0 V3SWAP 0 V2SWAP 0 NFC 0 NFB 0 NFS 0 NFPEN 0 NFT 0 TF 2
[SQ] 83052811: MC 0 MPC 0 TR 0 PMINT 0 PBURN 0 PSYNC 0 TC 0 LT 0 MG 0 VD 0 VDP 0 VWD 0 VLOCK 0 VUNLOCK 0 VCLOSE 0 VMAX 0 VLOCKUP 0 VDECR 0 V3SWAP 0 V2SWAP 0 NFC 0 NFB 0 NFS 0 NFPEN 0 NFT 0 TF 0
[SQ] 83052812: MC 0 MPC 0 TR 0 PMINT 0 PBURN 0 PSYNC 0 TC 0 LT 0 MG 0 VD 0 VDP 0 VWD 0 VLOCK 0 VUNLOCK 0 VCLOSE 0 VMAX 0 VLOCKUP 0 VDECR 0 V3SWAP 0 V2SWAP 0 NFC 0 NFB 0 NFS 0 NFPEN 0 NFT 0 TF 0
[SQ] 83052813: MC 0 MPC 0 TR 0 PMINT 0 PBURN 0 PSYNC 0 TC 0 LT 0 MG 0 VD 0 VDP 0 VWD 0 VLOCK 0 VUNLOCK 0 VCLOSE 0 VMAX 0 VLOCKUP 0 VDECR 0 V3SWAP 0 V2SWAP 0 NFC 0 NFB 0 NFS 0 NFPEN 0 NFT 0 TF 0
[SQ] 83052814: MC 0 MPC 0 TR 0 PMINT 0 PBURN 0 PSYNC 0 TC 0 LT 0 MG 0 VD 0 VDP 0 VWD 0 VLOCK 0 VUNLOCK 0 VCLOSE 0 VMAX 0 VLOCKUP 0 VDECR 0 V3SWAP 0 V2SWAP 0 NFC 0 NFB 0 NFS 0 NFPEN 0 NFT 0 TF 0
[SQ] 83052815: MC 0 MPC 0 TR 0 PMINT 0 PBURN 0 PSYNC 0 TC 0 LT 0 MG 0 VD 0 VDP 0 VWD 0 VLOCK 0 VUNLOCK 0 VCLOSE 0 VMAX 0 VLOCKUP 0 VDECR 0 V3SWAP 0 V2SWAP 0 NFC 0 NFB 0 NFS 0 NFPEN 0 NFT 0 TF 0
[SQ] 83052816: MC 0 MPC 0 TR 0 PMINT 0 PBURN 0 PSYNC 0 TC 0 LT 0 MG 0 VD 0 VDP 0 VWD 0 VLOCK 0 VUNLOCK 0 VCLOSE 0 VMAX 0 VLOCKUP 0 VDECR 0 V3SWAP 0 V2SWAP 0 NFC 0 NFB 0 NFS 0 NFPEN 0 NFT 0 TF 0
[SQ] 83052817: MC 0 MPC 0 TR 0 PMINT 0 PBURN 0 PSYNC 0 TC 0 LT 0 MG 0 VD 0 VDP 0 VWD 0 VLOCK 0 VUNLOCK 0 VCLOSE 0 VMAX 0 VLOCKUP 0 VDECR 0 V3SWAP 0 V2SWAP 0 NFC 0 NFB 0 NFS 0 NFPEN 0 NFT 0 TF 0
[SQ] 83052818: MC 0 MPC 0 TR 0 PMINT 0 PBURN 0 PSYNC 0 TC 0 LT 0 MG 0 VD 0 VDP 0 VWD 0 VLOCK 0 VUNLOCK 0 VCLOSE 0 VMAX 0 VLOCKUP 0 VDECR 0 V3SWAP 0 V2SWAP 0 NFC 0 NFB 0 NFS 0 NFPEN 0 NFT 0 TF 0
[SQ] 83052819: MC 0 MPC 0 TR 0 PMINT 0 PBURN 0 PSYNC 0 TC 0 LT 0 MG 0 VD 0 VDP 0 VWD 0 VLOCK 0 VUNLOCK 0 VCLOSE 0 VMAX 0 VLOCKUP 0 VDECR 0 V3SWAP 0 V2SWAP 0 NFC 0 NFB 0 NFS 0 NFPEN 0 NFT 0 TF 0
[SQ] 83052820: MC 0 MPC 0 TR 0 PMINT 0 PBURN 0 PSYNC 0 TC 0 LT 0 MG 0 VD 0 VDP 0 VWD 0 VLOCK 0 VUNLOCK 0 VCLOSE 0 VMAX 0 VLOCKUP 0 VDECR 0 V3SWAP 0 V2SWAP 0 NFC 0 NFB 0 NFS 0 NFPEN 0 NFT 0 TF 0
[SQ] 83052821: MC 0 MPC 0 TR 0 PMINT 0 PBURN 0 PSYNC 0 TC 0 LT 0 MG 0 VD 0 VDP 0 VWD 0 VLOCK 0 VUNLOCK 0 VCLOSE 0 VMAX 0 VLOCKUP 0 VDECR 0 V3SWAP 0 V2SWAP 0 NFC 0 NFB 0 NFS 0 NFPEN 0 NFT 0 TF 0
[SQ] 83052822: MC 0 MPC 0 TR 0 PMINT 0 PBURN 0 PSYNC 0 TC 0 LT 0 MG 0 VD 0 VDP 0 VWD 0 VLOCK 0 VUNLOCK 0 VCLOSE 0 VMAX 0 VLOCKUP 0 VDECR 0 V3SWAP 0 V2SWAP 0 NFC 0 NFB 0 NFS 0 NFPEN 0 NFT 0 TF 0
[SQ] 83052823: MC 0 MPC 0 TR 0 PMINT 0 PBURN 0 PSYNC 0 TC 0 LT 0 MG 0 VD 0 VDP 0 VWD 0 VLOCK 0 VUNLOCK 0 VCLOSE 0 VMAX 0 VLOCKUP 0 VDECR 0 V3SWAP 0 V2SWAP 0 NFC 0 NFB 0 NFS 0 NFPEN 0 NFT 0 TF 0
[SQ] 83052824: MC 0 MPC 0 TR 0 PMINT 0 PBURN 0 PSYNC 0 TC 0 LT 0 MG 0 VD 0 VDP 0 VWD 0 VLOCK 0 VUNLOCK 0 VCLOSE 0 VMAX 0 VLOCKUP 0 VDECR 0 V3SWAP 0 V2SWAP 0 NFC 0 NFB 0 NFS 0 NFPEN 0 NFT 0 TF 0
[SQ] 83052825: MC 0 MPC 0 TR 0 PMINT 0 PBURN 0 PSYNC 0 TC 0 LT 0 MG 0 VD 0 VDP 0 VWD 0 VLOCK 0 VUNLOCK 0 VCLOSE 0 VMAX 0 VLOCKUP 0 VDECR 0 V3SWAP 0 V2SWAP 0 NFC 0 NFB 0 NFS 0 NFPEN 0 NFT 0 TF 0
[SQ] 83052826: MC 0 MPC 0 TR 0 PMINT 0 PBURN 0 PSYNC 0 TC 0 LT 0 MG 0 VD 0 VDP 0 VWD 0 VLOCK 0 VUNLOCK 0 VCLOSE 0 VMAX 0 VLOCKUP 0 VDECR 0 V3SWAP 0 V2SWAP 0 NFC 0 NFB 0 NFS 0 NFPEN 0 NFT 0 TF 0
[SQ] 83052827: MC 0 MPC 0 TR 0 PMINT 0 PBURN 0 PSYNC 0 TC 0 LT 0 MG 0 VD 0 VDP 0 VWD 0 VLOCK 0 VUNLOCK 0 VCLOSE 0 VMAX 0 VLOCKUP 0 VDECR 0 V3SWAP 0 V2SWAP 0 NFC 0 NFB 0 NFS 0 NFPEN 0 NFT 0 TF 0
[SQ] 83052828: MC 0 MPC 0 TR 0 PMINT 0 PBURN 0 PSYNC 0 TC 0 LT 0 MG 0 VD 0 VDP 0 VWD 0 VLOCK 0 VUNLOCK 0 VCLOSE 0 VMAX 0 VLOCKUP 0 VDECR 0 V3SWAP 0 V2SWAP 0 NFC 0 NFB 0 NFS 0 NFPEN 0 NFT 0 TF 0
[SQ] 83052829: MC 0 MPC 0 TR 0 PMINT 0 PBURN 0 PSYNC 0 TC 0 LT 0 MG 0 VD 0 VDP 0 VWD 0 VLOCK 0 VUNLOCK 0 VCLOSE 0 VMAX 0 VLOCKUP 0 VDECR 0 V3SWAP 0 V2SWAP 0 NFC 0 NFB 0 NFS 0 NFPEN 0 NFT 0 TF 0
[SQ] 83052830: MC 0 MPC 0 TR 0 PMINT 0 PBURN 0 PSYNC 0 TC 0 LT 0 MG 0 VD 0 VDP 0 VWD 0 VLOCK 0 VUNLOCK 0 VCLOSE 0 VMAX 0 VLOCKUP 0 VDECR 0 V3SWAP 1 V2SWAP 0 NFC 0 NFB 0 NFS 0 NFPEN 0 NFT 0 TF 5
[SQ] 83052831: MC 0 MPC 0 TR 0 PMINT 0 PBURN 0 PSYNC 0 TC 0 LT 0 MG 0 VD 0 VDP 0 VWD 0 VLOCK 0 VUNLOCK 0 VCLOSE 0 VMAX 0 VLOCKUP 0 VDECR 0 V3SWAP 0 V2SWAP 0 NFC 0 NFB 0 NFS 0 NFPEN 0 NFT 0 TF 0
[SQ] 83052832: MC 0 MPC 0 TR 0 PMINT 0 PBURN 0 PSYNC 0 TC 0 LT 0 MG 0 VD 0 VDP 0 VWD 0 VLOCK 0 VUNLOCK 0 VCLOSE 0 VMAX 0 VLOCKUP 0 VDECR 0 V3SWAP 0 V2SWAP 0 NFC 0 NFB 0 NFS 0 NFPEN 0 NFT 0 TF 0
[SQ] 83052833: MC 0 MPC 0 TR 0 PMINT 0 PBURN 0 PSYNC 0 TC 0 LT 0 MG 0 VD 0 VDP 0 VWD 0 VLOCK 0 VUNLOCK 0 VCLOSE 0 VMAX 0 VLOCKUP 0 VDECR 0 V3SWAP 0 V2SWAP 0 NFC 0 NFB 0 NFS 0 NFPEN 0 NFT 0 TF 0
[SQ] 83052834: MC 0 MPC 0 TR 0 PMINT 0 PBURN 0 PSYNC 0 TC 0 LT 0 MG 0 VD 0 VDP 0 VWD 0 VLOCK 0 VUNLOCK 0 VCLOSE 0 VMAX 0 VLOCKUP 0 VDECR 0 V3SWAP 0 V2SWAP 0 NFC 0 NFB 0 NFS 0 NFPEN 0 NFT 0 TF 0
[SQ] 83052835: MC 0 MPC 0 TR 0 PMINT 0 PBURN 0 PSYNC 0 TC 0 LT 0 MG 0 VD 0 VDP 0 VWD 0 VLOCK 0 VUNLOCK 0 VCLOSE 0 VMAX 0 VLOCKUP 0 VDECR 0 V3SWAP 0 V2SWAP 0 NFC 0 NFB 0 NFS 0 NFPEN 0 NFT 0 TF 0
[SQ] 83052836: MC 0 MPC 0 TR 0 PMINT 0 PBURN 0 PSYNC 0 TC 0 LT 0 MG 0 VD 0 VDP 0 VWD 0 VLOCK 0 VUNLOCK 0 VCLOSE 0 VMAX 0 VLOCKUP 0 VDECR 0 V3SWAP 0 V2SWAP 0 NFC 0 NFB 0 NFS 0 NFPEN 0 NFT 0 TF 0
[SQ] 83052837: MC 0 MPC 0 TR 0 PMINT 0 PBURN 0 PSYNC 0 TC 0 LT 0 MG 0 VD 0 VDP 0 VWD 0 VLOCK 0 VUNLOCK 0 VCLOSE 0 VMAX 0 VLOCKUP 0 VDECR 0 V3SWAP 0 V2SWAP 0 NFC 0 NFB 0 NFS 0 NFPEN 0 NFT 0 TF 2
[SQ] 83052838: MC 0 MPC 0 TR 0 PMINT 0 PBURN 0 PSYNC 0 TC 0 LT 0 MG 0 VD 0 VDP 0 VWD 0 VLOCK 0 VUNLOCK 0 VCLOSE 0 VMAX 0 VLOCKUP 0 VDECR 0 V3SWAP 0 V2SWAP 0 NFC 0 NFB 0 NFS 0 NFPEN 0 NFT 0 TF 0
[SQ] 83052839: MC 0 MPC 0 TR 0 PMINT 0 PBURN 0 PSYNC 0 TC 0 LT 0 MG 0 VD 0 VDP 0 VWD 0 VLOCK 0 VUNLOCK 0 VCLOSE 0 VMAX 0 VLOCKUP 0 VDECR 0 V3SWAP 0 V2SWAP 0 NFC 0 NFB 0 NFS 0 NFPEN 0 NFT 0 TF 0
[SQ] 83052840: MC 0 MPC 0 TR 0 PMINT 0 PBURN 0 PSYNC 0 TC 0 LT 0 MG 0 VD 0 VDP 0 VWD 0 VLOCK 0 VUNLOCK 0 VCLOSE 0 VMAX 0 VLOCKUP 0 VDECR 0 V3SWAP 0 V2SWAP 0 NFC 0 NFB 0 NFS 0 NFPEN 0 NFT 0 TF 0
[SQ] 83052841: MC 0 MPC 0 TR 0 PMINT 0 PBURN 0 PSYNC 0 TC 0 LT 0 MG 0 VD 0 VDP 0 VWD 0 VLOCK 0 VUNLOCK 0 VCLOSE 0 VMAX 0 VLOCKUP 0 VDECR 0 V3SWAP 0 V2SWAP 0 NFC 0 NFB 0 NFS 0 NFPEN 0 NFT 0 TF 0
[SQ] 83052842: MC 0 MPC 0 TR 0 PMINT 0 PBURN 0 PSYNC 0 TC 0 LT 0 MG 0 VD 0 VDP 0 VWD 0 VLOCK 0 VUNLOCK 0 VCLOSE 0 VMAX 0 VLOCKUP 0 VDECR 0 V3SWAP 0 V2SWAP 0 NFC 0 NFB 0 NFS 0 NFPEN 0 NFT 0 TF 0
[SQ] 83052843: MC 0 MPC 0 TR 0 PMINT 0 PBURN 0 PSYNC 0 TC 0 LT 0 MG 0 VD 0 VDP 0 VWD 0 VLOCK 0 VUNLOCK 0 VCLOSE 0 VMAX 0 VLOCKUP 0 VDECR 0 V3SWAP 0 V2SWAP 0 NFC 0 NFB 0 NFS 0 NFPEN 0 NFT 0 TF 0
[SQ] 83052844: MC 0 MPC 0 TR 0 PMINT 0 PBURN 0 PSYNC 0 TC 0 LT 0 MG 0 VD 0 VDP 0 VWD 0 VLOCK 0 VUNLOCK 0 VCLOSE 0 VMAX 0 VLOCKUP 0 VDECR 0 V3SWAP 1 V2SWAP 0 NFC 0 NFB 0 NFS 0 NFPEN 0 NFT 0 TF 3
[SQ] 83052845: MC 0 MPC 0 TR 0 PMINT 0 PBURN 0 PSYNC 0 TC 0 LT 0 MG 0 VD 0 VDP 0 VWD 0 VLOCK 0 VUNLOCK 0 VCLOSE 0 VMAX 0 VLOCKUP 0 VDECR 0 V3SWAP 0 V2SWAP 0 NFC 0 NFB 0 NFS 0 NFPEN 0 NFT 0 TF 0
[SQ] 83052846: MC 0 MPC 0 TR 0 PMINT 0 PBURN 0 PSYNC 0 TC 0 LT 0 MG 0 VD 0 VDP 0 VWD 0 VLOCK 0 VUNLOCK 0 VCLOSE 0 VMAX 0 VLOCKUP 0 VDECR 0 V3SWAP 0 V2SWAP 0 NFC 0 NFB 0 NFS 0 NFPEN 0 NFT 0 TF 0
[SQ] 83052847: MC 0 MPC 0 TR 0 PMINT 0 PBURN 0 PSYNC 0 TC 0 LT 0 MG 0 VD 0 VDP 0 VWD 0 VLOCK 0 VUNLOCK 0 VCLOSE 0 VMAX 0 VLOCKUP 0 VDECR 0 V3SWAP 0 V2SWAP 0 NFC 0 NFB 0 NFS 0 NFPEN 0 NFT 0 TF 0
[SQ] 83052848: MC 0 MPC 0 TR 0 PMINT 0 PBURN 0 PSYNC 0 TC 0 LT 0 MG 0 VD 0 VDP 0 VWD 0 VLOCK 0 VUNLOCK 0 VCLOSE 0 VMAX 0 VLOCKUP 0 VDECR 0 V3SWAP 0 V2SWAP 0 NFC 0 NFB 0 NFS 0 NFPEN 0 NFT 0 TF 0
[SQ] 83052849: MC 0 MPC 0 TR 0 PMINT 0 PBURN 0 PSYNC 0 TC 0 LT 0 MG 0 VD 0 VDP 0 VWD 0 VLOCK 0 VUNLOCK 0 VCLOSE 0 VMAX 0 VLOCKUP 0 VDECR 0 V3SWAP 0 V2SWAP 0 NFC 0 NFB 0 NFS 0 NFPEN 0 NFT 0 TF 0
[SQ] 83052850: MC 0 MPC 0 TR 0 PMINT 0 PBURN 0 PSYNC 0 TC 0 LT 0 MG 0 VD 0 VDP 0 VWD 0 VLOCK 0 VUNLOCK 0 VCLOSE 0 VMAX 0 VLOCKUP 0 VDECR 0 V3SWAP 0 V2SWAP 0 NFC 0 NFB 0 NFS 0 NFPEN 0 NFT 0 TF 3
[SQ] 83052851: MC 0 MPC 0 TR 0 PMINT 0 PBURN 0 PSYNC 0 TC 0 LT 0 MG 0 VD 0 VDP 0 VWD 0 VLOCK 0 VUNLOCK 0 VCLOSE 0 VMAX 0 VLOCKUP 0 VDECR 0 V3SWAP 0 V2SWAP 0 NFC 0 NFB 0 NFS 0 NFPEN 0 NFT 0 TF 1
[SQ] 83052852: MC 0 MPC 0 TR 0 PMINT 0 PBURN 0 PSYNC 0 TC 0 LT 0 MG 0 VD 0 VDP 0 VWD 0 VLOCK 0 VUNLOCK 0 VCLOSE 0 VMAX 0 VLOCKUP 0 VDECR 0 V3SWAP 0 V2SWAP 0 NFC 0 NFB 0 NFS 0 NFPEN 0 NFT 0 TF 0
[SQ] 83052853: MC 0 MPC 0 TR 0 PMINT 0 PBURN 0 PSYNC 0 TC 0 LT 0 MG 0 VD 0 VDP 0 VWD 0 VLOCK 0 VUNLOCK 0 VCLOSE 0 VMAX 0 VLOCKUP 0 VDECR 0 V3SWAP 0 V2SWAP 0 NFC 0 NFB 0 NFS 0 NFPEN 0 NFT 0 TF 6
[SQ] 83052854: MC 0 MPC 0 TR 0 PMINT 0 PBURN 0 PSYNC 0 TC 0 LT 0 MG 0 VD 0 VDP 0 VWD 0 VLOCK 0 VUNLOCK 0 VCLOSE 0 VMAX 0 VLOCKUP 0 VDECR 0 V3SWAP 0 V2SWAP 0 NFC 0 NFB 0 NFS 0 NFPEN 0 NFT 0 TF 4
[SQ] 83052855: MC 0 MPC 0 TR 0 PMINT 0 PBURN 0 PSYNC 0 TC 0 LT 0 MG 0 VD 0 VDP 0 VWD 0 VLOCK 0 VUNLOCK 0 VCLOSE 0 VMAX 0 VLOCKUP 0 VDECR 0 V3SWAP 0 V2SWAP 0 NFC 0 NFB 0 NFS 0 NFPEN 0 NFT 0 TF 1
[SQ] 83052856: MC 0 MPC 0 TR 0 PMINT 0 PBURN 0 PSYNC 0 TC 0 LT 0 MG 0 VD 0 VDP 0 VWD 0 VLOCK 0 VUNLOCK 0 VCLOSE 0 VMAX 0 VLOCKUP 0 VDECR 0 V3SWAP 0 V2SWAP 0 NFC 0 NFB 0 NFS 0 NFPEN 0 NFT 0 TF 6
[SQ] 83052857: MC 0 MPC 0 TR 0 PMINT 0 PBURN 0 PSYNC 0 TC 0 LT 0 MG 0 VD 0 VDP 0 VWD 0 VLOCK 0 VUNLOCK 0 VCLOSE 0 VMAX 0 VLOCKUP 0 VDECR 0 V3SWAP 0 V2SWAP 0 NFC 0 NFB 0 NFS 0 NFPEN 0 NFT 0 TF 0
[SQ] 83052858: MC 0 MPC 0 TR 0 PMINT 0 PBURN 0 PSYNC 0 TC 0 LT 0 MG 0 VD 0 VDP 0 VWD 0 VLOCK 0 VUNLOCK 0 VCLOSE 0 VMAX 0 VLOCKUP 0 VDECR 0 V3SWAP 0 V2SWAP 0 NFC 0 NFB 0 NFS 0 NFPEN 0 NFT 0 TF 0
[SQ] 83052859: MC 0 MPC 0 TR 0 PMINT 0 PBURN 0 PSYNC 0 TC 0 LT 0 MG 0 VD 0 VDP 0 VWD 0 VLOCK 0 VUNLOCK 0 VCLOSE 0 VMAX 0 VLOCKUP 0 VDECR 0 V3SWAP 0 V2SWAP 0 NFC 0 NFB 0 NFS 0 NFPEN 0 NFT 0 TF 0
[SQ] 83052860: MC 0 MPC 0 TR 0 PMINT 0 PBURN 0 PSYNC 0 TC 0 LT 0 MG 0 VD 0 VDP 0 VWD 0 VLOCK 0 VUNLOCK 0 VCLOSE 0 VMAX 0 VLOCKUP 0 VDECR 0 V3SWAP 0 V2SWAP 0 NFC 0 NFB 0 NFS 0 NFPEN 0 NFT 0 TF 0
[SQ] 83052861: MC 0 MPC 0 TR 0 PMINT 0 PBURN 0 PSYNC 0 TC 0 LT 0 MG 0 VD 0 VDP 0 VWD 0 VLOCK 0 VUNLOCK 0 VCLOSE 0 VMAX 0 VLOCKUP 0 VDECR 0 V3SWAP 0 V2SWAP 0 NFC 0 NFB 0 NFS 0 NFPEN 0 NFT 0 TF 0
[SQ] 83052862: MC 0 MPC 0 TR 0 PMINT 0 PBURN 0 PSYNC 0 TC 0 LT 0 MG 0 VD 0 VDP 0 VWD 0 VLOCK 0 VUNLOCK 0 VCLOSE 0 VMAX 0 VLOCKUP 0 VDECR 0 V3SWAP 0 V2SWAP 0 NFC 0 NFB 1 NFS 0 NFPEN 0 NFT 0 TF 4
[SQ] 83052863: MC 0 MPC 0 TR 0 PMINT 0 PBURN 0 PSYNC 0 TC 0 LT 0 MG 0 VD 0 VDP 0 VWD 0 VLOCK 0 VUNLOCK 0 VCLOSE 0 VMAX 0 VLOCKUP 0 VDECR 0 V3SWAP 0 V2SWAP 0 NFC 0 NFB 0 NFS 0 NFPEN 0 NFT 0 TF 0
[SQ] 83052864: MC 0 MPC 0 TR 0 PMINT 0 PBURN 0 PSYNC 0 TC 0 LT 0 MG 0 VD 0 VDP 0 VWD 0 VLOCK 0 VUNLOCK 0 VCLOSE 0 VMAX 0 VLOCKUP 0 VDECR 0 V3SWAP 0 V2SWAP 0 NFC 0 NFB 0 NFS 0 NFPEN 0 NFT 0 TF 0
[SQ] 83052865: MC 0 MPC 0 TR 0 PMINT 0 PBURN 0 PSYNC 0 TC 0 LT 0 MG 0 VD 0 VDP 0 VWD 0 VLOCK 0 VUNLOCK 0 VCLOSE 0 VMAX 0 VLOCKUP 0 VDECR 0 V3SWAP 0 V2SWAP 0 NFC 0 NFB 0 NFS 0 NFPEN 0 NFT 0 TF 0
[SQ] 83052866: MC 0 MPC 0 TR 0 PMINT 0 PBURN 0 PSYNC 0 TC 0 LT 0 MG 0 VD 0 VDP 0 VWD 0 VLOCK 0 VUNLOCK 0 VCLOSE 0 VMAX 0 VLOCKUP 0 VDECR 0 V3SWAP 1 V2SWAP 0 NFC 0 NFB 0 NFS 0 NFPEN 0 NFT 0 TF 3
[SQ] 83052867: MC 0 MPC 0 TR 0 PMINT 0 PBURN 0 PSYNC 0 TC 0 LT 0 MG 0 VD 0 VDP 0 VWD 0 VLOCK 0 VUNLOCK 0 VCLOSE 0 VMAX 0 VLOCKUP 0 VDECR 0 V3SWAP 0 V2SWAP 0 NFC 0 NFB 0 NFS 0 NFPEN 0 NFT 0 TF 0
[SQ] 83052868: MC 0 MPC 0 TR 0 PMINT 0 PBURN 0 PSYNC 0 TC 0 LT 0 MG 0 VD 0 VDP 0 VWD 0 VLOCK 0 VUNLOCK 0 VCLOSE 0 VMAX 0 VLOCKUP 0 VDECR 0 V3SWAP 0 V2SWAP 0 NFC 0 NFB 0 NFS 0 NFPEN 0 NFT 0 TF 0
[SQ] 83052869: MC 0 MPC 0 TR 0 PMINT 0 PBURN 0 PSYNC 0 TC 0 LT 0 MG 0 VD 0 VDP 0 VWD 0 VLOCK 0 VUNLOCK 0 VCLOSE 0 VMAX 0 VLOCKUP 0 VDECR 0 V3SWAP 0 V2SWAP 0 NFC 0 NFB 0 NFS 0 NFPEN 0 NFT 0 TF 0
[SQ] 83052870: MC 0 MPC 0 TR 0 PMINT 0 PBURN 0 PSYNC 0 TC 0 LT 0 MG 0 VD 0 VDP 0 VWD 0 VLOCK 0 VUNLOCK 0 VCLOSE 0 VMAX 0 VLOCKUP 0 VDECR 0 V3SWAP 0 V2SWAP 0 NFC 0 NFB 0 NFS 0 NFPEN 0 NFT 0 TF 2
[SQ] 83052871: MC 0 MPC 0 TR 0 PMINT 0 PBURN 0 PSYNC 0 TC 0 LT 0 MG 0 VD 0 VDP 0 VWD 0 VLOCK 0 VUNLOCK 0 VCLOSE 0 VMAX 0 VLOCKUP 0 VDECR 0 V3SWAP 0 V2SWAP 0 NFC 0 NFB 0 NFS 0 NFPEN 0 NFT 0 TF 0
[SQ] 83052872: MC 0 MPC 0 TR 0 PMINT 0 PBURN 0 PSYNC 0 TC 0 LT 0 MG 0 VD 0 VDP 0 VWD 0 VLOCK 0 VUNLOCK 0 VCLOSE 0 VMAX 0 VLOCKUP 0 VDECR 0 V3SWAP 0 V2SWAP 0 NFC 0 NFB 0 NFS 0 NFPEN 0 NFT 0 TF 12
[SQ] 83052873: MC 0 MPC 0 TR 0 PMINT 0 PBURN 0 PSYNC 0 TC 0 LT 0 MG 0 VD 0 VDP 0 VWD 0 VLOCK 0 VUNLOCK 0 VCLOSE 0 VMAX 0 VLOCKUP 0 VDECR 0 V3SWAP 0 V2SWAP 0 NFC 0 NFB 0 NFS 0 NFPEN 0 NFT 0 TF 0
[SQ] 83052874: MC 0 MPC 0 TR 0 PMINT 0 PBURN 0 PSYNC 0 TC 0 LT 0 MG 0 VD 0 VDP 0 VWD 0 VLOCK 0 VUNLOCK 0 VCLOSE 0 VMAX 0 VLOCKUP 0 VDECR 0 V3SWAP 0 V2SWAP 0 NFC 0 NFB 0 NFS 0 NFPEN 0 NFT 0 TF 0
[SQ] 83052875: MC 0 MPC 0 TR 0 PMINT 0 PBURN 0 PSYNC 0 TC 0 LT 0 MG 0 VD 0 VDP 0 VWD 0 VLOCK 0 VUNLOCK 0 VCLOSE 0 VMAX 0 VLOCKUP 0 VDECR 0 V3SWAP 0 V2SWAP 0 NFC 0 NFB 0 NFS 0 NFPEN 0 NFT 0 TF 0
[SQ] 83052876: MC 0 MPC 0 TR 0 PMINT 0 PBURN 0 PSYNC 0 TC 0 LT 0 MG 0 VD 0 VDP 0 VWD 0 VLOCK 0 VUNLOCK 0 VCLOSE 0 VMAX 0 VLOCKUP 0 VDECR 0 V3SWAP 0 V2SWAP 0 NFC 0 NFB 0 NFS 0 NFPEN 0 NFT 0 TF 0
[SQ] 83052877: MC 0 MPC 0 TR 0 PMINT 0 PBURN 0 PSYNC 0 TC 0 LT 0 MG 0 VD 0 VDP 0 VWD 0 VLOCK 0 VUNLOCK 0 VCLOSE 0 VMAX 0 VLOCKUP 0 VDECR 0 V3SWAP 0 V2SWAP 0 NFC 0 NFB 0 NFS 0 NFPEN 0 NFT 0 TF 0
[SQ] 83052878: MC 0 MPC 0 TR 0 PMINT 0 PBURN 0 PSYNC 0 TC 0 LT 0 MG 0 VD 0 VDP 0 VWD 0 VLOCK 0 VUNLOCK 0 VCLOSE 0 VMAX 0 VLOCKUP 0 VDECR 0 V3SWAP 0 V2SWAP 0 NFC 0 NFB 0 NFS 0 NFPEN 0 NFT 0 TF 0
[SQ] 83052879: MC 0 MPC 0 TR 0 PMINT 0 PBURN 0 PSYNC 0 TC 0 LT 0 MG 0 VD 0 VDP 0 VWD 0 VLOCK 0 VUNLOCK 0 VCLOSE 0 VMAX 0 VLOCKUP 0 VDECR 0 V3SWAP 0 V2SWAP 0 NFC 0 NFB 0 NFS 0 NFPEN 0 NFT 0 TF 0
[SQ] 83052880: MC 0 MPC 0 TR 0 PMINT 0 PBURN 0 PSYNC 0 TC 0 LT 0 MG 0 VD 0 VDP 0 VWD 0 VLOCK 0 VUNLOCK 0 VCLOSE 0 VMAX 0 VLOCKUP 0 VDECR 0 V3SWAP 1 V2SWAP 0 NFC 0 NFB 0 NFS 0 NFPEN 0 NFT 0 TF 3
[SQ] 83052881: MC 0 MPC 0 TR 0 PMINT 0 PBURN 0 PSYNC 0 TC 0 LT 0 MG 0 VD 0 VDP 0 VWD 0 VLOCK 0 VUNLOCK 0 VCLOSE 0 VMAX 0 VLOCKUP 0 VDECR 0 V3SWAP 0 V2SWAP 0 NFC 0 NFB 0 NFS 0 NFPEN 0 NFT 0 TF 0
[SQ] 83052882: MC 0 MPC 0 TR 0 PMINT 0 PBURN 0 PSYNC 0 TC 0 LT 0 MG 0 VD 0 VDP 0 VWD 0 VLOCK 0 VUNLOCK 0 VCLOSE 0 VMAX 0 VLOCKUP 0 VDECR 0 V3SWAP 0 V2SWAP 0 NFC 0 NFB 0 NFS 0 NFPEN 0 NFT 0 TF 0
[SQ] 83052883: MC 0 MPC 0 TR 0 PMINT 0 PBURN 0 PSYNC 0 TC 0 LT 0 MG 0 VD 0 VDP 0 VWD 0 VLOCK 0 VUNLOCK 0 VCLOSE 0 VMAX 0 VLOCKUP 0 VDECR 0 V3SWAP 0 V2SWAP 0 NFC 0 NFB 0 NFS 0 NFPEN 0 NFT 0 TF 2
[SQ] 83052884: MC 0 MPC 0 TR 0 PMINT 0 PBURN 0 PSYNC 0 TC 0 LT 0 MG 0 VD 0 VDP 0 VWD 0 VLOCK 0 VUNLOCK 0 VCLOSE 0 VMAX 0 VLOCKUP 0 VDECR 0 V3SWAP 0 V2SWAP 0 NFC 0 NFB 0 NFS 0 NFPEN 0 NFT 0 TF 0
[SQ] 83052885: MC 0 MPC 0 TR 0 PMINT 0 PBURN 0 PSYNC 0 TC 0 LT 0 MG 0 VD 0 VDP 0 VWD 0 VLOCK 0 VUNLOCK 0 VCLOSE 0 VMAX 0 VLOCKUP 0 VDECR 0 V3SWAP 0 V2SWAP 0 NFC 0 NFB 0 NFS 0 NFPEN 0 NFT 0 TF 2
[SQ] 83052886: MC 0 MPC 0 TR 0 PMINT 0 PBURN 0 PSYNC 0 TC 0 LT 0 MG 0 VD 0 VDP 0 VWD 0 VLOCK 0 VUNLOCK 0 VCLOSE 0 VMAX 0 VLOCKUP 0 VDECR 0 V3SWAP 0 V2SWAP 0 NFC 0 NFB 0 NFS 0 NFPEN 0 NFT 0 TF 2
[SQ] 83052887: MC 0 MPC 0 TR 0 PMINT 0 PBURN 0 PSYNC 0 TC 0 LT 0 MG 0 VD 0 VDP 0 VWD 0 VLOCK 0 VUNLOCK 0 VCLOSE 0 VMAX 0 VLOCKUP 0 VDECR 0 V3SWAP 0 V2SWAP 0 NFC 0 NFB 0 NFS 0 NFPEN 0 NFT 0 TF 0
[SQ] 83052888: MC 0 MPC 0 TR 0 PMINT 0 PBURN 0 PSYNC 0 TC 0 LT 0 MG 0 VD 0 VDP 0 VWD 0 VLOCK 0 VUNLOCK 0 VCLOSE 0 VMAX 0 VLOCKUP 0 VDECR 0 V3SWAP 0 V2SWAP 0 NFC 0 NFB 0 NFS 0 NFPEN 0 NFT 0 TF 0
[SQ] 83052889: MC 0 MPC 0 TR 0 PMINT 0 PBURN 0 PSYNC 0 TC 0 LT 0 MG 0 VD 0 VDP 0 VWD 0 VLOCK 0 VUNLOCK 0 VCLOSE 0 VMAX 0 VLOCKUP 0 VDECR 0 V3SWAP 0 V2SWAP 0 NFC 0 NFB 0 NFS 0 NFPEN 0 NFT 0 TF 0
[SQ] 83052890: MC 0 MPC 0 TR 0 PMINT 0 PBURN 0 PSYNC 0 TC 0 LT 0 MG 0 VD 0 VDP 0 VWD 0 VLOCK 0 VUNLOCK 0 VCLOSE 0 VMAX 0 VLOCKUP 0 VDECR 0 V3SWAP 0 V2SWAP 0 NFC 0 NFB 0 NFS 0 NFPEN 0 NFT 0 TF 0
[SQ] 83052891: MC 0 MPC 0 TR 0 PMINT 0 PBURN 0 PSYNC 0 TC 0 LT 0 MG 0 VD 0 VDP 0 VWD 0 VLOCK 0 VUNLOCK 0 VCLOSE 0 VMAX 0 VLOCKUP 0 VDECR 0 V3SWAP 0 V2SWAP 0 NFC 0 NFB 0 NFS 0 NFPEN 0 NFT 0 TF 0
[SQ] 83052892: MC 0 MPC 0 TR 0 PMINT 0 PBURN 0 PSYNC 0 TC 0 LT 0 MG 0 VD 0 VDP 0 VWD 0 VLOCK 0 VUNLOCK 0 VCLOSE 0 VMAX 0 VLOCKUP 0 VDECR 0 V3SWAP 0 V2SWAP 0 NFC 0 NFB 0 NFS 0 NFPEN 0 NFT 0 TF 0
[SQ] 83052893: MC 0 MPC 0 TR 0 PMINT 0 PBURN 0 PSYNC 0 TC 0 LT 0 MG 0 VD 0 VDP 0 VWD 0 VLOCK 0 VUNLOCK 0 VCLOSE 0 VMAX 0 VLOCKUP 0 VDECR 0 V3SWAP 0 V2SWAP 0 NFC 0 NFB 0 NFS 0 NFPEN 0 NFT 0 TF 2
[SQ] 83052894: MC 0 MPC 0 TR 0 PMINT 0 PBURN 0 PSYNC 0 TC 0 LT 0 MG 0 VD 0 VDP 0 VWD 0 VLOCK 0 VUNLOCK 0 VCLOSE 0 VMAX 0 VLOCKUP 0 VDECR 0 V3SWAP 0 V2SWAP 0 NFC 0 NFB 0 NFS 0 NFPEN 0 NFT 0 TF 2
[SQ] 83052895: MC 0 MPC 0 TR 0 PMINT 0 PBURN 0 PSYNC 0 TC 0 LT 0 MG 0 VD 0 VDP 0 VWD 0 VLOCK 0 VUNLOCK 0 VCLOSE 0 VMAX 0 VLOCKUP 0 VDECR 0 V3SWAP 0 V2SWAP 0 NFC 0 NFB 0 NFS 0 NFPEN 0 NFT 0 TF 0
[SQ] 83052896: MC 0 MPC 0 TR 0 PMINT 0 PBURN 0 PSYNC 0 TC 0 LT 0 MG 0 VD 0 VDP 0 VWD 0 VLOCK 0 VUNLOCK 0 VCLOSE 0 VMAX 0 VLOCKUP 0 VDECR 0 V3SWAP 0 V2SWAP 0 NFC 0 NFB 0 NFS 0 NFPEN 0 NFT 0 TF 0
[SQ] 83052897: MC 0 MPC 0 TR 0 PMINT 0 PBURN 0 PSYNC 0 TC 0 LT 0 MG 0 VD 0 VDP 0 VWD 0 VLOCK 0 VUNLOCK 0 VCLOSE 0 VMAX 0 VLOCKUP 0 VDECR 0 V3SWAP 0 V2SWAP 0 NFC 0 NFB 0 NFS 0 NFPEN 0 NFT 0 TF 10
[SQ] 83052898: MC 0 MPC 0 TR 0 PMINT 0 PBURN 0 PSYNC 0 TC 0 LT 0 MG 0 VD 0 VDP 0 VWD 0 VLOCK 0 VUNLOCK 0 VCLOSE 0 VMAX 0 VLOCKUP 0 VDECR 0 V3SWAP 0 V2SWAP 0 NFC 0 NFB 0 NFS 0 NFPEN 0 NFT 0 TF 11
[SQ] 83052899: MC 0 MPC 0 TR 0 PMINT 0 PBURN 0 PSYNC 0 TC 0 LT 0 MG 0 VD 0 VDP 0 VWD 0 VLOCK 0 VUNLOCK 0 VCLOSE 0 VMAX 0 VLOCKUP 0 VDECR 0 V3SWAP 0 V2SWAP 0 NFC 0 NFB 0 NFS 0 NFPEN 0 NFT 0 TF 0
[SQ] 83052900: MC 0 MPC 0 TR 0 PMINT 0 PBURN 0 PSYNC 0 TC 0 LT 0 MG 0 VD 0 VDP 0 VWD 0 VLOCK 0 VUNLOCK 0 VCLOSE 0 VMAX 0 VLOCKUP 0 VDECR 0 V3SWAP 0 V2SWAP 0 NFC 0 NFB 0 NFS 0 NFPEN 0 NFT 0 TF 0
[SQ] 83052901: MC 0 MPC 0 TR 0 PMINT 0 PBURN 0 PSYNC 0 TC 0 LT 0 MG 0 VD 0 VDP 0 VWD 0 VLOCK 0 VUNLOCK 0 VCLOSE 0 VMAX 0 VLOCKUP 0 VDECR 0 V3SWAP 0 V2SWAP 0 NFC 0 NFB 0 NFS 0 NFPEN 0 NFT 0 TF 0
[SQ] 83052902: MC 0 MPC 0 TR 0 PMINT 0 PBURN 0 PSYNC 0 TC 0 LT 0 MG 0 VD 0 VDP 0 VWD 0 VLOCK 0 VUNLOCK 0 VCLOSE 0 VMAX 0 VLOCKUP 0 VDECR 0 V3SWAP 1 V2SWAP 0 NFC 0 NFB 0 NFS 0 NFPEN 0 NFT 0 TF 5
[SQ] 83052903: MC 0 MPC 0 TR 0 PMINT 0 PBURN 0 PSYNC 0 TC 0 LT 0 MG 0 VD 0 VDP 0 VWD 0 VLOCK 0 VUNLOCK 0 VCLOSE 0 VMAX 0 VLOCKUP 0 VDECR 0 V3SWAP 0 V2SWAP 0 NFC 0 NFB 0 NFS 0 NFPEN 0 NFT 0 TF 0
[SQ] 83052904: MC 0 MPC 0 TR 0 PMINT 0 PBURN 0 PSYNC 0 TC 0 LT 0 MG 0 VD 0 VDP 0 VWD 0 VLOCK 0 VUNLOCK 0 VCLOSE 0 VMAX 0 VLOCKUP 0 VDECR 0 V3SWAP 0 V2SWAP 0 NFC 0 NFB 0 NFS 0 NFPEN 0 NFT 0 TF 10
[SQ] 83052905: MC 0 MPC 0 TR 0 PMINT 0 PBURN 0 PSYNC 0 TC 0 LT 0 MG 0 VD 0 VDP 0 VWD 0 VLOCK 0 VUNLOCK 0 VCLOSE 0 VMAX 0 VLOCKUP 0 VDECR 0 V3SWAP 0 V2SWAP 0 NFC 0 NFB 0 NFS 0 NFPEN 0 NFT 0 TF 0
[SQ] 83052906: MC 0 MPC 0 TR 0 PMINT 0 PBURN 0 PSYNC 0 TC 0 LT 0 MG 0 VD 0 VDP 0 VWD 0 VLOCK 0 VUNLOCK 0 VCLOSE 0 VMAX 0 VLOCKUP 0 VDECR 0 V3SWAP 0 V2SWAP 0 NFC 0 NFB 0 NFS 0 NFPEN 0 NFT 0 TF 0
[SQ] 83052907: MC 0 MPC 0 TR 0 PMINT 0 PBURN 0 PSYNC 0 TC 0 LT 0 MG 0 VD 0 VDP 0 VWD 0 VLOCK 0 VUNLOCK 0 VCLOSE 0 VMAX 0 VLOCKUP 0 VDECR 0 V3SWAP 0 V2SWAP 0 NFC 0 NFB 0 NFS 0 NFPEN 0 NFT 0 TF 2
[SQ] 83052908: MC 0 MPC 0 TR 0 PMINT 0 PBURN 0 PSYNC 0 TC 0 LT 0 MG 0 VD 0 VDP 0 VWD 0 VLOCK 0 VUNLOCK 0 VCLOSE 0 VMAX 0 VLOCKUP 0 VDECR 0 V3SWAP 0 V2SWAP 0 NFC 0 NFB 0 NFS 0 NFPEN 0 NFT 0 TF 0
[SQ] 83052909: MC 0 MPC 0 TR 0 PMINT 0 PBURN 0 PSYNC 0 TC 0 LT 0 MG 0 VD 0 VDP 0 VWD 0 VLOCK 0 VUNLOCK 0 VCLOSE 0 VMAX 0 VLOCKUP 0 VDECR 0 V3SWAP 0 V2SWAP 0 NFC 0 NFB 0 NFS 0 NFPEN 0 NFT 0 TF 0
[SQ] 83052910: MC 0 MPC 0 TR 0 PMINT 0 PBURN 0 PSYNC 0 TC 0 LT 0 MG 0 VD 0 VDP 0 VWD 0 VLOCK 0 VUNLOCK 0 VCLOSE 0 VMAX 0 VLOCKUP 0 VDECR 0 V3SWAP 0 V2SWAP 0 NFC 0 NFB 0 NFS 0 NFPEN 0 NFT 0 TF 0
[SQ] 83052911: MC 0 MPC 0 TR 0 PMINT 0 PBURN 0 PSYNC 0 TC 0 LT 0 MG 0 VD 0 VDP 0 VWD 0 VLOCK 0 VUNLOCK 0 VCLOSE 0 VMAX 0 VLOCKUP 0 VDECR 0 V3SWAP 0 V2SWAP 0 NFC 0 NFB 0 NFS 0 NFPEN 0 NFT 0 TF 0
[SQ] 83052912: MC 0 MPC 0 TR 0 PMINT 0 PBURN 0 PSYNC 0 TC 0 LT 0 MG 0 VD 0 VDP 0 VWD 0 VLOCK 0 VUNLOCK 0 VCLOSE 0 VMAX 0 VLOCKUP 0 VDECR 0 V3SWAP 1 V2SWAP 0 NFC 0 NFB 0 NFS 0 NFPEN 0 NFT 0 TF 5
[SQ] 83052913: MC 0 MPC 0 TR 0 PMINT 0 PBURN 0 PSYNC 0 TC 0 LT 0 MG 0 VD 0 VDP 0 VWD 0 VLOCK 0 VUNLOCK 0 VCLOSE 0 VMAX 0 VLOCKUP 0 VDECR 0 V3SWAP 0 V2SWAP 0 NFC 0 NFB 0 NFS 0 NFPEN 0 NFT 0 TF 2
[SQ] 83052914: MC 0 MPC 0 TR 0 PMINT 0 PBURN 0 PSYNC 0 TC 0 LT 0 MG 0 VD 0 VDP 0 VWD 0 VLOCK 0 VUNLOCK 0 VCLOSE 0 VMAX 0 VLOCKUP 0 VDECR 0 V3SWAP 0 V2SWAP 0 NFC 0 NFB 0 NFS 0 NFPEN 0 NFT 0 TF 0
[SQ] 83052915: MC 0 MPC 0 TR 0 PMINT 0 PBURN 0 PSYNC 0 TC 0 LT 0 MG 0 VD 0 VDP 0 VWD 0 VLOCK 0 VUNLOCK 0 VCLOSE 0 VMAX 0 VLOCKUP 0 VDECR 0 V3SWAP 1 V2SWAP 0 NFC 0 NFB 0 NFS 0 NFPEN 0 NFT 0 TF 3
[SQ] 83052916: MC 0 MPC 0 TR 0 PMINT 0 PBURN 0 PSYNC 0 TC 0 LT 0 MG 0 VD 0 VDP 0 VWD 0 VLOCK 0 VUNLOCK 0 VCLOSE 0 VMAX 0 VLOCKUP 0 VDECR 0 V3SWAP 0 V2SWAP 0 NFC 0 NFB 0 NFS 0 NFPEN 0 NFT 0 TF 0
[SQ] 83052917: MC 0 MPC 0 TR 0 PMINT 0 PBURN 0 PSYNC 0 TC 0 LT 0 MG 0 VD 0 VDP 0 VWD 0 VLOCK 0 VUNLOCK 0 VCLOSE 0 VMAX 0 VLOCKUP 0 VDECR 0 V3SWAP 0 V2SWAP 0 NFC 0 NFB 0 NFS 0 NFPEN 0 NFT 0 TF 0
[SQ] 83052918: MC 0 MPC 0 TR 0 PMINT 0 PBURN 0 PSYNC 0 TC 0 LT 0 MG 0 VD 0 VDP 0 VWD 0 VLOCK 0 VUNLOCK 0 VCLOSE 0 VMAX 0 VLOCKUP 0 VDECR 0 V3SWAP 0 V2SWAP 0 NFC 0 NFB 0 NFS 0 NFPEN 0 NFT 0 TF 0
[SQ] 83052919: MC 0 MPC 0 TR 0 PMINT 0 PBURN 0 PSYNC 0 TC 0 LT 0 MG 0 VD 0 VDP 0 VWD 0 VLOCK 0 VUNLOCK 0 VCLOSE 0 VMAX 0 VLOCKUP 0 VDECR 0 V3SWAP 0 V2SWAP 0 NFC 0 NFB 0 NFS 0 NFPEN 0 NFT 0 TF 0
[SQ] 83052920: MC 0 MPC 0 TR 0 PMINT 0 PBURN 0 PSYNC 0 TC 0 LT 0 MG 0 VD 0 VDP 0 VWD 0 VLOCK 0 VUNLOCK 0 VCLOSE 0 VMAX 0 VLOCKUP 0 VDECR 0 V3SWAP 0 V2SWAP 0 NFC 0 NFB 0 NFS 0 NFPEN 0 NFT 0 TF 0
[SQ] 83052921: MC 0 MPC 0 TR 0 PMINT 0 PBURN 0 PSYNC 0 TC 0 LT 0 MG 0 VD 0 VDP 0 VWD 0 VLOCK 0 VUNLOCK 0 VCLOSE 0 VMAX 0 VLOCKUP 0 VDECR 0 V3SWAP 0 V2SWAP 0 NFC 0 NFB 0 NFS 0 NFPEN 0 NFT 0 TF 0
[SQ] 83052922: MC 0 MPC 0 TR 0 PMINT 0 PBURN 0 PSYNC 0 TC 0 LT 0 MG 0 VD 0 VDP 0 VWD 0 VLOCK 0 VUNLOCK 0 VCLOSE 0 VMAX 0 VLOCKUP 0 VDECR 0 V3SWAP 0 V2SWAP 0 NFC 0 NFB 0 NFS 0 NFPEN 0 NFT 0 TF 0
[SQ] 83052923: MC 0 MPC 0 TR 0 PMINT 0 PBURN 0 PSYNC 0 TC 0 LT 0 MG 0 VD 0 VDP 0 VWD 0 VLOCK 0 VUNLOCK 0 VCLOSE 0 VMAX 0 VLOCKUP 0 VDECR 0 V3SWAP 0 V2SWAP 0 NFC 0 NFB 0 NFS 0 NFPEN 0 NFT 0 TF 0
[SQ] 83052924: MC 0 MPC 0 TR 0 PMINT 0 PBURN 0 PSYNC 0 TC 0 LT 0 MG 0 VD 0 VDP 0 VWD 0 VLOCK 0 VUNLOCK 0 VCLOSE 0 VMAX 0 VLOCKUP 0 VDECR 0 V3SWAP 0 V2SWAP 0 NFC 0 NFB 0 NFS 0 NFPEN 0 NFT 0 TF 0
[SQ] 83052925: MC 0 MPC 0 TR 0 PMINT 0 PBURN 0 PSYNC 0 TC 0 LT 0 MG 0 VD 0 VDP 0 VWD 0 VLOCK 0 VUNLOCK 0 VCLOSE 0 VMAX 0 VLOCKUP 0 VDECR 0 V3SWAP 0 V2SWAP 0 NFC 0 NFB 0 NFS 0 NFPEN 0 NFT 0 TF 0
[SQ] 83052926: MC 0 MPC 0 TR 0 PMINT 0 PBURN 0 PSYNC 0 TC 0 LT 0 MG 0 VD 0 VDP 0 VWD 0 VLOCK 0 VUNLOCK 0 VCLOSE 0 VMAX 0 VLOCKUP 0 VDECR 0 V3SWAP 0 V2SWAP 0 NFC 0 NFB 0 NFS 0 NFPEN 0 NFT 0 TF 0
[SQ] 83052927: MC 0 MPC 0 TR 0 PMINT 0 PBURN 0 PSYNC 0 TC 0 LT 0 MG 0 VD 0 VDP 0 VWD 0 VLOCK 0 VUNLOCK 0 VCLOSE 0 VMAX 0 VLOCKUP 0 VDECR 0 V3SWAP 0 V2SWAP 0 NFC 0 NFB 0 NFS 0 NFPEN 0 NFT 0 TF 0
[SQ] 83052928: MC 0 MPC 0 TR 0 PMINT 0 PBURN 0 PSYNC 0 TC 0 LT 0 MG 0 VD 0 VDP 0 VWD 0 VLOCK 0 VUNLOCK 0 VCLOSE 0 VMAX 0 VLOCKUP 0 VDECR 0 V3SWAP 0 V2SWAP 0 NFC 0 NFB 0 NFS 0 NFPEN 0 NFT 0 TF 0
[SQ] 83052929: MC 0 MPC 0 TR 0 PMINT 0 PBURN 0 PSYNC 0 TC 0 LT 0 MG 0 VD 0 VDP 0 VWD 0 VLOCK 0 VUNLOCK 0 VCLOSE 0 VMAX 0 VLOCKUP 0 VDECR 0 V3SWAP 0 V2SWAP 0 NFC 0 NFB 0 NFS 0 NFPEN 0 NFT 0 TF 0
[SQ] 83052930: MC 0 MPC 0 TR 0 PMINT 0 PBURN 0 PSYNC 0 TC 0 LT 0 MG 0 VD 0 VDP 0 VWD 0 VLOCK 0 VUNLOCK 0 VCLOSE 0 VMAX 0 VLOCKUP 0 VDECR 0 V3SWAP 0 V2SWAP 0 NFC 0 NFB 0 NFS 0 NFPEN 0 NFT 0 TF 0
[SQ] 83052931: MC 0 MPC 0 TR 0 PMINT 0 PBURN 0 PSYNC 0 TC 0 LT 0 MG 0 VD 0 VDP 0 VWD 0 VLOCK 0 VUNLOCK 0 VCLOSE 0 VMAX 0 VLOCKUP 0 VDECR 0 V3SWAP 0 V2SWAP 0 NFC 0 NFB 0 NFS 0 NFPEN 0 NFT 0 TF 0
[SQ] 83052932: MC 0 MPC 0 TR 0 PMINT 0 PBURN 0 PSYNC 0 TC 0 LT 0 MG 0 VD 0 VDP 0 VWD 0 VLOCK 0 VUNLOCK 0 VCLOSE 0 VMAX 0 VLOCKUP 0 VDECR 0 V3SWAP 1 V2SWAP 0 NFC 0 NFB 0 NFS 0 NFPEN 0 NFT 0 TF 2
[SQ] 83052933: MC 0 MPC 0 TR 0 PMINT 0 PBURN 0 PSYNC 0 TC 0 LT 0 MG 0 VD 0 VDP 0 VWD 0 VLOCK 0 VUNLOCK 0 VCLOSE 0 VMAX 0 VLOCKUP 0 VDECR 0 V3SWAP 0 V2SWAP 0 NFC 0 NFB 0 NFS 0 NFPEN 0 NFT 0 TF 0
[SQ] 83052934: MC 0 MPC 0 TR 0 PMINT 0 PBURN 0 PSYNC 0 TC 0 LT 0 MG 0 VD 0 VDP 0 VWD 0 VLOCK 0 VUNLOCK 0 VCLOSE 0 VMAX 0 VLOCKUP 0 VDECR 0 V3SWAP 0 V2SWAP 0 NFC 0 NFB 0 NFS 0 NFPEN 0 NFT 0 TF 6
[SQ] 83052935: MC 0 MPC 0 TR 0 PMINT 0 PBURN 0 PSYNC 0 TC 0 LT 0 MG 0 VD 0 VDP 0 VWD 0 VLOCK 0 VUNLOCK 0 VCLOSE 0 VMAX 0 VLOCKUP 0 VDECR 0 V3SWAP 0 V2SWAP 0 NFC 0 NFB 0 NFS 0 NFPEN 0 NFT 0 TF 0
[SQ] 83052936: MC 0 MPC 0 TR 0 PMINT 0 PBURN 0 PSYNC 0 TC 0 LT 0 MG 0 VD 0 VDP 0 VWD 0 VLOCK 0 VUNLOCK 0 VCLOSE 0 VMAX 0 VLOCKUP 0 VDECR 0 V3SWAP 0 V2SWAP 0 NFC 0 NFB 0 NFS 0 NFPEN 0 NFT 0 TF 6
[SQ] 83052937: MC 0 MPC 0 TR 0 PMINT 0 PBURN 0 PSYNC 0 TC 0 LT 0 MG 0 VD 0 VDP 0 VWD 0 VLOCK 0 VUNLOCK 0 VCLOSE 0 VMAX 0 VLOCKUP 0 VDECR 0 V3SWAP 1 V2SWAP 0 NFC 0 NFB 0 NFS 0 NFPEN 0 NFT 0 TF 3
[SQ] 83052938: MC 0 MPC 0 TR 0 PMINT 0 PBURN 0 PSYNC 0 TC 0 LT 0 MG 0 VD 0 VDP 0 VWD 0 VLOCK 0 VUNLOCK 0 VCLOSE 0 VMAX 0 VLOCKUP 0 VDECR 0 V3SWAP 0 V2SWAP 0 NFC 0 NFB 0 NFS 0 NFPEN 0 NFT 0 TF 0
[SQ] 83052939: MC 0 MPC 0 TR 0 PMINT 0 PBURN 0 PSYNC 0 TC 0 LT 0 MG 0 VD 0 VDP 0 VWD 0 VLOCK 0 VUNLOCK 0 VCLOSE 0 VMAX 0 VLOCKUP 0 VDECR 0 V3SWAP 0 V2SWAP 0 NFC 0 NFB 0 NFS 0 NFPEN 0 NFT 0 TF 0
[SQ] 83052940: MC 0 MPC 0 TR 0 PMINT 0 PBURN 0 PSYNC 0 TC 0 LT 0 MG 0 VD 0 VDP 0 VWD 0 VLOCK 0 VUNLOCK 0 VCLOSE 0 VMAX 0 VLOCKUP 0 VDECR 0 V3SWAP 0 V2SWAP 0 NFC 0 NFB 0 NFS 0 NFPEN 0 NFT 0 TF 0
[SQ] 83052941: MC 0 MPC 0 TR 0 PMINT 0 PBURN 0 PSYNC 0 TC 0 LT 0 MG 0 VD 0 VDP 0 VWD 0 VLOCK 0 VUNLOCK 0 VCLOSE 0 VMAX 0 VLOCKUP 0 VDECR 0 V3SWAP 0 V2SWAP 0 NFC 0 NFB 0 NFS 0 NFPEN 0 NFT 0 TF 0
[SQ] 83052942: MC 0 MPC 0 TR 0 PMINT 0 PBURN 0 PSYNC 0 TC 0 LT 0 MG 0 VD 0 VDP 0 VWD 0 VLOCK 0 VUNLOCK 0 VCLOSE 0 VMAX 0 VLOCKUP 0 VDECR 0 V3SWAP 0 V2SWAP 0 NFC 0 NFB 0 NFS 0 NFPEN 0 NFT 0 TF 0
[SQ] 83052943: MC 0 MPC 0 TR 0 PMINT 0 PBURN 0 PSYNC 0 TC 0 LT 0 MG 0 VD 0 VDP 0 VWD 0 VLOCK 0 VUNLOCK 0 VCLOSE 0 VMAX 0 VLOCKUP 0 VDECR 0 V3SWAP 0 V2SWAP 0 NFC 0 NFB 0 NFS 0 NFPEN 0 NFT 0 TF 0
[SQ] 83052944: MC 0 MPC 0 TR 0 PMINT 0 PBURN 0 PSYNC 0 TC 0 LT 0 MG 0 VD 0 VDP 0 VWD 0 VLOCK 0 VUNLOCK 0 VCLOSE 0 VMAX 0 VLOCKUP 0 VDECR 0 V3SWAP 0 V2SWAP 0 NFC 0 NFB 0 NFS 0 NFPEN 0 NFT 0 TF 0
[SQ] 83052945: MC 0 MPC 0 TR 0 PMINT 0 PBURN 0 PSYNC 0 TC 0 LT 0 MG 0 VD 0 VDP 0 VWD 0 VLOCK 0 VUNLOCK 0 VCLOSE 0 VMAX 0 VLOCKUP 0 VDECR 0 V3SWAP 0 V2SWAP 0 NFC 0 NFB 0 NFS 0 NFPEN 0 NFT 0 TF 2
[SQ] 83052946: MC 0 MPC 0 TR 0 PMINT 0 PBURN 0 PSYNC 0 TC 0 LT 0 MG 0 VD 0 VDP 0 VWD 0 VLOCK 0 VUNLOCK 0 VCLOSE 0 VMAX 0 VLOCKUP 0 VDECR 0 V3SWAP 0 V2SWAP 0 NFC 0 NFB 0 NFS 0 NFPEN 0 NFT 0 TF 0
[SQ] 83052947: MC 0 MPC 0 TR 0 PMINT 0 PBURN 0 PSYNC 0 TC 0 LT 0 MG 0 VD 0 VDP 0 VWD 0 VLOCK 0 VUNLOCK 0 VCLOSE 0 VMAX 0 VLOCKUP 0 VDECR 0 V3SWAP 0 V2SWAP 0 NFC 0 NFB 0 NFS 0 NFPEN 0 NFT 0 TF 10
[SQ] 83052948: MC 0 MPC 0 TR 0 PMINT 0 PBURN 0 PSYNC 0 TC 0 LT 0 MG 0 VD 0 VDP 0 VWD 0 VLOCK 0 VUNLOCK 0 VCLOSE 0 VMAX 0 VLOCKUP 0 VDECR 0 V3SWAP 0 V2SWAP 0 NFC 0 NFB 0 NFS 0 NFPEN 0 NFT 0 TF 0
[SQ] 83052949: MC 0 MPC 0 TR 0 PMINT 0 PBURN 0 PSYNC 0 TC 0 LT 0 MG 0 VD 0 VDP 0 VWD 0 VLOCK 0 VUNLOCK 0 VCLOSE 0 VMAX 0 VLOCKUP 0 VDECR 0 V3SWAP 0 V2SWAP 0 NFC 0 NFB 0 NFS 0 NFPEN 0 NFT 0 TF 1
[SQ] 83052950: MC 0 MPC 0 TR 0 PMINT 0 PBURN 0 PSYNC 0 TC 0 LT 0 MG 0 VD 0 VDP 0 VWD 0 VLOCK 0 VUNLOCK 0 VCLOSE 0 VMAX 0 VLOCKUP 0 VDECR 0 V3SWAP 0 V2SWAP 0 NFC 0 NFB 0 NFS 0 NFPEN 0 NFT 0 TF 0
[SQ] 83052951: MC 0 MPC 0 TR 0 PMINT 0 PBURN 0 PSYNC 0 TC 0 LT 0 MG 0 VD 0 VDP 0 VWD 0 VLOCK 0 VUNLOCK 0 VCLOSE 0 VMAX 0 VLOCKUP 0 VDECR 0 V3SWAP 1 V2SWAP 0 NFC 0 NFB 0 NFS 0 NFPEN 0 NFT 0 TF 3
[SQ] 83052952: MC 0 MPC 0 TR 0 PMINT 0 PBURN 0 PSYNC 0 TC 0 LT 0 MG 0 VD 0 VDP 0 VWD 0 VLOCK 0 VUNLOCK 0 VCLOSE 0 VMAX 0 VLOCKUP 0 VDECR 0 V3SWAP 0 V2SWAP 0 NFC 0 NFB 0 NFS 0 NFPEN 0 NFT 0 TF 0
[SQ] 83052953: MC 0 MPC 0 TR 0 PMINT 0 PBURN 0 PSYNC 0 TC 0 LT 0 MG 0 VD 0 VDP 0 VWD 0 VLOCK 0 VUNLOCK 0 VCLOSE 0 VMAX 0 VLOCKUP 0 VDECR 0 V3SWAP 0 V2SWAP 0 NFC 0 NFB 0 NFS 0 NFPEN 0 NFT 0 TF 0
[SQ] 83052954: MC 0 MPC 0 TR 0 PMINT 0 PBURN 0 PSYNC 0 TC 0 LT 0 MG 0 VD 0 VDP 0 VWD 0 VLOCK 0 VUNLOCK 0 VCLOSE 0 VMAX 0 VLOCKUP 0 VDECR 0 V3SWAP 0 V2SWAP 0 NFC 0 NFB 0 NFS 0 NFPEN 0 NFT 0 TF 0
[SQ] 83052955: MC 0 MPC 0 TR 0 PMINT 0 PBURN 0 PSYNC 0 TC 0 LT 0 MG 0 VD 0 VDP 0 VWD 0 VLOCK 0 VUNLOCK 0 VCLOSE 0 VMAX 0 VLOCKUP 0 VDECR 0 V3SWAP 0 V2SWAP 0 NFC 0 NFB 0 NFS 0 NFPEN 0 NFT 0 TF 0
[SQ] 83052956: MC 0 MPC 0 TR 0 PMINT 0 PBURN 0 PSYNC 0 TC 0 LT 0 MG 0 VD 0 VDP 0 VWD 0 VLOCK 0 VUNLOCK 0 VCLOSE 0 VMAX 0 VLOCKUP 0 VDECR 0 V3SWAP 0 V2SWAP 0 NFC 0 NFB 0 NFS 0 NFPEN 0 NFT 0 TF 1
[SQ] 83052957: MC 0 MPC 0 TR 0 PMINT 0 PBURN 0 PSYNC 0 TC 0 LT 0 MG 0 VD 0 VDP 0 VWD 0 VLOCK 0 VUNLOCK 0 VCLOSE 0 VMAX 0 VLOCKUP 0 VDECR 0 V3SWAP 0 V2SWAP 0 NFC 0 NFB 0 NFS 0 NFPEN 0 NFT 0 TF 0
[SQ] 83052958: MC 0 MPC 0 TR 0 PMINT 0 PBURN 0 PSYNC 0 TC 0 LT 0 MG 0 VD 0 VDP 0 VWD 0 VLOCK 0 VUNLOCK 0 VCLOSE 0 VMAX 0 VLOCKUP 0 VDECR 0 V3SWAP 0 V2SWAP 0 NFC 0 NFB 0 NFS 0 NFPEN 0 NFT 0 TF 0
[SQ] 83052959: MC 0 MPC 0 TR 0 PMINT 0 PBURN 0 PSYNC 0 TC 0 LT 0 MG 0 VD 0 VDP 0 VWD 0 VLOCK 0 VUNLOCK 0 VCLOSE 0 VMAX 0 VLOCKUP 0 VDECR 0 V3SWAP 0 V2SWAP 0 NFC 0 NFB 0 NFS 0 NFPEN 0 NFT 0 TF 2
[SQ] 83052960: MC 0 MPC 0 TR 0 PMINT 0 PBURN 0 PSYNC 0 TC 0 LT 0 MG 0 VD 0 VDP 0 VWD 0 VLOCK 0 VUNLOCK 0 VCLOSE 0 VMAX 0 VLOCKUP 0 VDECR 0 V3SWAP 0 V2SWAP 0 NFC 0 NFB 0 NFS 0 NFPEN 0 NFT 0 TF 0
[SQ] 83052961: MC 0 MPC 0 TR 0 PMINT 0 PBURN 0 PSYNC 0 TC 0 LT 0 MG 0 VD 0 VDP 0 VWD 0 VLOCK 0 VUNLOCK 0 VCLOSE 0 VMAX 0 VLOCKUP 0 VDECR 0 V3SWAP 0 V2SWAP 0 NFC 0 NFB 0 NFS 0 NFPEN 0 NFT 0 TF 0
[SQ] 83052962: MC 0 MPC 0 TR 0 PMINT 0 PBURN 0 PSYNC 0 TC 0 LT 0 MG 0 VD 0 VDP 0 VWD 0 VLOCK 0 VUNLOCK 0 VCLOSE 0 VMAX 0 VLOCKUP 0 VDECR 0 V3SWAP 0 V2SWAP 0 NFC 0 NFB 0 NFS 0 NFPEN 0 NFT 0 TF 0
[SQ] 83052963: MC 0 MPC 0 TR 0 PMINT 0 PBURN 0 PSYNC 0 TC 0 LT 0 MG 0 VD 0 VDP 0 VWD 0 VLOCK 0 VUNLOCK 0 VCLOSE 0 VMAX 0 VLOCKUP 0 VDECR 0 V3SWAP 0 V2SWAP 0 NFC 0 NFB 0 NFS 0 NFPEN 0 NFT 0 TF 0
[SQ] 83052964: MC 0 MPC 0 TR 0 PMINT 0 PBURN 0 PSYNC 0 TC 0 LT 0 MG 0 VD 0 VDP 0 VWD 0 VLOCK 0 VUNLOCK 0 VCLOSE 0 VMAX 0 VLOCKUP 0 VDECR 0 V3SWAP 0 V2SWAP 0 NFC 0 NFB 0 NFS 0 NFPEN 0 NFT 0 TF 0
[SQ] 83052965: MC 0 MPC 0 TR 0 PMINT 0 PBURN 0 PSYNC 0 TC 0 LT 0 MG 0 VD 0 VDP 0 VWD 0 VLOCK 0 VUNLOCK 0 VCLOSE 0 VMAX 0 VLOCKUP 0 VDECR 0 V3SWAP 0 V2SWAP 0 NFC 0 NFB 0 NFS 0 NFPEN 0 NFT 0 TF 0
[SQ] 83052966: MC 0 MPC 0 TR 0 PMINT 0 PBURN 0 PSYNC 0 TC 0 LT 0 MG 0 VD 0 VDP 0 VWD 0 VLOCK 0 VUNLOCK 0 VCLOSE 0 VMAX 0 VLOCKUP 0 VDECR 0 V3SWAP 0 V2SWAP 0 NFC 0 NFB 0 NFS 0 NFPEN 0 NFT 0 TF 2
[SQ] 83052967: MC 0 MPC 0 TR 0 PMINT 0 PBURN 0 PSYNC 0 TC 0 LT 0 MG 0 VD 0 VDP 0 VWD 0 VLOCK 0 VUNLOCK 0 VCLOSE 0 VMAX 0 VLOCKUP 0 VDECR 0 V3SWAP 0 V2SWAP 0 NFC 0 NFB 0 NFS 0 NFPEN 0 NFT 0 TF 0
[SQ] 83052968: MC 0 MPC 0 TR 0 PMINT 0 PBURN 0 PSYNC 0 TC 0 LT 0 MG 0 VD 0 VDP 0 VWD 0 VLOCK 0 VUNLOCK 0 VCLOSE 0 VMAX 0 VLOCKUP 0 VDECR 0 V3SWAP 0 V2SWAP 0 NFC 0 NFB 0 NFS 0 NFPEN 0 NFT 0 TF 0
[SQ] 83052969: MC 0 MPC 0 TR 0 PMINT 0 PBURN 0 PSYNC 0 TC 0 LT 0 MG 0 VD 0 VDP 0 VWD 0 VLOCK 0 VUNLOCK 0 VCLOSE 0 VMAX 0 VLOCKUP 0 VDECR 0 V3SWAP 0 V2SWAP 0 NFC 0 NFB 0 NFS 0 NFPEN 0 NFT 0 TF 0
[SQ] 83052970: MC 0 MPC 0 TR 0 PMINT 0 PBURN 0 PSYNC 0 TC 0 LT 0 MG 0 VD 0 VDP 0 VWD 0 VLOCK 0 VUNLOCK 0 VCLOSE 0 VMAX 0 VLOCKUP 0 VDECR 0 V3SWAP 0 V2SWAP 0 NFC 0 NFB 0 NFS 0 NFPEN 0 NFT 0 TF 9
[SQ] 83052971: MC 0 MPC 0 TR 0 PMINT 0 PBURN 0 PSYNC 0 TC 0 LT 0 MG 0 VD 0 VDP 0 VWD 0 VLOCK 0 VUNLOCK 0 VCLOSE 0 VMAX 0 VLOCKUP 0 VDECR 0 V3SWAP 0 V2SWAP 0 NFC 0 NFB 0 NFS 0 NFPEN 0 NFT 0 TF 0
[SQ] 83052972: MC 0 MPC 0 TR 0 PMINT 0 PBURN 0 PSYNC 0 TC 0 LT 0 MG 0 VD 0 VDP 0 VWD 0 VLOCK 0 VUNLOCK 0 VCLOSE 0 VMAX 0 VLOCKUP 0 VDECR 0 V3SWAP 0 V2SWAP 0 NFC 0 NFB 0 NFS 0 NFPEN 0 NFT 0 TF 0
[SQ] 83052973: MC 0 MPC 0 TR 0 PMINT 0 PBURN 0 PSYNC 0 TC 0 LT 0 MG 0 VD 0 VDP 0 VWD 0 VLOCK 0 VUNLOCK 0 VCLOSE 0 VMAX 0 VLOCKUP 0 VDECR 0 V3SWAP 1 V2SWAP 0 NFC 0 NFB 0 NFS 0 NFPEN 0 NFT 0 TF 3
[SQ] 83052974: MC 0 MPC 0 TR 0 PMINT 0 PBURN 0 PSYNC 0 TC 0 LT 0 MG 0 VD 0 VDP 0 VWD 0 VLOCK 0 VUNLOCK 0 VCLOSE 0 VMAX 0 VLOCKUP 0 VDECR 0 V3SWAP 0 V2SWAP 0 NFC 0 NFB 0 NFS 0 NFPEN 0 NFT 0 TF 0
[SQ] 83052975: MC 0 MPC 0 TR 0 PMINT 0 PBURN 0 PSYNC 0 TC 0 LT 0 MG 0 VD 0 VDP 0 VWD 0 VLOCK 0 VUNLOCK 0 VCLOSE 0 VMAX 0 VLOCKUP 0 VDECR 0 V3SWAP 0 V2SWAP 0 NFC 0 NFB 0 NFS 0 NFPEN 0 NFT 0 TF 0
[SQ] 83052976: MC 0 MPC 0 TR 0 PMINT 0 PBURN 0 PSYNC 0 TC 0 LT 0 MG 0 VD 0 VDP 0 VWD 0 VLOCK 0 VUNLOCK 0 VCLOSE 0 VMAX 0 VLOCKUP 0 VDECR 0 V3SWAP 0 V2SWAP 0 NFC 0 NFB 0 NFS 0 NFPEN 0 NFT 0 TF 0
[SQ] 83052977: MC 0 MPC 0 TR 0 PMINT 0 PBURN 0 PSYNC 0 TC 0 LT 0 MG 0 VD 0 VDP 0 VWD 0 VLOCK 0 VUNLOCK 0 VCLOSE 0 VMAX 0 VLOCKUP 0 VDECR 0 V3SWAP 0 V2SWAP 0 NFC 0 NFB 0 NFS 0 NFPEN 0 NFT 0 TF 4
[SQ] 83052978: MC 0 MPC 0 TR 0 PMINT 0 PBURN 0 PSYNC 0 TC 0 LT 0 MG 0 VD 0 VDP 0 VWD 0 VLOCK 0 VUNLOCK 0 VCLOSE 0 VMAX 0 VLOCKUP 0 VDECR 0 V3SWAP 0 V2SWAP 0 NFC 0 NFB 0 NFS 0 NFPEN 0 NFT 0 TF 0
[SQ] 83052979: MC 0 MPC 0 TR 0 PMINT 0 PBURN 0 PSYNC 0 TC 0 LT 0 MG 0 VD 0 VDP 0 VWD 0 VLOCK 0 VUNLOCK 0 VCLOSE 0 VMAX 0 VLOCKUP 0 VDECR 0 V3SWAP 0 V2SWAP 0 NFC 0 NFB 0 NFS 0 NFPEN 0 NFT 0 TF 2
[SQ] 83052980: MC 0 MPC 0 TR 0 PMINT 0 PBURN 0 PSYNC 0 TC 0 LT 0 MG 0 VD 0 VDP 0 VWD 0 VLOCK 0 VUNLOCK 0 VCLOSE 0 VMAX 0 VLOCKUP 0 VDECR 0 V3SWAP 0 V2SWAP 0 NFC 0 NFB 0 NFS 0 NFPEN 0 NFT 0 TF 2
[SQ] 83052981: MC 0 MPC 0 TR 0 PMINT 0 PBURN 0 PSYNC 0 TC 0 LT 0 MG 0 VD 0 VDP 0 VWD 0 VLOCK 0 VUNLOCK 0 VCLOSE 0 VMAX 0 VLOCKUP 0 VDECR 0 V3SWAP 0 V2SWAP 0 NFC 0 NFB 0 NFS 0 NFPEN 0 NFT 0 TF 0
[SQ] 83052982: MC 0 MPC 0 TR 0 PMINT 0 PBURN 0 PSYNC 0 TC 0 LT 0 MG 0 VD 0 VDP 0 VWD 0 VLOCK 0 VUNLOCK 0 VCLOSE 0 VMAX 0 VLOCKUP 0 VDECR 0 V3SWAP 0 V2SWAP 0 NFC 0 NFB 0 NFS 0 NFPEN 0 NFT 0 TF 0
[SQ] 83052983: MC 0 MPC 0 TR 0 PMINT 0 PBURN 0 PSYNC 0 TC 0 LT 0 MG 0 VD 0 VDP 0 VWD 0 VLOCK 0 VUNLOCK 0 VCLOSE 0 VMAX 0 VLOCKUP 0 VDECR 0 V3SWAP 0 V2SWAP 0 NFC 0 NFB 0 NFS 0 NFPEN 0 NFT 0 TF 0
[SQ] 83052984: MC 0 MPC 0 TR 0 PMINT 0 PBURN 0 PSYNC 0 TC 0 LT 0 MG 0 VD 0 VDP 0 VWD 0 VLOCK 0 VUNLOCK 0 VCLOSE 0 VMAX 0 VLOCKUP 0 VDECR 0 V3SWAP 0 V2SWAP 0 NFC 0 NFB 0 NFS 0 NFPEN 0 NFT 0 TF 0
[SQ] 83052985: MC 0 MPC 0 TR 0 PMINT 0 PBURN 0 PSYNC 0 TC 0 LT 0 MG 0 VD 0 VDP 0 VWD 0 VLOCK 0 VUNLOCK 0 VCLOSE 0 VMAX 0 VLOCKUP 0 VDECR 0 V3SWAP 0 V2SWAP 0 NFC 0 NFB 0 NFS 0 NFPEN 0 NFT 0 TF 0
[SQ] 83052986: MC 0 MPC 0 TR 0 PMINT 0 PBURN 0 PSYNC 0 TC 0 LT 0 MG 0 VD 0 VDP 0 VWD 0 VLOCK 0 VUNLOCK 0 VCLOSE 0 VMAX 0 VLOCKUP 0 VDECR 0 V3SWAP 0 V2SWAP 0 NFC 0 NFB 0 NFS 0 NFPEN 0 NFT 0 TF 0
[SQ] 83052987: MC 0 MPC 0 TR 0 PMINT 0 PBURN 0 PSYNC 0 TC 0 LT 0 MG 0 VD 0 VDP 0 VWD 0 VLOCK 0 VUNLOCK 0 VCLOSE 0 VMAX 0 VLOCKUP 0 VDECR 0 V3SWAP 1 V2SWAP 0 NFC 0 NFB 0 NFS 0 NFPEN 0 NFT 0 TF 5
[SQ] 83052988: MC 0 MPC 0 TR 0 PMINT 0 PBURN 0 PSYNC 0 TC 0 LT 0 MG 0 VD 0 VDP 0 VWD 0 VLOCK 0 VUNLOCK 0 VCLOSE 0 VMAX 0 VLOCKUP 0 VDECR 0 V3SWAP 0 V2SWAP 0 NFC 0 NFB 1 NFS 0 NFPEN 0 NFT 0 TF 4
[SQ] 83052989: MC 0 MPC 0 TR 0 PMINT 0 PBURN 0 PSYNC 0 TC 0 LT 0 MG 0 VD 0 VDP 0 VWD 0 VLOCK 0 VUNLOCK 0 VCLOSE 0 VMAX 0 VLOCKUP 0 VDECR 0 V3SWAP 0 V2SWAP 0 NFC 0 NFB 0 NFS 0 NFPEN 0 NFT 0 TF 0
[SQ] 83052990: MC 0 MPC 0 TR 0 PMINT 0 PBURN 0 PSYNC 0 TC 0 LT 0 MG 0 VD 0 VDP 0 VWD 0 VLOCK 0 VUNLOCK 0 VCLOSE 0 VMAX 0 VLOCKUP 0 VDECR 0 V3SWAP 0 V2SWAP 0 NFC 0 NFB 0 NFS 0 NFPEN 0 NFT 0 TF 2
[SQ] 83052991: MC 0 MPC 0 TR 0 PMINT 0 PBURN 0 PSYNC 0 TC 0 LT 0 MG 0 VD 0 VDP 0 VWD 0 VLOCK 0 VUNLOCK 0 VCLOSE 0 VMAX 0 VLOCKUP 0 VDECR 0 V3SWAP 0 V2SWAP 0 NFC 0 NFB 0 NFS 0 NFPEN 0 NFT 0 TF 0
[SQ] 83052992: MC 0 MPC 0 TR 0 PMINT 0 PBURN 0 PSYNC 0 TC 0 LT 0 MG 0 VD 0 VDP 0 VWD 0 VLOCK 0 VUNLOCK 0 VCLOSE 0 VMAX 0 VLOCKUP 0 VDECR 0 V3SWAP 0 V2SWAP 0 NFC 0 NFB 0 NFS 0 NFPEN 0 NFT 0 TF 2
[SQ] 83052993: MC 0 MPC 0 TR 0 PMINT 0 PBURN 0 PSYNC 0 TC 0 LT 0 MG 0 VD 0 VDP 0 VWD 0 VLOCK 0 VUNLOCK 0 VCLOSE 0 VMAX 0 VLOCKUP 0 VDECR 0 V3SWAP 0 V2SWAP 0 NFC 0 NFB 0 NFS 0 NFPEN 0 NFT 0 TF 0
[SQ] 83052994: MC 0 MPC 0 TR 0 PMINT 0 PBURN 0 PSYNC 0 TC 0 LT 0 MG 0 VD 0 VDP 0 VWD 0 VLOCK 0 VUNLOCK 0 VCLOSE 0 VMAX 0 VLOCKUP 0 VDECR 0 V3SWAP 0 V2SWAP 0 NFC 0 NFB 0 NFS 0 NFPEN 0 NFT 0 TF 0
[SQ] 83052995: MC 0 MPC 0 TR 0 PMINT 0 PBURN 0 PSYNC 0 TC 0 LT 0 MG 0 VD 0 VDP 0 VWD 0 VLOCK 0 VUNLOCK 0 VCLOSE 0 VMAX 0 VLOCKUP 0 VDECR 0 V3SWAP 0 V2SWAP 0 NFC 0 NFB 0 NFS 0 NFPEN 0 NFT 0 TF 0
[SQ] 83052996: MC 0 MPC 0 TR 0 PMINT 0 PBURN 0 PSYNC 0 TC 0 LT 0 MG 0 VD 0 VDP 0 VWD 0 VLOCK 0 VUNLOCK 0 VCLOSE 0 VMAX 0 VLOCKUP 0 VDECR 0 V3SWAP 0 V2SWAP 0 NFC 0 NFB 0 NFS 0 NFPEN 0 NFT 0 TF 0
[SQ] 83052997: MC 0 MPC 0 TR 0 PMINT 0 PBURN 0 PSYNC 0 TC 0 LT 0 MG 0 VD 0 VDP 0 VWD 0 VLOCK 0 VUNLOCK 0 VCLOSE 0 VMAX 0 VLOCKUP 0 VDECR 0 V3SWAP 0 V2SWAP 0 NFC 0 NFB 0 NFS 0 NFPEN 0 NFT 0 TF 5
[SQ] 83052998: MC 0 MPC 0 TR 0 PMINT 0 PBURN 0 PSYNC 0 TC 0 LT 0 MG 0 VD 0 VDP 0 VWD 0 VLOCK 0 VUNLOCK 0 VCLOSE 0 VMAX 0 VLOCKUP 0 VDECR 0 V3SWAP 0 V2SWAP 0 NFC 0 NFB 0 NFS 0 NFPEN 0 NFT 0 TF 0
[SQ] 83052999: MC 0 MPC 0 TR 0 PMINT 0 PBURN 0 PSYNC 0 TC 0 LT 0 MG 0 VD 0 VDP 0 VWD 0 VLOCK 0 VUNLOCK 0 VCLOSE 0 VMAX 0 VLOCKUP 0 VDECR 0 V3SWAP 0 V2SWAP 0 NFC 0 NFB 0 NFS 0 NFPEN 0 NFT 0 TF 0
[SQ] 83053000: MC 0 MPC 0 TR 0 PMINT 0 PBURN 0 PSYNC 0 TC 0 LT 0 MG 0 VD 0 VDP 0 VWD 0 VLOCK 0 VUNLOCK 0 VCLOSE 0 VMAX 0 VLOCKUP 0 VDECR 0 V3SWAP 0 V2SWAP 0 NFC 0 NFB 0 NFS 0 NFPEN 0 NFT 0 TF 0
[SQ] 83053001: MC 0 MPC 0 TR 0 PMINT 0 PBURN 0 PSYNC 0 TC 0 LT 0 MG 0 VD 0 VDP 0 VWD 0 VLOCK 0 VUNLOCK 0 VCLOSE 0 VMAX 0 VLOCKUP 0 VDECR 0 V3SWAP 0 V2SWAP 0 NFC 0 NFB 0 NFS 0 NFPEN 0 NFT 0 TF 0
[SQ] 83053002: MC 0 MPC 0 TR 0 PMINT 0 PBURN 0 PSYNC 0 TC 0 LT 0 MG 0 VD 0 VDP 0 VWD 0 VLOCK 0 VUNLOCK 0 VCLOSE 0 VMAX 0 VLOCKUP 0 VDECR 0 V3SWAP 0 V2SWAP 0 NFC 0 NFB 0 NFS 0 NFPEN 0 NFT 0 TF 0
[SQ] 83053003: MC 0 MPC 0 TR 0 PMINT 0 PBURN 0 PSYNC 0 TC 0 LT 0 MG 0 VD 0 VDP 0 VWD 0 VLOCK 0 VUNLOCK 0 VCLOSE 0 VMAX 0 VLOCKUP 0 VDECR 0 V3SWAP 0 V2SWAP 0 NFC 0 NFB 0 NFS 0 NFPEN 0 NFT 0 TF 3
[SQ] 83053004: MC 0 MPC 0 TR 0 PMINT 0 PBURN 0 PSYNC 0 TC 0 LT 0 MG 0 VD 0 VDP 0 VWD 0 VLOCK 0 VUNLOCK 0 VCLOSE 0 VMAX 0 VLOCKUP 0 VDECR 0 V3SWAP 0 V2SWAP 0 NFC 0 NFB 0 NFS 0 NFPEN 0 NFT 0 TF 0
[SQ] 83053005: MC 0 MPC 0 TR 0 PMINT 0 PBURN 0 PSYNC 0 TC 0 LT 0 MG 0 VD 0 VDP 0 VWD 0 VLOCK 0 VUNLOCK 0 VCLOSE 0 VMAX 0 VLOCKUP 0 VDECR 0 V3SWAP 0 V2SWAP 0 NFC 0 NFB 0 NFS 0 NFPEN 0 NFT 0 TF 6
[SQ] 83053006: MC 0 MPC 0 TR 0 PMINT 0 PBURN 0 PSYNC 0 TC 0 LT 0 MG 0 VD 0 VDP 0 VWD 0 VLOCK 0 VUNLOCK 0 VCLOSE 0 VMAX 0 VLOCKUP 0 VDECR 0 V3SWAP 0 V2SWAP 0 NFC 0 NFB 0 NFS 0 NFPEN 0 NFT 0 TF 0
[SQ] 83053007: MC 0 MPC 0 TR 0 PMINT 0 PBURN 0 PSYNC 0 TC 0 LT 0 MG 0 VD 0 VDP 0 VWD 0 VLOCK 0 VUNLOCK 0 VCLOSE 0 VMAX 0 VLOCKUP 0 VDECR 0 V3SWAP 1 V2SWAP 0 NFC 0 NFB 0 NFS 0 NFPEN 0 NFT 0 TF 3
[SQ] 83053008: MC 0 MPC 0 TR 0 PMINT 0 PBURN 0 PSYNC 0 TC 0 LT 0 MG 0 VD 0 VDP 0 VWD 0 VLOCK 0 VUNLOCK 0 VCLOSE 0 VMAX 0 VLOCKUP 0 VDECR 0 V3SWAP 0 V2SWAP 0 NFC 0 NFB 0 NFS 0 NFPEN 0 NFT 0 TF 0
[SQ] 83053009: MC 0 MPC 0 TR 0 PMINT 0 PBURN 0 PSYNC 0 TC 0 LT 0 MG 0 VD 0 VDP 0 VWD 0 VLOCK 0 VUNLOCK 0 VCLOSE 0 VMAX 0 VLOCKUP 0 VDECR 0 V3SWAP 0 V2SWAP 0 NFC 0 NFB 0 NFS 0 NFPEN 0 NFT 0 TF 6
[SQ] 83053010: MC 0 MPC 0 TR 0 PMINT 0 PBURN 0 PSYNC 0 TC 0 LT 0 MG 0 VD 0 VDP 0 VWD 0 VLOCK 0 VUNLOCK 0 VCLOSE 0 VMAX 0 VLOCKUP 0 VDECR 0 V3SWAP 0 V2SWAP 0 NFC 0 NFB 0 NFS 0 NFPEN 0 NFT 0 TF 2
[SQ] 83053011: MC 0 MPC 0 TR 0 PMINT 0 PBURN 0 PSYNC 0 TC 0 LT 0 MG 0 VD 0 VDP 0 VWD 0 VLOCK 0 VUNLOCK 0 VCLOSE 0 VMAX 0 VLOCKUP 0 VDECR 0 V3SWAP 0 V2SWAP 0 NFC 0 NFB 0 NFS 0 NFPEN 0 NFT 0 TF 0
[SQ] 83053012: MC 0 MPC 0 TR 0 PMINT 0 PBURN 0 PSYNC 0 TC 0 LT 0 MG 0 VD 0 VDP 0 VWD 0 VLOCK 0 VUNLOCK 0 VCLOSE 0 VMAX 0 VLOCKUP 0 VDECR 0 V3SWAP 0 V2SWAP 0 NFC 0 NFB 0 NFS 0 NFPEN 0 NFT 0 TF 0
[SQ] 83053013: MC 0 MPC 0 TR 0 PMINT 0 PBURN 0 PSYNC 0 TC 0 LT 0 MG 0 VD 0 VDP 0 VWD 0 VLOCK 0 VUNLOCK 0 VCLOSE 0 VMAX 0 VLOCKUP 0 VDECR 0 V3SWAP 0 V2SWAP 0 NFC 0 NFB 0 NFS 0 NFPEN 0 NFT 0 TF 0
[SQ] 83053014: MC 0 MPC 0 TR 0 PMINT 0 PBURN 0 PSYNC 0 TC 0 LT 0 MG 0 VD 0 VDP 0 VWD 0 VLOCK 0 VUNLOCK 0 VCLOSE 0 VMAX 0 VLOCKUP 0 VDECR 0 V3SWAP 0 V2SWAP 0 NFC 0 NFB 0 NFS 0 NFPEN 0 NFT 0 TF 2
[SQ] 83053015: MC 0 MPC 0 TR 0 PMINT 0 PBURN 0 PSYNC 0 TC 0 LT 0 MG 0 VD 0 VDP 0 VWD 0 VLOCK 0 VUNLOCK 0 VCLOSE 0 VMAX 0 VLOCKUP 0 VDECR 0 V3SWAP 0 V2SWAP 0 NFC 0 NFB 0 NFS 0 NFPEN 0 NFT 0 TF 0
[SQ] 83053016: MC 0 MPC 0 TR 0 PMINT 0 PBURN 0 PSYNC 0 TC 0 LT 0 MG 0 VD 0 VDP 0 VWD 0 VLOCK 0 VUNLOCK 0 VCLOSE 0 VMAX 0 VLOCKUP 0 VDECR 0 V3SWAP 0 V2SWAP 0 NFC 0 NFB 0 NFS 0 NFPEN 0 NFT 0 TF 0
[SQ] 83053017: MC 0 MPC 0 TR 0 PMINT 0 PBURN 0 PSYNC 0 TC 0 LT 0 MG 0 VD 0 VDP 0 VWD 0 VLOCK 0 VUNLOCK 0 VCLOSE 0 VMAX 0 VLOCKUP 0 VDECR 0 V3SWAP 0 V2SWAP 0 NFC 0 NFB 0 NFS 0 NFPEN 0 NFT 0 TF 0
[SQ] 83053018: MC 0 MPC 0 TR 0 PMINT 0 PBURN 0 PSYNC 0 TC 0 LT 0 MG 0 VD 0 VDP 0 VWD 0 VLOCK 0 VUNLOCK 0 VCLOSE 0 VMAX 0 VLOCKUP 0 VDECR 0 V3SWAP 0 V2SWAP 0 NFC 0 NFB 0 NFS 0 NFPEN 0 NFT 0 TF 0
[SQ] 83053019: MC 0 MPC 0 TR 0 PMINT 0 PBURN 0 PSYNC 0 TC 0 LT 0 MG 0 VD 0 VDP 0 VWD 0 VLOCK 0 VUNLOCK 0 VCLOSE 0 VMAX 0 VLOCKUP 0 VDECR 0 V3SWAP 0 V2SWAP 0 NFC 0 NFB 0 NFS 0 NFPEN 0 NFT 0 TF 0
[SQ] 83053020: MC 0 MPC 0 TR 0 PMINT 0 PBURN 0 PSYNC 0 TC 0 LT 0 MG 0 VD 0 VDP 0 VWD 0 VLOCK 0 VUNLOCK 0 VCLOSE 0 VMAX 0 VLOCKUP 0 VDECR 0 V3SWAP 1 V2SWAP 0 NFC 0 NFB 0 NFS 0 NFPEN 0 NFT 0 TF 3
[SQ] 83053021: MC 0 MPC 0 TR 0 PMINT 0 PBURN 0 PSYNC 0 TC 0 LT 0 MG 0 VD 0 VDP 0 VWD 0 VLOCK 0 VUNLOCK 0 VCLOSE 0 VMAX 0 VLOCKUP 0 VDECR 0 V3SWAP 0 V2SWAP 0 NFC 0 NFB 0 NFS 0 NFPEN 0 NFT 0 TF 0
[SQ] 83053022: MC 0 MPC 0 TR 0 PMINT 0 PBURN 0 PSYNC 0 TC 0 LT 0 MG 0 VD 0 VDP 0 VWD 0 VLOCK 0 VUNLOCK 0 VCLOSE 0 VMAX 0 VLOCKUP 0 VDECR 0 V3SWAP 0 V2SWAP 0 NFC 0 NFB 0 NFS 0 NFPEN 0 NFT 0 TF 0
[SQ] 83053023: MC 0 MPC 0 TR 0 PMINT 0 PBURN 0 PSYNC 0 TC 0 LT 0 MG 0 VD 0 VDP 0 VWD 0 VLOCK 0 VUNLOCK 0 VCLOSE 0 VMAX 0 VLOCKUP 0 VDECR 0 V3SWAP 0 V2SWAP 0 NFC 0 NFB 0 NFS 0 NFPEN 0 NFT 0 TF 0
[SQ] 83053024: MC 0 MPC 0 TR 0 PMINT 0 PBURN 0 PSYNC 0 TC 0 LT 0 MG 0 VD 0 VDP 0 VWD 0 VLOCK 0 VUNLOCK 0 VCLOSE 0 VMAX 0 VLOCKUP 0 VDECR 0 V3SWAP 0 V2SWAP 0 NFC 0 NFB 0 NFS 0 NFPEN 0 NFT 0 TF 0
[SQ] 83053025: MC 0 MPC 0 TR 0 PMINT 0 PBURN 0 PSYNC 0 TC 0 LT 0 MG 0 VD 0 VDP 0 VWD 0 VLOCK 0 VUNLOCK 0 VCLOSE 0 VMAX 0 VLOCKUP 0 VDECR 0 V3SWAP 0 V2SWAP 0 NFC 0 NFB 0 NFS 0 NFPEN 0 NFT 0 TF 0
[SQ] 83053026: MC 0 MPC 0 TR 0 PMINT 0 PBURN 0 PSYNC 0 TC 0 LT 0 MG 0 VD 0 VDP 0 VWD 0 VLOCK 0 VUNLOCK 0 VCLOSE 0 VMAX 0 VLOCKUP 0 VDECR 0 V3SWAP 0 V2SWAP 0 NFC 0 NFB 0 NFS 0 NFPEN 0 NFT 0 TF 0
[SQ] 83053027: MC 0 MPC 0 TR 0 PMINT 0 PBURN 0 PSYNC 0 TC 0 LT 0 MG 0 VD 0 VDP 0 VWD 0 VLOCK 0 VUNLOCK 0 VCLOSE 0 VMAX 0 VLOCKUP 0 VDECR 0 V3SWAP 0 V2SWAP 0 NFC 0 NFB 0 NFS 0 NFPEN 0 NFT 0 TF 0
[SQ] 83053028: MC 0 MPC 0 TR 0 PMINT 0 PBURN 0 PSYNC 0 TC 0 LT 0 MG 0 VD 0 VDP 0 VWD 0 VLOCK 0 VUNLOCK 0 VCLOSE 0 VMAX 0 VLOCKUP 0 VDECR 0 V3SWAP 0 V2SWAP 0 NFC 0 NFB 0 NFS 0 NFPEN 0 NFT 0 TF 2
[SQ] 83053029: MC 0 MPC 0 TR 0 PMINT 0 PBURN 0 PSYNC 0 TC 0 LT 0 MG 0 VD 0 VDP 0 VWD 0 VLOCK 0 VUNLOCK 0 VCLOSE 0 VMAX 0 VLOCKUP 0 VDECR 0 V3SWAP 0 V2SWAP 0 NFC 0 NFB 0 NFS 0 NFPEN 0 NFT 0 TF 0
[SQ] 83053030: MC 0 MPC 0 TR 0 PMINT 0 PBURN 0 PSYNC 0 TC 0 LT 0 MG 0 VD 0 VDP 0 VWD 0 VLOCK 0 VUNLOCK 0 VCLOSE 0 VMAX 0 VLOCKUP 0 VDECR 0 V3SWAP 0 V2SWAP 0 NFC 0 NFB 0 NFS 0 NFPEN 0 NFT 0 TF 0
[SQ] 83053031: MC 0 MPC 0 TR 0 PMINT 0 PBURN 0 PSYNC 0 TC 0 LT 0 MG 0 VD 0 VDP 0 VWD 0 VLOCK 0 VUNLOCK 0 VCLOSE 0 VMAX 0 VLOCKUP 0 VDECR 0 V3SWAP 0 V2SWAP 0 NFC 0 NFB 0 NFS 0 NFPEN 0 NFT 0 TF 0
[SQ] 83053032: MC 0 MPC 0 TR 0 PMINT 0 PBURN 0 PSYNC 0 TC 0 LT 0 MG 0 VD 0 VDP 0 VWD 0 VLOCK 0 VUNLOCK 0 VCLOSE 0 VMAX 0 VLOCKUP 0 VDECR 0 V3SWAP 0 V2SWAP 0 NFC 0 NFB 0 NFS 0 NFPEN 0 NFT 0 TF 2
[SQ] 83053033: MC 0 MPC 0 TR 0 PMINT 0 PBURN 0 PSYNC 0 TC 0 LT 0 MG 0 VD 0 VDP 0 VWD 0 VLOCK 0 VUNLOCK 0 VCLOSE 0 VMAX 0 VLOCKUP 0 VDECR 0 V3SWAP 0 V2SWAP 0 NFC 0 NFB 0 NFS 0 NFPEN 0 NFT 0 TF 0
[SQ] 83053034: MC 0 MPC 0 TR 0 PMINT 0 PBURN 0 PSYNC 0 TC 0 LT 0 MG 0 VD 0 VDP 0 VWD 0 VLOCK 0 VUNLOCK 0 VCLOSE 0 VMAX 0 VLOCKUP 0 VDECR 0 V3SWAP 0 V2SWAP 0 NFC 0 NFB 0 NFS 0 NFPEN 0 NFT 0 TF 2
[SQ] 83053035: MC 0 MPC 0 TR 0 PMINT 0 PBURN 0 PSYNC 0 TC 0 LT 0 MG 0 VD 0 VDP 0 VWD 0 VLOCK 0 VUNLOCK 0 VCLOSE 0 VMAX 0 VLOCKUP 0 VDECR 0 V3SWAP 0 V2SWAP 0 NFC 0 NFB 0 NFS 0 NFPEN 0 NFT 0 TF 0
[SQ] 83053036: MC 0 MPC 0 TR 0 PMINT 0 PBURN 0 PSYNC 0 TC 0 LT 0 MG 0 VD 0 VDP 0 VWD 0 VLOCK 0 VUNLOCK 0 VCLOSE 0 VMAX 0 VLOCKUP 0 VDECR 0 V3SWAP 0 V2SWAP 0 NFC 0 NFB 0 NFS 0 NFPEN 0 NFT 0 TF 2
[SQ] 83053037: MC 0 MPC 0 TR 0 PMINT 0 PBURN 0 PSYNC 0 TC 0 LT 0 MG 0 VD 0 VDP 0 VWD 0 VLOCK 0 VUNLOCK 0 VCLOSE 0 VMAX 0 VLOCKUP 0 VDECR 0 V3SWAP 0 V2SWAP 0 NFC 0 NFB 0 NFS 0 NFPEN 0 NFT 0 TF 0
[SQ] 83053038: MC 0 MPC 0 TR 0 PMINT 0 PBURN 0 PSYNC 0 TC 0 LT 0 MG 0 VD 0 VDP 0 VWD 0 VLOCK 0 VUNLOCK 0 VCLOSE 0 VMAX 0 VLOCKUP 0 VDECR 0 V3SWAP 0 V2SWAP 0 NFC 0 NFB 0 NFS 0 NFPEN 0 NFT 0 TF 0
[SQ] 83053039: MC 0 MPC 0 TR 0 PMINT 0 PBURN 0 PSYNC 0 TC 0 LT 0 MG 0 VD 0 VDP 0 VWD 0 VLOCK 0 VUNLOCK 0 VCLOSE 0 VMAX 0 VLOCKUP 0 VDECR 0 V3SWAP 0 V2SWAP 0 NFC 0 NFB 0 NFS 0 NFPEN 0 NFT 0 TF 0
[SQ] 83053040: MC 0 MPC 0 TR 0 PMINT 0 PBURN 0 PSYNC 0 TC 0 LT 0 MG 0 VD 0 VDP 0 VWD 0 VLOCK 0 VUNLOCK 0 VCLOSE 0 VMAX 0 VLOCKUP 0 VDECR 0 V3SWAP 0 V2SWAP 0 NFC 0 NFB 0 NFS 0 NFPEN 0 NFT 0 TF 0
[SQ] 83053041: MC 0 MPC 0 TR 0 PMINT 0 PBURN 0 PSYNC 0 TC 0 LT 0 MG 0 VD 0 VDP 0 VWD 0 VLOCK 0 VUNLOCK 0 VCLOSE 0 VMAX 0 VLOCKUP 0 VDECR 0 V3SWAP 0 V2SWAP 0 NFC 0 NFB 0 NFS 0 NFPEN 0 NFT 0 TF 2
[SQ] 83053042: MC 0 MPC 0 TR 0 PMINT 0 PBURN 0 PSYNC 0 TC 0 LT 0 MG 0 VD 0 VDP 0 VWD 0 VLOCK 0 VUNLOCK 0 VCLOSE 0 VMAX 0 VLOCKUP 0 VDECR 0 V3SWAP 1 V2SWAP 0 NFC 0 NFB 0 NFS 0 NFPEN 0 NFT 0 TF 3
[SQ] 83053043: MC 0 MPC 0 TR 0 PMINT 0 PBURN 0 PSYNC 0 TC 0 LT 0 MG 0 VD 0 VDP 0 VWD 0 VLOCK 0 VUNLOCK 0 VCLOSE 0 VMAX 0 VLOCKUP 0 VDECR 0 V3SWAP 0 V2SWAP 0 NFC 0 NFB 0 NFS 0 NFPEN 0 NFT 0 TF 0
[SQ] 83053044: MC 0 MPC 0 TR 0 PMINT 0 PBURN 0 PSYNC 0 TC 0 LT 0 MG 0 VD 0 VDP 0 VWD 0 VLOCK 0 VUNLOCK 0 VCLOSE 0 VMAX 0 VLOCKUP 0 VDECR 0 V3SWAP 0 V2SWAP 0 NFC 0 NFB 0 NFS 0 NFPEN 0 NFT 0 TF 0
[SQ] 83053045: MC 0 MPC 0 TR 0 PMINT 0 PBURN 0 PSYNC 0 TC 0 LT 0 MG 0 VD 0 VDP 0 VWD 0 VLOCK 0 VUNLOCK 0 VCLOSE 0 VMAX 0 VLOCKUP 0 VDECR 0 V3SWAP 0 V2SWAP 0 NFC 0 NFB 0 NFS 0 NFPEN 0 NFT 0 TF 0
[SQ] 83053046: MC 0 MPC 0 TR 0 PMINT 0 PBURN 0 PSYNC 0 TC 0 LT 0 MG 0 VD 0 VDP 0 VWD 0 VLOCK 0 VUNLOCK 0 VCLOSE 0 VMAX 0 VLOCKUP 0 VDECR 0 V3SWAP 0 V2SWAP 0 NFC 0 NFB 0 NFS 0 NFPEN 0 NFT 0 TF 0
[SQ] 83053047: MC 0 MPC 0 TR 0 PMINT 0 PBURN 0 PSYNC 0 TC 0 LT 0 MG 0 VD 0 VDP 0 VWD 0 VLOCK 0 VUNLOCK 0 VCLOSE 0 VMAX 0 VLOCKUP 0 VDECR 0 V3SWAP 0 V2SWAP 0 NFC 0 NFB 0 NFS 0 NFPEN 0 NFT 0 TF 2
[SQ] 83053048: MC 0 MPC 0 TR 0 PMINT 0 PBURN 0 PSYNC 0 TC 0 LT 0 MG 0 VD 0 VDP 0 VWD 0 VLOCK 0 VUNLOCK 0 VCLOSE 0 VMAX 0 VLOCKUP 0 VDECR 0 V3SWAP 0 V2SWAP 0 NFC 0 NFB 0 NFS 0 NFPEN 0 NFT 0 TF 0
[SQ] 83053049: MC 0 MPC 0 TR 0 PMINT 0 PBURN 0 PSYNC 0 TC 0 LT 0 MG 0 VD 0 VDP 0 VWD 0 VLOCK 0 VUNLOCK 0 VCLOSE 0 VMAX 0 VLOCKUP 0 VDECR 0 V3SWAP 0 V2SWAP 0 NFC 0 NFB 0 NFS 0 NFPEN 0 NFT 0 TF 0
[SQ] 83053050: MC 0 MPC 0 TR 0 PMINT 0 PBURN 0 PSYNC 0 TC 0 LT 0 MG 0 VD 0 VDP 0 VWD 0 VLOCK 0 VUNLOCK 0 VCLOSE 0 VMAX 0 VLOCKUP 0 VDECR 0 V3SWAP 0 V2SWAP 0 NFC 0 NFB 0 NFS 0 NFPEN 0 NFT 0 TF 1
[SQ] 83053051: MC 0 MPC 0 TR 0 PMINT 0 PBURN 0 PSYNC 0 TC 0 LT 0 MG 0 VD 0 VDP 0 VWD 0 VLOCK 0 VUNLOCK 0 VCLOSE 0 VMAX 0 VLOCKUP 0 VDECR 0 V3SWAP 0 V2SWAP 0 NFC 0 NFB 0 NFS 0 NFPEN 0 NFT 0 TF 2
[SQ] 83053052: MC 0 MPC 0 TR 0 PMINT 0 PBURN 0 PSYNC 0 TC 0 LT 0 MG 0 VD 0 VDP 0 VWD 0 VLOCK 0 VUNLOCK 0 VCLOSE 0 VMAX 0 VLOCKUP 0 VDECR 0 V3SWAP 0 V2SWAP 0 NFC 0 NFB 0 NFS 0 NFPEN 0 NFT 0 TF 0
[SQ] 83053053: MC 0 MPC 0 TR 0 PMINT 0 PBURN 0 PSYNC 0 TC 0 LT 0 MG 0 VD 0 VDP 0 VWD 0 VLOCK 0 VUNLOCK 0 VCLOSE 0 VMAX 0 VLOCKUP 0 VDECR 0 V3SWAP 0 V2SWAP 0 NFC 0 NFB 0 NFS 0 NFPEN 0 NFT 0 TF 0
[SQ] 83053054: MC 0 MPC 0 TR 0 PMINT 0 PBURN 0 PSYNC 0 TC 0 LT 0 MG 0 VD 0 VDP 0 VWD 0 VLOCK 0 VUNLOCK 0 VCLOSE 0 VMAX 0 VLOCKUP 0 VDECR 0 V3SWAP 0 V2SWAP 0 NFC 0 NFB 0 NFS 0 NFPEN 0 NFT 0 TF 11
[SQ] 83053055: MC 0 MPC 0 TR 0 PMINT 0 PBURN 0 PSYNC 0 TC 0 LT 0 MG 0 VD 0 VDP 0 VWD 0 VLOCK 0 VUNLOCK 0 VCLOSE 0 VMAX 0 VLOCKUP 0 VDECR 0 V3SWAP 0 V2SWAP 0 NFC 0 NFB 0 NFS 0 NFPEN 0 NFT 0 TF 4
[SQ] 83053056: MC 0 MPC 0 TR 0 PMINT 0 PBURN 0 PSYNC 0 TC 0 LT 0 MG 0 VD 0 VDP 0 VWD 0 VLOCK 0 VUNLOCK 0 VCLOSE 0 VMAX 0 VLOCKUP 0 VDECR 0 V3SWAP 1 V2SWAP 0 NFC 0 NFB 0 NFS 0 NFPEN 0 NFT 0 TF 6
[SQ] 83053057: MC 0 MPC 0 TR 0 PMINT 0 PBURN 0 PSYNC 0 TC 0 LT 0 MG 0 VD 0 VDP 0 VWD 0 VLOCK 0 VUNLOCK 0 VCLOSE 0 VMAX 0 VLOCKUP 0 VDECR 0 V3SWAP 0 V2SWAP 0 NFC 0 NFB 0 NFS 0 NFPEN 0 NFT 0 TF 8
[SQ] 83053058: MC 0 MPC 0 TR 0 PMINT 0 PBURN 0 PSYNC 0 TC 0 LT 0 MG 0 VD 0 VDP 0 VWD 0 VLOCK 0 VUNLOCK 0 VCLOSE 0 VMAX 0 VLOCKUP 0 VDECR 0 V3SWAP 0 V2SWAP 0 NFC 0 NFB 0 NFS 0 NFPEN 0 NFT 0 TF 0
[SQ] 83053059: MC 0 MPC 0 TR 0 PMINT 0 PBURN 0 PSYNC 0 TC 0 LT 0 MG 0 VD 0 VDP 0 VWD 0 VLOCK 0 VUNLOCK 0 VCLOSE 0 VMAX 0 VLOCKUP 0 VDECR 0 V3SWAP 0 V2SWAP 0 NFC 0 NFB 0 NFS 0 NFPEN 0 NFT 0 TF 0
[SQ] 83053060: MC 0 MPC 0 TR 0 PMINT 0 PBURN 0 PSYNC 0 TC 0 LT 0 MG 0 VD 0 VDP 0 VWD 0 VLOCK 0 VUNLOCK 0 VCLOSE 0 VMAX 0 VLOCKUP 0 VDECR 0 V3SWAP 0 V2SWAP 0 NFC 0 NFB 0 NFS 0 NFPEN 0 NFT 0 TF 0
[SQ] 83053061: MC 0 MPC 0 TR 0 PMINT 0 PBURN 0 PSYNC 0 TC 0 LT 0 MG 0 VD 0 VDP 0 VWD 0 VLOCK 0 VUNLOCK 0 VCLOSE 0 VMAX 0 VLOCKUP 0 VDECR 0 V3SWAP 0 V2SWAP 0 NFC 0 NFB 0 NFS 0 NFPEN 0 NFT 0 TF 0
[SQ] 83053062: MC 0 MPC 0 TR 0 PMINT 0 PBURN 0 PSYNC 0 TC 0 LT 0 MG 0 VD 0 VDP 0 VWD 0 VLOCK 0 VUNLOCK 0 VCLOSE 0 VMAX 0 VLOCKUP 0 VDECR 0 V3SWAP 0 V2SWAP 0 NFC 0 NFB 0 NFS 0 NFPEN 0 NFT 0 TF 2
[SQ] 83053063: MC 0 MPC 0 TR 0 PMINT 0 PBURN 0 PSYNC 0 TC 0 LT 0 MG 0 VD 0 VDP 0 VWD 0 VLOCK 0 VUNLOCK 0 VCLOSE 0 VMAX 0 VLOCKUP 0 VDECR 0 V3SWAP 0 V2SWAP 0 NFC 0 NFB 0 NFS 0 NFPEN 0 NFT 0 TF 0
[SQ] 83053064: MC 0 MPC 0 TR 0 PMINT 0 PBURN 0 PSYNC 0 TC 0 LT 0 MG 0 VD 0 VDP 0 VWD 0 VLOCK 0 VUNLOCK 0 VCLOSE 0 VMAX 0 VLOCKUP 0 VDECR 0 V3SWAP 0 V2SWAP 0 NFC 0 NFB 0 NFS 0 NFPEN 0 NFT 0 TF 0
[SQ] 83053065: MC 0 MPC 0 TR 0 PMINT 0 PBURN 0 PSYNC 0 TC 0 LT 0 MG 0 VD 0 VDP 0 VWD 0 VLOCK 0 VUNLOCK 0 VCLOSE 0 VMAX 0 VLOCKUP 0 VDECR 0 V3SWAP 0 V2SWAP 0 NFC 0 NFB 0 NFS 0 NFPEN 0 NFT 0 TF 0
[SQ] 83053066: MC 0 MPC 0 TR 0 PMINT 0 PBURN 0 PSYNC 0 TC 0 LT 0 MG 0 VD 0 VDP 0 VWD 0 VLOCK 0 VUNLOCK 0 VCLOSE 0 VMAX 0 VLOCKUP 0 VDECR 0 V3SWAP 0 V2SWAP 0 NFC 0 NFB 0 NFS 0 NFPEN 0 NFT 0 TF 0
[SQ] 83053067: MC 0 MPC 0 TR 0 PMINT 0 PBURN 0 PSYNC 0 TC 0 LT 0 MG 0 VD 0 VDP 0 VWD 0 VLOCK 0 VUNLOCK 0 VCLOSE 0 VMAX 0 VLOCKUP 0 VDECR 0 V3SWAP 0 V2SWAP 0 NFC 0 NFB 0 NFS 0 NFPEN 0 NFT 0 TF 0
[SQ] 83053068: MC 0 MPC 0 TR 0 PMINT 0 PBURN 0 PSYNC 0 TC 0 LT 0 MG 0 VD 0 VDP 0 VWD 0 VLOCK 0 VUNLOCK 0 VCLOSE 0 VMAX 0 VLOCKUP 0 VDECR 0 V3SWAP 0 V2SWAP 0 NFC 0 NFB 0 NFS 0 NFPEN 0 NFT 0 TF 0
[SQ] 83053069: MC 0 MPC 0 TR 0 PMINT 0 PBURN 0 PSYNC 0 TC 0 LT 0 MG 0 VD 0 VDP 0 VWD 0 VLOCK 0 VUNLOCK 0 VCLOSE 0 VMAX 0 VLOCKUP 0 VDECR 0 V3SWAP 0 V2SWAP 0 NFC 0 NFB 0 NFS 0 NFPEN 0 NFT 0 TF 0
[SQ] 83053070: MC 0 MPC 0 TR 0 PMINT 0 PBURN 0 PSYNC 0 TC 0 LT 0 MG 0 VD 0 VDP 0 VWD 0 VLOCK 0 VUNLOCK 0 VCLOSE 0 VMAX 0 VLOCKUP 0 VDECR 0 V3SWAP 0 V2SWAP 0 NFC 0 NFB 0 NFS 0 NFPEN 0 NFT 0 TF 0
[SQ] 83053071: MC 0 MPC 0 TR 0 PMINT 0 PBURN 0 PSYNC 0 TC 0 LT 0 MG 0 VD 0 VDP 0 VWD 0 VLOCK 0 VUNLOCK 0 VCLOSE 0 VMAX 0 VLOCKUP 0 VDECR 0 V3SWAP 0 V2SWAP 0 NFC 0 NFB 0 NFS 0 NFPEN 0 NFT 0 TF 0
[SQ] 83053072: MC 0 MPC 0 TR 0 PMINT 0 PBURN 0 PSYNC 0 TC 0 LT 0 MG 0 VD 0 VDP 0 VWD 0 VLOCK 0 VUNLOCK 0 VCLOSE 0 VMAX 0 VLOCKUP 0 VDECR 0 V3SWAP 0 V2SWAP 0 NFC 0 NFB 0 NFS 0 NFPEN 0 NFT 0 TF 0
[SQ] 83053073: MC 0 MPC 0 TR 0 PMINT 0 PBURN 0 PSYNC 0 TC 0 LT 0 MG 0 VD 0 VDP 0 VWD 0 VLOCK 0 VUNLOCK 0 VCLOSE 0 VMAX 0 VLOCKUP 0 VDECR 0 V3SWAP 0 V2SWAP 0 NFC 0 NFB 0 NFS 0 NFPEN 0 NFT 0 TF 0
[SQ] 83053074: MC 0 MPC 0 TR 0 PMINT 0 PBURN 0 PSYNC 0 TC 0 LT 0 MG 0 VD 0 VDP 0 VWD 0 VLOCK 0 VUNLOCK 0 VCLOSE 0 VMAX 0 VLOCKUP 0 VDECR 0 V3SWAP 1 V2SWAP 0 NFC 0 NFB 0 NFS 0 NFPEN 0 NFT 0 TF 3
[SQ] 83053075: MC 0 MPC 0 TR 0 PMINT 0 PBURN 0 PSYNC 0 TC 0 LT 0 MG 0 VD 0 VDP 0 VWD 0 VLOCK 0 VUNLOCK 0 VCLOSE 0 VMAX 0 VLOCKUP 0 VDECR 0 V3SWAP 0 V2SWAP 0 NFC 0 NFB 0 NFS 0 NFPEN 0 NFT 0 TF 0
[SQ] 83053076: MC 0 MPC 0 TR 0 PMINT 0 PBURN 0 PSYNC 0 TC 0 LT 0 MG 0 VD 0 VDP 0 VWD 0 VLOCK 0 VUNLOCK 0 VCLOSE 0 VMAX 0 VLOCKUP 0 VDECR 0 V3SWAP 0 V2SWAP 0 NFC 0 NFB 0 NFS 0 NFPEN 0 NFT 0 TF 0
[SQ] 83053077: MC 0 MPC 0 TR 0 PMINT 0 PBURN 0 PSYNC 0 TC 0 LT 0 MG 0 VD 0 VDP 0 VWD 0 VLOCK 0 VUNLOCK 0 VCLOSE 0 VMAX 0 VLOCKUP 0 VDECR 0 V3SWAP 0 V2SWAP 0 NFC 0 NFB 0 NFS 0 NFPEN 0 NFT 0 TF 0
[SQ] 83053078: MC 0 MPC 0 TR 0 PMINT 0 PBURN 0 PSYNC 0 TC 0 LT 0 MG 0 VD 0 VDP 0 VWD 0 VLOCK 0 VUNLOCK 0 VCLOSE 0 VMAX 0 VLOCKUP 0 VDECR 0 V3SWAP 1 V2SWAP 0 NFC 0 NFB 0 NFS 0 NFPEN 0 NFT 0 TF 3
[SQ] 83053079: MC 0 MPC 0 TR 0 PMINT 0 PBURN 0 PSYNC 0 TC 0 LT 0 MG 0 VD 0 VDP 0 VWD 0 VLOCK 0 VUNLOCK 0 VCLOSE 0 VMAX 0 VLOCKUP 0 VDECR 0 V3SWAP 0 V2SWAP 0 NFC 0 NFB 0 NFS 0 NFPEN 0 NFT 0 TF 0
[SQ] 83053080: MC 0 MPC 0 TR 0 PMINT 0 PBURN 0 PSYNC 0 TC 0 LT 0 MG 0 VD 0 VDP 0 VWD 0 VLOCK 0 VUNLOCK 0 VCLOSE 0 VMAX 0 VLOCKUP 0 VDECR 0 V3SWAP 0 V2SWAP 0 NFC 0 NFB 0 NFS 0 NFPEN 0 NFT 0 TF 0
[SQ] 83053081: MC 0 MPC 0 TR 0 PMINT 0 PBURN 0 PSYNC 0 TC 0 LT 0 MG 0 VD 0 VDP 0 VWD 0 VLOCK 0 VUNLOCK 0 VCLOSE 0 VMAX 0 VLOCKUP 0 VDECR 0 V3SWAP 0 V2SWAP 0 NFC 0 NFB 0 NFS 0 NFPEN 0 NFT 0 TF 0
[SQ] 83053082: MC 0 MPC 0 TR 0 PMINT 0 PBURN 0 PSYNC 0 TC 0 LT 0 MG 0 VD 0 VDP 0 VWD 0 VLOCK 0 VUNLOCK 0 VCLOSE 0 VMAX 0 VLOCKUP 0 VDECR 0 V3SWAP 0 V2SWAP 0 NFC 0 NFB 0 NFS 0 NFPEN 0 NFT 0 TF 0
[SQ] 83053083: MC 0 MPC 0 TR 0 PMINT 0 PBURN 0 PSYNC 0 TC 0 LT 0 MG 0 VD 0 VDP 0 VWD 0 VLOCK 0 VUNLOCK 0 VCLOSE 0 VMAX 0 VLOCKUP 0 VDECR 0 V3SWAP 0 V2SWAP 0 NFC 0 NFB 0 NFS 0 NFPEN 0 NFT 0 TF 0
[SQ] 83053084: MC 0 MPC 0 TR 0 PMINT 0 PBURN 0 PSYNC 0 TC 0 LT 0 MG 0 VD 0 VDP 0 VWD 0 VLOCK 0 VUNLOCK 0 VCLOSE 0 VMAX 0 VLOCKUP 0 VDECR 0 V3SWAP 0 V2SWAP 0 NFC 0 NFB 0 NFS 0 NFPEN 0 NFT 0 TF 0
[SQ] 83053085: MC 0 MPC 0 TR 0 PMINT 0 PBURN 0 PSYNC 0 TC 0 LT 0 MG 0 VD 0 VDP 0 VWD 0 VLOCK 0 VUNLOCK 0 VCLOSE 0 VMAX 0 VLOCKUP 0 VDECR 0 V3SWAP 0 V2SWAP 0 NFC 0 NFB 0 NFS 0 NFPEN 0 NFT 0 TF 8
[SQ] 83053086: MC 0 MPC 0 TR 0 PMINT 0 PBURN 0 PSYNC 0 TC 0 LT 0 MG 0 VD 0 VDP 0 VWD 0 VLOCK 0 VUNLOCK 0 VCLOSE 0 VMAX 0 VLOCKUP 0 VDECR 0 V3SWAP 0 V2SWAP 0 NFC 0 NFB 0 NFS 0 NFPEN 0 NFT 0 TF 0
[SQ] 83053087: MC 0 MPC 0 TR 0 PMINT 0 PBURN 0 PSYNC 0 TC 0 LT 0 MG 0 VD 0 VDP 0 VWD 0 VLOCK 0 VUNLOCK 0 VCLOSE 0 VMAX 0 VLOCKUP 0 VDECR 0 V3SWAP 0 V2SWAP 0 NFC 0 NFB 0 NFS 0 NFPEN 0 NFT 0 TF 6
[SQ] 83053088: MC 0 MPC 0 TR 0 PMINT 0 PBURN 0 PSYNC 0 TC 0 LT 0 MG 0 VD 0 VDP 0 VWD 0 VLOCK 0 VUNLOCK 0 VCLOSE 0 VMAX 0 VLOCKUP 0 VDECR 0 V3SWAP 0 V2SWAP 0 NFC 0 NFB 0 NFS 0 NFPEN 0 NFT 0 TF 0
[SQ] 83053089: MC 0 MPC 0 TR 0 PMINT 0 PBURN 0 PSYNC 0 TC 0 LT 0 MG 0 VD 0 VDP 0 VWD 0 VLOCK 0 VUNLOCK 0 VCLOSE 0 VMAX 0 VLOCKUP 0 VDECR 0 V3SWAP 0 V2SWAP 0 NFC 0 NFB 0 NFS 0 NFPEN 0 NFT 0 TF 0
[SQ] 83053090: MC 0 MPC 0 TR 0 PMINT 0 PBURN 0 PSYNC 0 TC 0 LT 0 MG 0 VD 0 VDP 0 VWD 0 VLOCK 0 VUNLOCK 0 VCLOSE 0 VMAX 0 VLOCKUP 0 VDECR 0 V3SWAP 0 V2SWAP 0 NFC 0 NFB 0 NFS 0 NFPEN 0 NFT 0 TF 0
[SQ] 83053091: MC 0 MPC 0 TR 0 PMINT 0 PBURN 0 PSYNC 0 TC 0 LT 0 MG 0 VD 0 VDP 0 VWD 0 VLOCK 0 VUNLOCK 0 VCLOSE 0 VMAX 0 VLOCKUP 0 VDECR 0 V3SWAP 0 V2SWAP 0 NFC 0 NFB 0 NFS 0 NFPEN 0 NFT 0 TF 0
[SQ] 83053092: MC 0 MPC 0 TR 0 PMINT 0 PBURN 0 PSYNC 0 TC 0 LT 0 MG 0 VD 0 VDP 0 VWD 0 VLOCK 0 VUNLOCK 0 VCLOSE 0 VMAX 0 VLOCKUP 0 VDECR 0 V3SWAP 1 V2SWAP 0 NFC 0 NFB 0 NFS 0 NFPEN 0 NFT 0 TF 3
[SQ] 83053093: MC 0 MPC 0 TR 0 PMINT 0 PBURN 0 PSYNC 0 TC 0 LT 0 MG 0 VD 0 VDP 0 VWD 0 VLOCK 0 VUNLOCK 0 VCLOSE 0 VMAX 0 VLOCKUP 0 VDECR 0 V3SWAP 0 V2SWAP 0 NFC 0 NFB 0 NFS 0 NFPEN 0 NFT 0 TF 0
[SQ] 83053094: MC 0 MPC 0 TR 0 PMINT 0 PBURN 0 PSYNC 0 TC 0 LT 0 MG 0 VD 0 VDP 0 VWD 0 VLOCK 0 VUNLOCK 0 VCLOSE 0 VMAX 0 VLOCKUP 0 VDECR 0 V3SWAP 0 V2SWAP 0 NFC 0 NFB 0 NFS 0 NFPEN 0 NFT 0 TF 0
[SQ] 83053095: MC 0 MPC 0 TR 0 PMINT 0 PBURN 0 PSYNC 0 TC 0 LT 0 MG 0 VD 0 VDP 0 VWD 0 VLOCK 0 VUNLOCK 0 VCLOSE 0 VMAX 0 VLOCKUP 0 VDECR 0 V3SWAP 0 V2SWAP 0 NFC 0 NFB 0 NFS 0 NFPEN 0 NFT 0 TF 0
[SQ] 83053096: MC 0 MPC 0 TR 0 PMINT 0 PBURN 0 PSYNC 0 TC 0 LT 0 MG 0 VD 0 VDP 0 VWD 0 VLOCK 0 VUNLOCK 0 VCLOSE 0 VMAX 0 VLOCKUP 0 VDECR 0 V3SWAP 0 V2SWAP 0 NFC 0 NFB 0 NFS 0 NFPEN 0 NFT 0 TF 0
[SQ] 83053097: MC 0 MPC 0 TR 0 PMINT 0 PBURN 0 PSYNC 0 TC 0 LT 0 MG 0 VD 0 VDP 0 VWD 0 VLOCK 0 VUNLOCK 0 VCLOSE 0 VMAX 0 VLOCKUP 0 VDECR 0 V3SWAP 0 V2SWAP 0 NFC 0 NFB 0 NFS 0 NFPEN 0 NFT 0 TF 0
[SQ] 83053098: MC 0 MPC 0 TR 0 PMINT 0 PBURN 0 PSYNC 0 TC 0 LT 0 MG 0 VD 0 VDP 0 VWD 0 VLOCK 0 VUNLOCK 0 VCLOSE 0 VMAX 0 VLOCKUP 0 VDECR 0 V3SWAP 0 V2SWAP 0 NFC 0 NFB 0 NFS 0 NFPEN 0 NFT 0 TF 0
[SQ] 83053099: MC 0 MPC 0 TR 0 PMINT 0 PBURN 0 PSYNC 0 TC 0 LT 0 MG 0 VD 0 VDP 0 VWD 0 VLOCK 0 VUNLOCK 0 VCLOSE 0 VMAX 0 VLOCKUP 0 VDECR 0 V3SWAP 0 V2SWAP 0 NFC 0 NFB 0 NFS 0 NFPEN 0 NFT 0 TF 0
[SQ] 83053100: MC 0 MPC 0 TR 0 PMINT 0 PBURN 0 PSYNC 0 TC 0 LT 0 MG 0 VD 0 VDP 0 VWD 0 VLOCK 0 VUNLOCK 0 VCLOSE 0 VMAX 0 VLOCKUP 0 VDECR 0 V3SWAP 0 V2SWAP 0 NFC 0 NFB 0 NFS 0 NFPEN 0 NFT 0 TF 0
[SQ] 83053101: MC 0 MPC 0 TR 0 PMINT 0 PBURN 0 PSYNC 0 TC 0 LT 0 MG 0 VD 0 VDP 0 VWD 0 VLOCK 0 VUNLOCK 0 VCLOSE 0 VMAX 0 VLOCKUP 0 VDECR 0 V3SWAP 0 V2SWAP 0 NFC 0 NFB 0 NFS 0 NFPEN 0 NFT 0 TF 0
[SQ] 83053102: MC 0 MPC 0 TR 0 PMINT 0 PBURN 0 PSYNC 0 TC 0 LT 0 MG 0 VD 0 VDP 0 VWD 0 VLOCK 0 VUNLOCK 0 VCLOSE 0 VMAX 0 VLOCKUP 0 VDECR 0 V3SWAP 0 V2SWAP 0 NFC 0 NFB 0 NFS 0 NFPEN 0 NFT 0 TF 0
[SQ] 83053103: MC 0 MPC 0 TR 0 PMINT 0 PBURN 0 PSYNC 0 TC 0 LT 0 MG 0 VD 0 VDP 0 VWD 0 VLOCK 0 VUNLOCK 0 VCLOSE 0 VMAX 0 VLOCKUP 0 VDECR 0 V3SWAP 0 V2SWAP 0 NFC 0 NFB 0 NFS 0 NFPEN 0 NFT 0 TF 0
[SQ] 83053104: MC 0 MPC 0 TR 0 PMINT 0 PBURN 0 PSYNC 0 TC 0 LT 0 MG 0 VD 0 VDP 0 VWD 0 VLOCK 0 VUNLOCK 0 VCLOSE 0 VMAX 0 VLOCKUP 0 VDECR 0 V3SWAP 0 V2SWAP 0 NFC 0 NFB 0 NFS 0 NFPEN 0 NFT 0 TF 0
[SQ] 83053105: MC 0 MPC 0 TR 0 PMINT 0 PBURN 0 PSYNC 0 TC 0 LT 0 MG 0 VD 0 VDP 0 VWD 0 VLOCK 0 VUNLOCK 0 VCLOSE 0 VMAX 0 VLOCKUP 0 VDECR 0 V3SWAP 0 V2SWAP 0 NFC 0 NFB 0 NFS 0 NFPEN 0 NFT 0 TF 2
[SQ] 83053106: MC 0 MPC 0 TR 0 PMINT 0 PBURN 0 PSYNC 0 TC 0 LT 0 MG 0 VD 0 VDP 0 VWD 0 VLOCK 0 VUNLOCK 0 VCLOSE 0 VMAX 0 VLOCKUP 0 VDECR 0 V3SWAP 0 V2SWAP 0 NFC 0 NFB 0 NFS 0 NFPEN 0 NFT 0 TF 0
[SQ] 83053107: MC 0 MPC 0 TR 0 PMINT 0 PBURN 0 PSYNC 0 TC 0 LT 0 MG 0 VD 0 VDP 0 VWD 0 VLOCK 0 VUNLOCK 0 VCLOSE 0 VMAX 0 VLOCKUP 0 VDECR 0 V3SWAP 0 V2SWAP 0 NFC 0 NFB 0 NFS 0 NFPEN 0 NFT 0 TF 0
[SQ] 83053108: MC 0 MPC 0 TR 0 PMINT 0 PBURN 0 PSYNC 0 TC 0 LT 0 MG 0 VD 0 VDP 0 VWD 0 VLOCK 0 VUNLOCK 0 VCLOSE 0 VMAX 0 VLOCKUP 0 VDECR 0 V3SWAP 0 V2SWAP 0 NFC 0 NFB 0 NFS 0 NFPEN 0 NFT 0 TF 0
[SQ] 83053109: MC 0 MPC 0 TR 0 PMINT 0 PBURN 0 PSYNC 0 TC 0 LT 0 MG 0 VD 0 VDP 0 VWD 0 VLOCK 0 VUNLOCK 0 VCLOSE 0 VMAX 0 VLOCKUP 0 VDECR 0 V3SWAP 0 V2SWAP 0 NFC 0 NFB 0 NFS 0 NFPEN 0 NFT 0 TF 2
[SQ] 83053110: MC 0 MPC 0 TR 0 PMINT 0 PBURN 0 PSYNC 0 TC 0 LT 0 MG 0 VD 0 VDP 0 VWD 0 VLOCK 0 VUNLOCK 0 VCLOSE 0 VMAX 0 VLOCKUP 0 VDECR 0 V3SWAP 0 V2SWAP 0 NFC 0 NFB 0 NFS 0 NFPEN 0 NFT 0 TF 0
[SQ] 83053111: MC 0 MPC 0 TR 0 PMINT 0 PBURN 0 PSYNC 0 TC 0 LT 0 MG 0 VD 0 VDP 0 VWD 0 VLOCK 0 VUNLOCK 0 VCLOSE 0 VMAX 0 VLOCKUP 0 VDECR 0 V3SWAP 0 V2SWAP 0 NFC 0 NFB 0 NFS 0 NFPEN 0 NFT 0 TF 2
[SQ] 83053112: MC 0 MPC 0 TR 0 PMINT 0 PBURN 0 PSYNC 0 TC 0 LT 0 MG 0 VD 0 VDP 0 VWD 0 VLOCK 0 VUNLOCK 0 VCLOSE 0 VMAX 0 VLOCKUP 0 VDECR 0 V3SWAP 0 V2SWAP 0 NFC 0 NFB 0 NFS 0 NFPEN 0 NFT 0 TF 2
[SQ] 83053113: MC 0 MPC 0 TR 0 PMINT 0 PBURN 0 PSYNC 0 TC 0 LT 0 MG 0 VD 0 VDP 0 VWD 0 VLOCK 0 VUNLOCK 0 VCLOSE 0 VMAX 0 VLOCKUP 0 VDECR 0 V3SWAP 0 V2SWAP 0 NFC 0 NFB 0 NFS 0 NFPEN 0 NFT 0 TF 2
[SQ] 83053114: MC 0 MPC 0 TR 0 PMINT 0 PBURN 0 PSYNC 0 TC 0 LT 0 MG 0 VD 0 VDP 0 VWD 0 VLOCK 0 VUNLOCK 0 VCLOSE 0 VMAX 0 VLOCKUP 0 VDECR 0 V3SWAP 0 V2SWAP 0 NFC 0 NFB 0 NFS 0 NFPEN 0 NFT 0 TF 0
[SQ] 83053115: MC 0 MPC 0 TR 0 PMINT 0 PBURN 0 PSYNC 0 TC 0 LT 0 MG 0 VD 0 VDP 0 VWD 0 VLOCK 0 VUNLOCK 0 VCLOSE 0 VMAX 0 VLOCKUP 0 VDECR 0 V3SWAP 1 V2SWAP 0 NFC 0 NFB 0 NFS 0 NFPEN 0 NFT 0 TF 5
[SQ] 83053116: MC 0 MPC 0 TR 0 PMINT 0 PBURN 0 PSYNC 0 TC 0 LT 0 MG 0 VD 0 VDP 0 VWD 0 VLOCK 0 VUNLOCK 0 VCLOSE 0 VMAX 0 VLOCKUP 0 VDECR 0 V3SWAP 0 V2SWAP 0 NFC 0 NFB 0 NFS 0 NFPEN 0 NFT 0 TF 0
[SQ] 83053117: MC 0 MPC 0 TR 0 PMINT 0 PBURN 0 PSYNC 0 TC 0 LT 0 MG 0 VD 0 VDP 0 VWD 0 VLOCK 0 VUNLOCK 0 VCLOSE 0 VMAX 0 VLOCKUP 0 VDECR 0 V3SWAP 0 V2SWAP 0 NFC 0 NFB 0 NFS 0 NFPEN 0 NFT 0 TF 2
[SQ] 83053118: MC 0 MPC 0 TR 0 PMINT 0 PBURN 0 PSYNC 0 TC 0 LT 0 MG 0 VD 0 VDP 0 VWD 0 VLOCK 0 VUNLOCK 0 VCLOSE 0 VMAX 0 VLOCKUP 0 VDECR 0 V3SWAP 0 V2SWAP 0 NFC 0 NFB 0 NFS 0 NFPEN 0 NFT 0 TF 2
[SQ] 83053119: MC 0 MPC 0 TR 0 PMINT 0 PBURN 0 PSYNC 0 TC 0 LT 0 MG 0 VD 0 VDP 0 VWD 0 VLOCK 0 VUNLOCK 0 VCLOSE 0 VMAX 0 VLOCKUP 0 VDECR 0 V3SWAP 0 V2SWAP 0 NFC 0 NFB 0 NFS 0 NFPEN 0 NFT 0 TF 2
[SQ] 83053120: MC 0 MPC 0 TR 0 PMINT 0 PBURN 0 PSYNC 0 TC 0 LT 0 MG 0 VD 0 VDP 0 VWD 0 VLOCK 0 VUNLOCK 0 VCLOSE 0 VMAX 0 VLOCKUP 0 VDECR 0 V3SWAP 0 V2SWAP 0 NFC 0 NFB 0 NFS 0 NFPEN 0 NFT 0 TF 2
[SQ] 83053121: MC 0 MPC 0 TR 0 PMINT 0 PBURN 0 PSYNC 0 TC 0 LT 0 MG 0 VD 0 VDP 0 VWD 0 VLOCK 0 VUNLOCK 0 VCLOSE 0 VMAX 0 VLOCKUP 0 VDECR 0 V3SWAP 0 V2SWAP 0 NFC 0 NFB 0 NFS 0 NFPEN 0 NFT 0 TF 2
[SQ] 83053122: MC 0 MPC 0 TR 0 PMINT 0 PBURN 0 PSYNC 0 TC 0 LT 0 MG 0 VD 0 VDP 0 VWD 0 VLOCK 0 VUNLOCK 0 VCLOSE 0 VMAX 0 VLOCKUP 0 VDECR 0 V3SWAP 0 V2SWAP 0 NFC 0 NFB 0 NFS 0 NFPEN 0 NFT 0 TF 1
[SQ] 83053123: MC 0 MPC 0 TR 0 PMINT 0 PBURN 0 PSYNC 0 TC 0 LT 0 MG 0 VD 0 VDP 0 VWD 0 VLOCK 0 VUNLOCK 0 VCLOSE 0 VMAX 0 VLOCKUP 0 VDECR 0 V3SWAP 0 V2SWAP 0 NFC 0 NFB 0 NFS 0 NFPEN 0 NFT 0 TF 0
[SQ] 83053124: MC 0 MPC 0 TR 0 PMINT 0 PBURN 0 PSYNC 0 TC 0 LT 0 MG 0 VD 0 VDP 0 VWD 0 VLOCK 0 VUNLOCK 0 VCLOSE 0 VMAX 0 VLOCKUP 0 VDECR 0 V3SWAP 0 V2SWAP 0 NFC 0 NFB 0 NFS 0 NFPEN 0 NFT 0 TF 0
[SQ] 83053125: MC 0 MPC 0 TR 0 PMINT 0 PBURN 0 PSYNC 0 TC 0 LT 0 MG 0 VD 0 VDP 0 VWD 0 VLOCK 0 VUNLOCK 0 VCLOSE 0 VMAX 0 VLOCKUP 0 VDECR 0 V3SWAP 0 V2SWAP 0 NFC 0 NFB 0 NFS 0 NFPEN 0 NFT 0 TF 0
[SQ] 83053126: MC 0 MPC 0 TR 0 PMINT 0 PBURN 0 PSYNC 0 TC 0 LT 0 MG 0 VD 0 VDP 0 VWD 0 VLOCK 0 VUNLOCK 0 VCLOSE 0 VMAX 0 VLOCKUP 0 VDECR 0 V3SWAP 0 V2SWAP 0 NFC 0 NFB 0 NFS 0 NFPEN 0 NFT 0 TF 2
[SQ] 83053127: MC 0 MPC 0 TR 0 PMINT 0 PBURN 0 PSYNC 0 TC 0 LT 0 MG 0 VD 0 VDP 0 VWD 0 VLOCK 0 VUNLOCK 0 VCLOSE 0 VMAX 0 VLOCKUP 0 VDECR 0 V3SWAP 0 V2SWAP 0 NFC 0 NFB 0 NFS 0 NFPEN 0 NFT 0 TF 0
[SQ] 83053128: MC 0 MPC 0 TR 0 PMINT 0 PBURN 0 PSYNC 0 TC 0 LT 0 MG 0 VD 0 VDP 0 VWD 0 VLOCK 0 VUNLOCK 0 VCLOSE 0 VMAX 0 VLOCKUP 0 VDECR 0 V3SWAP 0 V2SWAP 0 NFC 0 NFB 0 NFS 0 NFPEN 0 NFT 0 TF 0
[SQ] 83053129: MC 0 MPC 0 TR 0 PMINT 0 PBURN 0 PSYNC 0 TC 0 LT 0 MG 0 VD 0 VDP 0 VWD 0 VLOCK 0 VUNLOCK 0 VCLOSE 0 VMAX 0 VLOCKUP 0 VDECR 0 V3SWAP 1 V2SWAP 0 NFC 0 NFB 0 NFS 0 NFPEN 0 NFT 0 TF 5
[SQ] 83053130: MC 0 MPC 0 TR 0 PMINT 0 PBURN 0 PSYNC 0 TC 0 LT 0 MG 0 VD 0 VDP 0 VWD 0 VLOCK 0 VUNLOCK 0 VCLOSE 0 VMAX 0 VLOCKUP 0 VDECR 0 V3SWAP 0 V2SWAP 0 NFC 0 NFB 0 NFS 0 NFPEN 0 NFT 0 TF 0
[SQ] 83053131: MC 0 MPC 0 TR 0 PMINT 0 PBURN 0 PSYNC 0 TC 0 LT 0 MG 0 VD 0 VDP 0 VWD 0 VLOCK 0 VUNLOCK 0 VCLOSE 0 VMAX 0 VLOCKUP 0 VDECR 0 V3SWAP 0 V2SWAP 0 NFC 0 NFB 0 NFS 0 NFPEN 0 NFT 0 TF 0
[SQ] 83053132: MC 0 MPC 0 TR 0 PMINT 0 PBURN 0 PSYNC 0 TC 0 LT 0 MG 0 VD 0 VDP 0 VWD 0 VLOCK 0 VUNLOCK 0 VCLOSE 0 VMAX 0 VLOCKUP 0 VDECR 0 V3SWAP 0 V2SWAP 0 NFC 0 NFB 0 NFS 0 NFPEN 0 NFT 0 TF 0
[SQ] 83053133: MC 0 MPC 0 TR 0 PMINT 0 PBURN 0 PSYNC 0 TC 0 LT 0 MG 0 VD 0 VDP 0 VWD 0 VLOCK 0 VUNLOCK 0 VCLOSE 0 VMAX 0 VLOCKUP 0 VDECR 0 V3SWAP 0 V2SWAP 0 NFC 0 NFB 0 NFS 0 NFPEN 0 NFT 0 TF 3
[SQ] 83053134: MC 0 MPC 0 TR 0 PMINT 0 PBURN 0 PSYNC 0 TC 0 LT 0 MG 0 VD 0 VDP 0 VWD 0 VLOCK 0 VUNLOCK 0 VCLOSE 0 VMAX 0 VLOCKUP 0 VDECR 0 V3SWAP 0 V2SWAP 0 NFC 0 NFB 0 NFS 0 NFPEN 0 NFT 0 TF 0
[SQ] 83053135: MC 0 MPC 0 TR 0 PMINT 0 PBURN 0 PSYNC 0 TC 0 LT 0 MG 0 VD 0 VDP 0 VWD 0 VLOCK 0 VUNLOCK 0 VCLOSE 0 VMAX 0 VLOCKUP 0 VDECR 0 V3SWAP 0 V2SWAP 0 NFC 0 NFB 0 NFS 0 NFPEN 0 NFT 0 TF 0
[SQ] 83053136: MC 0 MPC 0 TR 0 PMINT 0 PBURN 0 PSYNC 0 TC 0 LT 0 MG 0 VD 0 VDP 0 VWD 0 VLOCK 0 VUNLOCK 0 VCLOSE 0 VMAX 0 VLOCKUP 0 VDECR 0 V3SWAP 0 V2SWAP 0 NFC 0 NFB 0 NFS 0 NFPEN 0 NFT 0 TF 0
[SQ] 83053137: MC 0 MPC 0 TR 0 PMINT 0 PBURN 0 PSYNC 0 TC 0 LT 0 MG 0 VD 0 VDP 0 VWD 0 VLOCK 0 VUNLOCK 0 VCLOSE 0 VMAX 0 VLOCKUP 0 VDECR 0 V3SWAP 0 V2SWAP 0 NFC 0 NFB 0 NFS 0 NFPEN 0 NFT 0 TF 0
[SQ] 83053138: MC 0 MPC 0 TR 0 PMINT 0 PBURN 0 PSYNC 0 TC 0 LT 0 MG 0 VD 0 VDP 0 VWD 0 VLOCK 0 VUNLOCK 0 VCLOSE 0 VMAX 0 VLOCKUP 0 VDECR 0 V3SWAP 0 V2SWAP 0 NFC 0 NFB 0 NFS 0 NFPEN 0 NFT 0 TF 0
[SQ] 83053139: MC 0 MPC 0 TR 0 PMINT 0 PBURN 0 PSYNC 0 TC 0 LT 0 MG 0 VD 0 VDP 0 VWD 0 VLOCK 0 VUNLOCK 0 VCLOSE 0 VMAX 0 VLOCKUP 0 VDECR 0 V3SWAP 0 V2SWAP 0 NFC 0 NFB 0 NFS 0 NFPEN 0 NFT 0 TF 2
[SQ] 83053140: MC 0 MPC 0 TR 0 PMINT 0 PBURN 0 PSYNC 0 TC 0 LT 0 MG 0 VD 0 VDP 0 VWD 0 VLOCK 0 VUNLOCK 0 VCLOSE 0 VMAX 0 VLOCKUP 0 VDECR 0 V3SWAP 0 V2SWAP 0 NFC 0 NFB 0 NFS 0 NFPEN 0 NFT 0 TF 0
[SQ] 83053141: MC 0 MPC 0 TR 0 PMINT 0 PBURN 0 PSYNC 0 TC 0 LT 0 MG 0 VD 0 VDP 0 VWD 0 VLOCK 0 VUNLOCK 0 VCLOSE 0 VMAX 0 VLOCKUP 0 VDECR 0 V3SWAP 0 V2SWAP 0 NFC 0 NFB 0 NFS 0 NFPEN 0 NFT 0 TF 0
[SQ] 83053142: MC 0 MPC 0 TR 0 PMINT 0 PBURN 0 PSYNC 0 TC 0 LT 0 MG 0 VD 0 VDP 0 VWD 0 VLOCK 0 VUNLOCK 0 VCLOSE 0 VMAX 0 VLOCKUP 0 VDECR 0 V3SWAP 0 V2SWAP 0 NFC 0 NFB 0 NFS 0 NFPEN 0 NFT 0 TF 0
[SQ] 83053143: MC 0 MPC 0 TR 0 PMINT 0 PBURN 0 PSYNC 0 TC 0 LT 0 MG 0 VD 0 VDP 0 VWD 0 VLOCK 0 VUNLOCK 0 VCLOSE 0 VMAX 0 VLOCKUP 0 VDECR 0 V3SWAP 0 V2SWAP 0 NFC 0 NFB 0 NFS 0 NFPEN 0 NFT 0 TF 0
[SQ] 83053144: MC 0 MPC 0 TR 0 PMINT 0 PBURN 0 PSYNC 0 TC 0 LT 0 MG 0 VD 0 VDP 0 VWD 0 VLOCK 0 VUNLOCK 0 VCLOSE 0 VMAX 0 VLOCKUP 0 VDECR 0 V3SWAP 0 V2SWAP 0 NFC 0 NFB 0 NFS 0 NFPEN 0 NFT 0 TF 2
[SQ] 83053145: MC 0 MPC 0 TR 0 PMINT 0 PBURN 0 PSYNC 0 TC 0 LT 0 MG 0 VD 0 VDP 0 VWD 0 VLOCK 0 VUNLOCK 0 VCLOSE 0 VMAX 0 VLOCKUP 0 VDECR 0 V3SWAP 0 V2SWAP 0 NFC 0 NFB 0 NFS 0 NFPEN 0 NFT 0 TF 0
[SQ] 83053146: MC 0 MPC 0 TR 0 PMINT 0 PBURN 0 PSYNC 0 TC 0 LT 0 MG 0 VD 0 VDP 0 VWD 0 VLOCK 0 VUNLOCK 0 VCLOSE 0 VMAX 0 VLOCKUP 0 VDECR 0 V3SWAP 0 V2SWAP 0 NFC 0 NFB 0 NFS 0 NFPEN 0 NFT 0 TF 0
[SQ] 83053147: MC 0 MPC 0 TR 0 PMINT 0 PBURN 0 PSYNC 0 TC 0 LT 0 MG 0 VD 0 VDP 0 VWD 0 VLOCK 0 VUNLOCK 0 VCLOSE 0 VMAX 0 VLOCKUP 0 VDECR 0 V3SWAP 0 V2SWAP 0 NFC 0 NFB 0 NFS 0 NFPEN 0 NFT 0 TF 0
[SQ] 83053148: MC 0 MPC 0 TR 0 PMINT 0 PBURN 0 PSYNC 0 TC 0 LT 0 MG 0 VD 0 VDP 0 VWD 0 VLOCK 0 VUNLOCK 0 VCLOSE 0 VMAX 0 VLOCKUP 0 VDECR 0 V3SWAP 0 V2SWAP 0 NFC 0 NFB 0 NFS 0 NFPEN 0 NFT 0 TF 2
[SQ] 83053149: MC 0 MPC 0 TR 0 PMINT 0 PBURN 0 PSYNC 0 TC 0 LT 0 MG 0 VD 0 VDP 0 VWD 0 VLOCK 0 VUNLOCK 0 VCLOSE 0 VMAX 0 VLOCKUP 0 VDECR 0 V3SWAP 0 V2SWAP 0 NFC 0 NFB 0 NFS 0 NFPEN 0 NFT 0 TF 0
[SQ] 83053150: MC 0 MPC 0 TR 0 PMINT 0 PBURN 0 PSYNC 0 TC 0 LT 0 MG 0 VD 0 VDP 0 VWD 0 VLOCK 0 VUNLOCK 0 VCLOSE 0 VMAX 0 VLOCKUP 0 VDECR 0 V3SWAP 1 V2SWAP 0 NFC 0 NFB 0 NFS 0 NFPEN 0 NFT 0 TF 3
[SQ] 83053151: MC 0 MPC 0 TR 0 PMINT 0 PBURN 0 PSYNC 0 TC 0 LT 0 MG 0 VD 0 VDP 0 VWD 0 VLOCK 0 VUNLOCK 0 VCLOSE 0 VMAX 0 VLOCKUP 0 VDECR 0 V3SWAP 0 V2SWAP 0 NFC 0 NFB 0 NFS 0 NFPEN 0 NFT 0 TF 0
[SQ] 83053152: MC 0 MPC 0 TR 0 PMINT 0 PBURN 0 PSYNC 0 TC 0 LT 0 MG 0 VD 0 VDP 0 VWD 0 VLOCK 0 VUNLOCK 0 VCLOSE 0 VMAX 0 VLOCKUP 0 VDECR 0 V3SWAP 0 V2SWAP 0 NFC 0 NFB 0 NFS 0 NFPEN 0 NFT 0 TF 5
[SQ] 83053153: MC 0 MPC 0 TR 0 PMINT 0 PBURN 0 PSYNC 0 TC 0 LT 0 MG 0 VD 0 VDP 0 VWD 0 VLOCK 0 VUNLOCK 0 VCLOSE 0 VMAX 0 VLOCKUP 0 VDECR 0 V3SWAP 0 V2SWAP 0 NFC 0 NFB 0 NFS 0 NFPEN 0 NFT 0 TF 0
[SQ] 83053154: MC 0 MPC 0 TR 0 PMINT 0 PBURN 0 PSYNC 0 TC 0 LT 0 MG 0 VD 0 VDP 0 VWD 0 VLOCK 0 VUNLOCK 0 VCLOSE 0 VMAX 0 VLOCKUP 0 VDECR 0 V3SWAP 0 V2SWAP 0 NFC 0 NFB 0 NFS 0 NFPEN 0 NFT 0 TF 0
[SQ] 83053155: MC 0 MPC 0 TR 0 PMINT 0 PBURN 0 PSYNC 0 TC 0 LT 0 MG 0 VD 0 VDP 0 VWD 0 VLOCK 0 VUNLOCK 0 VCLOSE 0 VMAX 0 VLOCKUP 0 VDECR 0 V3SWAP 0 V2SWAP 0 NFC 0 NFB 0 NFS 0 NFPEN 0 NFT 0 TF 0
[SQ] 83053156: MC 0 MPC 0 TR 0 PMINT 0 PBURN 0 PSYNC 0 TC 0 LT 0 MG 0 VD 0 VDP 0 VWD 0 VLOCK 0 VUNLOCK 0 VCLOSE 0 VMAX 0 VLOCKUP 0 VDECR 0 V3SWAP 0 V2SWAP 0 NFC 0 NFB 0 NFS 0 NFPEN 0 NFT 0 TF 4
[SQ] 83053157: MC 0 MPC 0 TR 0 PMINT 0 PBURN 0 PSYNC 0 TC 0 LT 0 MG 0 VD 0 VDP 0 VWD 0 VLOCK 0 VUNLOCK 0 VCLOSE 0 VMAX 0 VLOCKUP 0 VDECR 0 V3SWAP 0 V2SWAP 0 NFC 0 NFB 0 NFS 0 NFPEN 0 NFT 0 TF 0
[SQ] 83053158: MC 0 MPC 0 TR 0 PMINT 0 PBURN 0 PSYNC 0 TC 0 LT 0 MG 0 VD 0 VDP 0 VWD 0 VLOCK 0 VUNLOCK 0 VCLOSE 0 VMAX 0 VLOCKUP 0 VDECR 0 V3SWAP 0 V2SWAP 0 NFC 0 NFB 0 NFS 0 NFPEN 0 NFT 0 TF 0
[SQ] 83053159: MC 0 MPC 0 TR 0 PMINT 0 PBURN 0 PSYNC 0 TC 0 LT 0 MG 0 VD 0 VDP 0 VWD 0 VLOCK 0 VUNLOCK 0 VCLOSE 0 VMAX 0 VLOCKUP 0 VDECR 0 V3SWAP 0 V2SWAP 0 NFC 0 NFB 0 NFS 0 NFPEN 0 NFT 0 TF 7
[SQ] 83053160: MC 0 MPC 0 TR 0 PMINT 0 PBURN 0 PSYNC 0 TC 0 LT 0 MG 0 VD 0 VDP 0 VWD 0 VLOCK 0 VUNLOCK 0 VCLOSE 0 VMAX 0 VLOCKUP 0 VDECR 0 V3SWAP 0 V2SWAP 0 NFC 0 NFB 0 NFS 0 NFPEN 0 NFT 0 TF 5
[SQ] 83053161: MC 0 MPC 0 TR 0 PMINT 0 PBURN 0 PSYNC 0 TC 0 LT 0 MG 0 VD 0 VDP 0 VWD 0 VLOCK 0 VUNLOCK 0 VCLOSE 0 VMAX 0 VLOCKUP 0 VDECR 0 V3SWAP 0 V2SWAP 0 NFC 0 NFB 0 NFS 0 NFPEN 0 NFT 0 TF 2
[SQ] 83053162: MC 0 MPC 0 TR 0 PMINT 0 PBURN 0 PSYNC 0 TC 0 LT 0 MG 0 VD 0 VDP 0 VWD 0 VLOCK 0 VUNLOCK 0 VCLOSE 0 VMAX 0 VLOCKUP 0 VDECR 0 V3SWAP 0 V2SWAP 0 NFC 0 NFB 0 NFS 0 NFPEN 0 NFT 0 TF 9
[SQ] 83053163: MC 0 MPC 0 TR 0 PMINT 0 PBURN 0 PSYNC 0 TC 0 LT 0 MG 0 VD 0 VDP 0 VWD 0 VLOCK 0 VUNLOCK 0 VCLOSE 0 VMAX 0 VLOCKUP 0 VDECR 0 V3SWAP 0 V2SWAP 0 NFC 0 NFB 0 NFS 0 NFPEN 0 NFT 0 TF 16
[SQ] 83053164: MC 0 MPC 0 TR 0 PMINT 0 PBURN 0 PSYNC 0 TC 0 LT 0 MG 0 VD 0 VDP 0 VWD 0 VLOCK 0 VUNLOCK 0 VCLOSE 0 VMAX 0 VLOCKUP 0 VDECR 0 V3SWAP 2 V2SWAP 0 NFC 0 NFB 0 NFS 0 NFPEN 0 NFT 0 TF 13
[SQ] 83053165: MC 0 MPC 0 TR 0 PMINT 0 PBURN 0 PSYNC 0 TC 0 LT 0 MG 0 VD 0 VDP 0 VWD 0 VLOCK 0 VUNLOCK 0 VCLOSE 0 VMAX 0 VLOCKUP 0 VDECR 0 V3SWAP 0 V2SWAP 0 NFC 0 NFB 0 NFS 0 NFPEN 0 NFT 0 TF 4
[SQ] 83053166: MC 0 MPC 0 TR 0 PMINT 0 PBURN 0 PSYNC 0 TC 0 LT 0 MG 0 VD 0 VDP 0 VWD 0 VLOCK 0 VUNLOCK 0 VCLOSE 0 VMAX 0 VLOCKUP 0 VDECR 0 V3SWAP 0 V2SWAP 0 NFC 0 NFB 0 NFS 0 NFPEN 0 NFT 0 TF 6
[SQ] 83053167: MC 0 MPC 0 TR 0 PMINT 0 PBURN 0 PSYNC 0 TC 0 LT 0 MG 0 VD 0 VDP 0 VWD 0 VLOCK 0 VUNLOCK 0 VCLOSE 0 VMAX 0 VLOCKUP 0 VDECR 0 V3SWAP 0 V2SWAP 0 NFC 0 NFB 0 NFS 0 NFPEN 0 NFT 0 TF 3
[SQ] 83053168: MC 0 MPC 0 TR 0 PMINT 0 PBURN 0 PSYNC 0 TC 0 LT 0 MG 0 VD 0 VDP 0 VWD 0 VLOCK 0 VUNLOCK 0 VCLOSE 0 VMAX 0 VLOCKUP 0 VDECR 0 V3SWAP 0 V2SWAP 0 NFC 0 NFB 0 NFS 0 NFPEN 0 NFT 0 TF 2
[SQ] 83053169: MC 0 MPC 0 TR 0 PMINT 0 PBURN 0 PSYNC 0 TC 0 LT 0 MG 0 VD 0 VDP 0 VWD 0 VLOCK 0 VUNLOCK 0 VCLOSE 0 VMAX 0 VLOCKUP 0 VDECR 0 V3SWAP 0 V2SWAP 0 NFC 0 NFB 0 NFS 0 NFPEN 0 NFT 0 TF 0
[SQ] 83053170: MC 0 MPC 0 TR 0 PMINT 0 PBURN 0 PSYNC 0 TC 0 LT 0 MG 0 VD 0 VDP 0 VWD 0 VLOCK 0 VUNLOCK 0 VCLOSE 0 VMAX 0 VLOCKUP 0 VDECR 0 V3SWAP 0 V2SWAP 0 NFC 0 NFB 0 NFS 0 NFPEN 0 NFT 0 TF 2
[SQ] 83053171: MC 0 MPC 0 TR 0 PMINT 0 PBURN 0 PSYNC 0 TC 0 LT 0 MG 0 VD 0 VDP 0 VWD 0 VLOCK 0 VUNLOCK 0 VCLOSE 0 VMAX 0 VLOCKUP 0 VDECR 0 V3SWAP 0 V2SWAP 0 NFC 0 NFB 0 NFS 0 NFPEN 0 NFT 0 TF 0
[SQ] 83053172: MC 0 MPC 0 TR 0 PMINT 0 PBURN 0 PSYNC 0 TC 0 LT 0 MG 0 VD 0 VDP 0 VWD 0 VLOCK 0 VUNLOCK 0 VCLOSE 0 VMAX 0 VLOCKUP 0 VDECR 0 V3SWAP 0 V2SWAP 0 NFC 0 NFB 0 NFS 0 NFPEN 0 NFT 0 TF 0
[SQ] 83053173: MC 0 MPC 0 TR 0 PMINT 0 PBURN 0 PSYNC 0 TC 0 LT 0 MG 0 VD 0 VDP 0 VWD 0 VLOCK 0 VUNLOCK 0 VCLOSE 0 VMAX 0 VLOCKUP 0 VDECR 0 V3SWAP 0 V2SWAP 0 NFC 0 NFB 0 NFS 0 NFPEN 0 NFT 0 TF 0
[SQ] 83053174: MC 0 MPC 0 TR 0 PMINT 0 PBURN 0 PSYNC 0 TC 0 LT 0 MG 0 VD 0 VDP 0 VWD 0 VLOCK 0 VUNLOCK 0 VCLOSE 0 VMAX 0 VLOCKUP 0 VDECR 0 V3SWAP 0 V2SWAP 0 NFC 0 NFB 0 NFS 0 NFPEN 0 NFT 0 TF 13
[SQ] 83053175: MC 0 MPC 0 TR 0 PMINT 0 PBURN 0 PSYNC 0 TC 0 LT 0 MG 0 VD 0 VDP 0 VWD 0 VLOCK 0 VUNLOCK 0 VCLOSE 0 VMAX 0 VLOCKUP 0 VDECR 0 V3SWAP 0 V2SWAP 0 NFC 0 NFB 0 NFS 0 NFPEN 0 NFT 0 TF 23
[SQ] 83053176: MC 0 MPC 0 TR 0 PMINT 0 PBURN 0 PSYNC 0 TC 0 LT 0 MG 0 VD 0 VDP 0 VWD 0 VLOCK 0 VUNLOCK 0 VCLOSE 0 VMAX 0 VLOCKUP 0 VDECR 0 V3SWAP 0 V2SWAP 0 NFC 0 NFB 0 NFS 0 NFPEN 0 NFT 0 TF 33
[SQ] 83053177: MC 0 MPC 0 TR 0 PMINT 0 PBURN 0 PSYNC 0 TC 0 LT 0 MG 0 VD 0 VDP 0 VWD 0 VLOCK 0 VUNLOCK 0 VCLOSE 0 VMAX 0 VLOCKUP 0 VDECR 0 V3SWAP 1 V2SWAP 0 NFC 0 NFB 0 NFS 0 NFPEN 0 NFT 0 TF 34
[SQ] 83053178: MC 0 MPC 0 TR 0 PMINT 0 PBURN 0 PSYNC 0 TC 0 LT 0 MG 0 VD 0 VDP 0 VWD 0 VLOCK 0 VUNLOCK 0 VCLOSE 0 VMAX 0 VLOCKUP 0 VDECR 0 V3SWAP 0 V2SWAP 0 NFC 0 NFB 0 NFS 0 NFPEN 0 NFT 0 TF 1
[SQ] 83053179: MC 0 MPC 0 TR 0 PMINT 0 PBURN 0 PSYNC 0 TC 0 LT 0 MG 0 VD 0 VDP 0 VWD 0 VLOCK 0 VUNLOCK 0 VCLOSE 0 VMAX 0 VLOCKUP 0 VDECR 0 V3SWAP 0 V2SWAP 0 NFC 0 NFB 0 NFS 0 NFPEN 0 NFT 0 TF 4
[SQ] 83053180: MC 0 MPC 0 TR 0 PMINT 0 PBURN 0 PSYNC 0 TC 0 LT 0 MG 0 VD 0 VDP 0 VWD 0 VLOCK 0 VUNLOCK 0 VCLOSE 0 VMAX 0 VLOCKUP 0 VDECR 0 V3SWAP 0 V2SWAP 0 NFC 0 NFB 0 NFS 0 NFPEN 0 NFT 0 TF 0
[SQ] 83053181: MC 0 MPC 0 TR 0 PMINT 0 PBURN 0 PSYNC 0 TC 0 LT 0 MG 0 VD 0 VDP 0 VWD 0 VLOCK 0 VUNLOCK 0 VCLOSE 0 VMAX 0 VLOCKUP 0 VDECR 0 V3SWAP 0 V2SWAP 0 NFC 0 NFB 0 NFS 0 NFPEN 0 NFT 0 TF 0
[SQ] 83053182: MC 0 MPC 0 TR 0 PMINT 0 PBURN 0 PSYNC 0 TC 0 LT 0 MG 0 VD 0 VDP 0 VWD 0 VLOCK 0 VUNLOCK 0 VCLOSE 0 VMAX 0 VLOCKUP 0 VDECR 0 V3SWAP 0 V2SWAP 0 NFC 0 NFB 0 NFS 0 NFPEN 0 NFT 0 TF 0
[SQ] 83053183: MC 0 MPC 0 TR 0 PMINT 0 PBURN 0 PSYNC 0 TC 0 LT 0 MG 0 VD 0 VDP 0 VWD 0 VLOCK 0 VUNLOCK 0 VCLOSE 0 VMAX 0 VLOCKUP 0 VDECR 0 V3SWAP 0 V2SWAP 0 NFC 0 NFB 0 NFS 0 NFPEN 0 NFT 0 TF 0
[SQ] 83053184: MC 0 MPC 0 TR 0 PMINT 0 PBURN 0 PSYNC 0 TC 0 LT 0 MG 0 VD 0 VDP 0 VWD 0 VLOCK 0 VUNLOCK 0 VCLOSE 0 VMAX 0 VLOCKUP 0 VDECR 0 V3SWAP 0 V2SWAP 0 NFC 0 NFB 0 NFS 0 NFPEN 0 NFT 0 TF 0
[SQ] 83053185: MC 0 MPC 0 TR 0 PMINT 0 PBURN 0 PSYNC 0 TC 0 LT 0 MG 0 VD 0 VDP 0 VWD 0 VLOCK 0 VUNLOCK 0 VCLOSE 0 VMAX 0 VLOCKUP 0 VDECR 0 V3SWAP 0 V2SWAP 0 NFC 0 NFB 0 NFS 0 NFPEN 0 NFT 0 TF 2
[SQ] 83053186: MC 0 MPC 0 TR 0 PMINT 0 PBURN 0 PSYNC 0 TC 0 LT 0 MG 0 VD 0 VDP 0 VWD 0 VLOCK 0 VUNLOCK 0 VCLOSE 0 VMAX 0 VLOCKUP 0 VDECR 0 V3SWAP 0 V2SWAP 0 NFC 0 NFB 0 NFS 0 NFPEN 0 NFT 0 TF 0
[SQ] 83053187: MC 0 MPC 0 TR 0 PMINT 0 PBURN 0 PSYNC 0 TC 0 LT 0 MG 0 VD 0 VDP 0 VWD 0 VLOCK 0 VUNLOCK 0 VCLOSE 0 VMAX 0 VLOCKUP 0 VDECR 0 V3SWAP 1 V2SWAP 0 NFC 0 NFB 0 NFS 0 NFPEN 0 NFT 0 TF 3
[SQ] 83053188: MC 0 MPC 0 TR 0 PMINT 0 PBURN 0 PSYNC 0 TC 0 LT 0 MG 0 VD 0 VDP 0 VWD 0 VLOCK 0 VUNLOCK 0 VCLOSE 0 VMAX 0 VLOCKUP 0 VDECR 0 V3SWAP 0 V2SWAP 0 NFC 0 NFB 0 NFS 0 NFPEN 0 NFT 0 TF 0
[SQ] 83053189: MC 0 MPC 0 TR 0 PMINT 0 PBURN 0 PSYNC 0 TC 0 LT 0 MG 0 VD 0 VDP 0 VWD 0 VLOCK 0 VUNLOCK 0 VCLOSE 0 VMAX 0 VLOCKUP 0 VDECR 0 V3SWAP 0 V2SWAP 0 NFC 0 NFB 0 NFS 0 NFPEN 0 NFT 0 TF 36
[SQ] 83053190: MC 0 MPC 0 TR 0 PMINT 0 PBURN 0 PSYNC 0 TC 0 LT 0 MG 0 VD 0 VDP 0 VWD 0 VLOCK 0 VUNLOCK 0 VCLOSE 0 VMAX 0 VLOCKUP 0 VDECR 0 V3SWAP 0 V2SWAP 0 NFC 0 NFB 0 NFS 0 NFPEN 0 NFT 0 TF 0
[SQ] 83053191: MC 0 MPC 0 TR 0 PMINT 0 PBURN 0 PSYNC 0 TC 0 LT 0 MG 0 VD 0 VDP 0 VWD 0 VLOCK 0 VUNLOCK 0 VCLOSE 0 VMAX 0 VLOCKUP 0 VDECR 0 V3SWAP 0 V2SWAP 0 NFC 0 NFB 0 NFS 0 NFPEN 0 NFT 0 TF 2
[SQ] 83053192: MC 0 MPC 0 TR 0 PMINT 0 PBURN 0 PSYNC 0 TC 0 LT 0 MG 0 VD 0 VDP 0 VWD 0 VLOCK 0 VUNLOCK 0 VCLOSE 0 VMAX 0 VLOCKUP 0 VDECR 0 V3SWAP 0 V2SWAP 0 NFC 0 NFB 0 NFS 0 NFPEN 0 NFT 0 TF 0
[SQ] 83053193: MC 0 MPC 0 TR 0 PMINT 0 PBURN 0 PSYNC 0 TC 0 LT 0 MG 0 VD 0 VDP 0 VWD 0 VLOCK 0 VUNLOCK 0 VCLOSE 0 VMAX 0 VLOCKUP 0 VDECR 0 V3SWAP 0 V2SWAP 0 NFC 0 NFB 0 NFS 0 NFPEN 0 NFT 0 TF 0
[SQ] 83053194: MC 0 MPC 0 TR 0 PMINT 0 PBURN 0 PSYNC 0 TC 0 LT 0 MG 0 VD 0 VDP 0 VWD 0 VLOCK 0 VUNLOCK 0 VCLOSE 0 VMAX 0 VLOCKUP 0 VDECR 0 V3SWAP 0 V2SWAP 0 NFC 0 NFB 0 NFS 0 NFPEN 0 NFT 0 TF 2
[SQ] 83053195: MC 0 MPC 0 TR 0 PMINT 0 PBURN 0 PSYNC 0 TC 0 LT 0 MG 0 VD 0 VDP 0 VWD 0 VLOCK 0 VUNLOCK 0 VCLOSE 0 VMAX 0 VLOCKUP 0 VDECR 0 V3SWAP 0 V2SWAP 0 NFC 0 NFB 0 NFS 0 NFPEN 0 NFT 0 TF 0
[SQ] 83053196: MC 0 MPC 0 TR 0 PMINT 0 PBURN 0 PSYNC 0 TC 0 LT 0 MG 0 VD 0 VDP 0 VWD 0 VLOCK 0 VUNLOCK 0 VCLOSE 0 VMAX 0 VLOCKUP 0 VDECR 0 V3SWAP 0 V2SWAP 0 NFC 0 NFB 0 NFS 0 NFPEN 0 NFT 0 TF 5
[SQ] 83053197: MC 0 MPC 0 TR 0 PMINT 0 PBURN 0 PSYNC 0 TC 0 LT 0 MG 0 VD 0 VDP 0 VWD 0 VLOCK 0 VUNLOCK 0 VCLOSE 0 VMAX 0 VLOCKUP 0 VDECR 0 V3SWAP 0 V2SWAP 0 NFC 0 NFB 0 NFS 0 NFPEN 0 NFT 0 TF 2
[SQ] 83053198: MC 0 MPC 0 TR 0 PMINT 0 PBURN 0 PSYNC 0 TC 0 LT 0 MG 0 VD 0 VDP 0 VWD 0 VLOCK 0 VUNLOCK 0 VCLOSE 0 VMAX 0 VLOCKUP 0 VDECR 0 V3SWAP 0 V2SWAP 0 NFC 0 NFB 0 NFS 0 NFPEN 0 NFT 0 TF 0
[SQ] 83053199: MC 0 MPC 0 TR 0 PMINT 0 PBURN 0 PSYNC 0 TC 0 LT 0 MG 0 VD 0 VDP 0 VWD 0 VLOCK 0 VUNLOCK 0 VCLOSE 0 VMAX 0 VLOCKUP 0 VDECR 0 V3SWAP 0 V2SWAP 0 NFC 0 NFB 0 NFS 0 NFPEN 0 NFT 0 TF 0
[SQ] 83053200: MC 0 MPC 0 TR 0 PMINT 0 PBURN 0 PSYNC 0 TC 0 LT 0 MG 0 VD 0 VDP 0 VWD 0 VLOCK 0 VUNLOCK 0 VCLOSE 0 VMAX 0 VLOCKUP 0 VDECR 0 V3SWAP 0 V2SWAP 0 NFC 0 NFB 0 NFS 0 NFPEN 0 NFT 0 TF 0
[SQ] 83053201: MC 0 MPC 0 TR 0 PMINT 0 PBURN 0 PSYNC 0 TC 0 LT 0 MG 0 VD 0 VDP 0 VWD 0 VLOCK 0 VUNLOCK 0 VCLOSE 0 VMAX 0 VLOCKUP 0 VDECR 0 V3SWAP 1 V2SWAP 0 NFC 0 NFB 0 NFS 0 NFPEN 0 NFT 0 TF 5
[SQ] 83053202: MC 0 MPC 0 TR 0 PMINT 0 PBURN 0 PSYNC 0 TC 0 LT 0 MG 0 VD 0 VDP 0 VWD 0 VLOCK 0 VUNLOCK 0 VCLOSE 0 VMAX 0 VLOCKUP 0 VDECR 0 V3SWAP 0 V2SWAP 0 NFC 0 NFB 0 NFS 0 NFPEN 0 NFT 0 TF 0
[SQ] 83053203: MC 0 MPC 0 TR 0 PMINT 0 PBURN 0 PSYNC 0 TC 0 LT 0 MG 0 VD 0 VDP 0 VWD 0 VLOCK 0 VUNLOCK 0 VCLOSE 0 VMAX 0 VLOCKUP 0 VDECR 0 V3SWAP 0 V2SWAP 0 NFC 0 NFB 0 NFS 0 NFPEN 0 NFT 0 TF 0
[SQ] 83053204: MC 0 MPC 0 TR 0 PMINT 0 PBURN 0 PSYNC 0 TC 0 LT 0 MG 0 VD 0 VDP 0 VWD 0 VLOCK 0 VUNLOCK 0 VCLOSE 0 VMAX 0 VLOCKUP 0 VDECR 0 V3SWAP 0 V2SWAP 0 NFC 0 NFB 0 NFS 0 NFPEN 0 NFT 0 TF 0
[SQ] 83053205: MC 0 MPC 0 TR 0 PMINT 0 PBURN 0 PSYNC 0 TC 0 LT 0 MG 0 VD 0 VDP 0 VWD 0 VLOCK 0 VUNLOCK 0 VCLOSE 0 VMAX 0 VLOCKUP 0 VDECR 0 V3SWAP 0 V2SWAP 0 NFC 0 NFB 0 NFS 0 NFPEN 0 NFT 0 TF 0
[SQ] 83053206: MC 0 MPC 0 TR 0 PMINT 0 PBURN 0 PSYNC 0 TC 0 LT 0 MG 0 VD 0 VDP 0 VWD 0 VLOCK 0 VUNLOCK 0 VCLOSE 0 VMAX 0 VLOCKUP 0 VDECR 0 V3SWAP 0 V2SWAP 0 NFC 0 NFB 0 NFS 0 NFPEN 0 NFT 0 TF 0
[SQ] 83053207: MC 0 MPC 0 TR 0 PMINT 0 PBURN 0 PSYNC 0 TC 0 LT 0 MG 0 VD 0 VDP 0 VWD 0 VLOCK 0 VUNLOCK 0 VCLOSE 0 VMAX 0 VLOCKUP 0 VDECR 0 V3SWAP 0 V2SWAP 0 NFC 0 NFB 0 NFS 0 NFPEN 0 NFT 0 TF 0
[SQ] 83053208: MC 0 MPC 0 TR 0 PMINT 0 PBURN 0 PSYNC 0 TC 0 LT 0 MG 0 VD 0 VDP 0 VWD 0 VLOCK 0 VUNLOCK 0 VCLOSE 0 VMAX 0 VLOCKUP 0 VDECR 0 V3SWAP 0 V2SWAP 0 NFC 0 NFB 0 NFS 0 NFPEN 0 NFT 0 TF 0
[SQ] 83053209: MC 0 MPC 0 TR 0 PMINT 0 PBURN 0 PSYNC 0 TC 0 LT 0 MG 0 VD 0 VDP 0 VWD 0 VLOCK 0 VUNLOCK 0 VCLOSE 0 VMAX 0 VLOCKUP 0 VDECR 0 V3SWAP 0 V2SWAP 0 NFC 0 NFB 0 NFS 0 NFPEN 0 NFT 0 TF 0
[SQ] 83053210: MC 0 MPC 0 TR 0 PMINT 0 PBURN 0 PSYNC 0 TC 0 LT 0 MG 0 VD 0 VDP 0 VWD 0 VLOCK 0 VUNLOCK 0 VCLOSE 0 VMAX 0 VLOCKUP 0 VDECR 0 V3SWAP 0 V2SWAP 0 NFC 0 NFB 0 NFS 0 NFPEN 0 NFT 0 TF 0
[SQ] 83053211: MC 0 MPC 0 TR 0 PMINT 0 PBURN 0 PSYNC 0 TC 0 LT 0 MG 0 VD 0 VDP 0 VWD 0 VLOCK 0 VUNLOCK 0 VCLOSE 0 VMAX 0 VLOCKUP 0 VDECR 0 V3SWAP 0 V2SWAP 0 NFC 0 NFB 0 NFS 0 NFPEN 0 NFT 0 TF 0
[SQ] 83053212: MC 0 MPC 0 TR 0 PMINT 0 PBURN 0 PSYNC 0 TC 0 LT 0 MG 0 VD 0 VDP 0 VWD 0 VLOCK 0 VUNLOCK 0 VCLOSE 0 VMAX 0 VLOCKUP 0 VDECR 0 V3SWAP 0 V2SWAP 0 NFC 0 NFB 0 NFS 0 NFPEN 0 NFT 0 TF 2
[SQ] 83053213: MC 0 MPC 0 TR 0 PMINT 0 PBURN 0 PSYNC 0 TC 0 LT 0 MG 0 VD 0 VDP 0 VWD 0 VLOCK 0 VUNLOCK 0 VCLOSE 0 VMAX 0 VLOCKUP 0 VDECR 0 V3SWAP 0 V2SWAP 0 NFC 0 NFB 0 NFS 0 NFPEN 0 NFT 0 TF 0
[SQ] 83053214: MC 0 MPC 0 TR 0 PMINT 0 PBURN 0 PSYNC 0 TC 0 LT 0 MG 0 VD 0 VDP 0 VWD 0 VLOCK 0 VUNLOCK 0 VCLOSE 0 VMAX 0 VLOCKUP 0 VDECR 0 V3SWAP 0 V2SWAP 0 NFC 0 NFB 0 NFS 0 NFPEN 0 NFT 0 TF 0
[SQ] 83053215: MC 0 MPC 0 TR 0 PMINT 0 PBURN 0 PSYNC 0 TC 0 LT 0 MG 0 VD 0 VDP 0 VWD 0 VLOCK 0 VUNLOCK 0 VCLOSE 0 VMAX 0 VLOCKUP 0 VDECR 0 V3SWAP 0 V2SWAP 0 NFC 0 NFB 0 NFS 0 NFPEN 0 NFT 0 TF 0
[SQ] 83053216: MC 0 MPC 0 TR 0 PMINT 0 PBURN 0 PSYNC 0 TC 0 LT 0 MG 0 VD 0 VDP 0 VWD 0 VLOCK 0 VUNLOCK 0 VCLOSE 0 VMAX 0 VLOCKUP 0 VDECR 0 V3SWAP 0 V2SWAP 0 NFC 0 NFB 0 NFS 0 NFPEN 0 NFT 0 TF 0
[SQ] 83053217: MC 0 MPC 0 TR 0 PMINT 0 PBURN 0 PSYNC 0 TC 0 LT 0 MG 0 VD 0 VDP 0 VWD 0 VLOCK 0 VUNLOCK 0 VCLOSE 0 VMAX 0 VLOCKUP 0 VDECR 0 V3SWAP 0 V2SWAP 0 NFC 0 NFB 0 NFS 0 NFPEN 0 NFT 0 TF 0
[SQ] 83053218: MC 0 MPC 0 TR 0 PMINT 0 PBURN 0 PSYNC 0 TC 0 LT 0 MG 0 VD 0 VDP 0 VWD 0 VLOCK 0 VUNLOCK 0 VCLOSE 0 VMAX 0 VLOCKUP 0 VDECR 0 V3SWAP 0 V2SWAP 0 NFC 0 NFB 0 NFS 0 NFPEN 0 NFT 0 TF 4
[SQ] 83053219: MC 0 MPC 0 TR 0 PMINT 0 PBURN 0 PSYNC 0 TC 0 LT 0 MG 0 VD 0 VDP 0 VWD 0 VLOCK 0 VUNLOCK 0 VCLOSE 0 VMAX 0 VLOCKUP 0 VDECR 0 V3SWAP 0 V2SWAP 0 NFC 0 NFB 0 NFS 0 NFPEN 0 NFT 0 TF 0
[SQ] 83053220: MC 0 MPC 0 TR 0 PMINT 0 PBURN 0 PSYNC 0 TC 0 LT 0 MG 0 VD 0 VDP 0 VWD 0 VLOCK 0 VUNLOCK 0 VCLOSE 0 VMAX 0 VLOCKUP 0 VDECR 0 V3SWAP 0 V2SWAP 0 NFC 0 NFB 0 NFS 0 NFPEN 0 NFT 0 TF 2
[SQ] 83053221: MC 0 MPC 0 TR 0 PMINT 0 PBURN 0 PSYNC 0 TC 0 LT 0 MG 0 VD 0 VDP 0 VWD 0 VLOCK 0 VUNLOCK 0 VCLOSE 0 VMAX 0 VLOCKUP 0 VDECR 0 V3SWAP 0 V2SWAP 0 NFC 0 NFB 0 NFS 0 NFPEN 0 NFT 0 TF 2
[SQ] 83053222: MC 0 MPC 0 TR 0 PMINT 0 PBURN 0 PSYNC 0 TC 0 LT 0 MG 0 VD 0 VDP 0 VWD 0 VLOCK 0 VUNLOCK 0 VCLOSE 0 VMAX 0 VLOCKUP 0 VDECR 0 V3SWAP 0 V2SWAP 0 NFC 0 NFB 0 NFS 0 NFPEN 0 NFT 0 TF 7
[SQ] 83053223: MC 0 MPC 0 TR 0 PMINT 0 PBURN 0 PSYNC 0 TC 0 LT 0 MG 0 VD 0 VDP 0 VWD 0 VLOCK 0 VUNLOCK 0 VCLOSE 0 VMAX 0 VLOCKUP 0 VDECR 0 V3SWAP 0 V2SWAP 0 NFC 0 NFB 0 NFS 0 NFPEN 0 NFT 0 TF 2
[SQ] 83053224: MC 0 MPC 0 TR 0 PMINT 0 PBURN 0 PSYNC 0 TC 0 LT 0 MG 0 VD 0 VDP 0 VWD 0 VLOCK 0 VUNLOCK 0 VCLOSE 0 VMAX 0 VLOCKUP 0 VDECR 0 V3SWAP 1 V2SWAP 0 NFC 0 NFB 0 NFS 0 NFPEN 0 NFT 0 TF 5
[SQ] 83053225: MC 0 MPC 0 TR 0 PMINT 0 PBURN 0 PSYNC 0 TC 0 LT 0 MG 0 VD 0 VDP 0 VWD 0 VLOCK 0 VUNLOCK 0 VCLOSE 0 VMAX 0 VLOCKUP 0 VDECR 0 V3SWAP 0 V2SWAP 0 NFC 0 NFB 0 NFS 0 NFPEN 0 NFT 0 TF 0
[SQ] 83053226: MC 0 MPC 0 TR 0 PMINT 0 PBURN 0 PSYNC 0 TC 0 LT 0 MG 0 VD 0 VDP 0 VWD 0 VLOCK 0 VUNLOCK 0 VCLOSE 0 VMAX 0 VLOCKUP 0 VDECR 0 V3SWAP 0 V2SWAP 0 NFC 0 NFB 0 NFS 0 NFPEN 0 NFT 0 TF 0
[SQ] 83053227: MC 0 MPC 0 TR 0 PMINT 0 PBURN 0 PSYNC 0 TC 0 LT 0 MG 0 VD 0 VDP 0 VWD 0 VLOCK 0 VUNLOCK 0 VCLOSE 0 VMAX 0 VLOCKUP 0 VDECR 0 V3SWAP 0 V2SWAP 0 NFC 0 NFB 0 NFS 0 NFPEN 0 NFT 0 TF 0
[SQ] 83053228: MC 0 MPC 0 TR 0 PMINT 0 PBURN 0 PSYNC 0 TC 0 LT 0 MG 0 VD 0 VDP 0 VWD 0 VLOCK 0 VUNLOCK 0 VCLOSE 0 VMAX 0 VLOCKUP 0 VDECR 0 V3SWAP 0 V2SWAP 0 NFC 0 NFB 0 NFS 0 NFPEN 0 NFT 0 TF 0
[SQ] 83053229: MC 0 MPC 0 TR 0 PMINT 0 PBURN 0 PSYNC 0 TC 0 LT 0 MG 0 VD 0 VDP 0 VWD 0 VLOCK 0 VUNLOCK 0 VCLOSE 0 VMAX 0 VLOCKUP 0 VDECR 0 V3SWAP 0 V2SWAP 0 NFC 0 NFB 0 NFS 0 NFPEN 0 NFT 0 TF 11
[SQ] 83053230: MC 0 MPC 0 TR 0 PMINT 0 PBURN 0 PSYNC 0 TC 0 LT 0 MG 0 VD 0 VDP 0 VWD 0 VLOCK 0 VUNLOCK 0 VCLOSE 0 VMAX 0 VLOCKUP 0 VDECR 0 V3SWAP 0 V2SWAP 0 NFC 0 NFB 0 NFS 0 NFPEN 0 NFT 0 TF 0
[SQ] 83053231: MC 0 MPC 0 TR 0 PMINT 0 PBURN 0 PSYNC 0 TC 0 LT 0 MG 0 VD 0 VDP 0 VWD 0 VLOCK 0 VUNLOCK 0 VCLOSE 0 VMAX 0 VLOCKUP 0 VDECR 0 V3SWAP 1 V2SWAP 0 NFC 0 NFB 0 NFS 0 NFPEN 0 NFT 0 TF 12
[SQ] 83053232: MC 0 MPC 0 TR 0 PMINT 0 PBURN 0 PSYNC 0 TC 0 LT 0 MG 0 VD 0 VDP 0 VWD 0 VLOCK 0 VUNLOCK 0 VCLOSE 0 VMAX 0 VLOCKUP 0 VDECR 0 V3SWAP 0 V2SWAP 0 NFC 0 NFB 0 NFS 0 NFPEN 0 NFT 0 TF 0
[SQ] 83053233: MC 0 MPC 0 TR 0 PMINT 0 PBURN 0 PSYNC 0 TC 0 LT 0 MG 0 VD 0 VDP 0 VWD 0 VLOCK 0 VUNLOCK 0 VCLOSE 0 VMAX 0 VLOCKUP 0 VDECR 0 V3SWAP 0 V2SWAP 0 NFC 0 NFB 0 NFS 0 NFPEN 0 NFT 0 TF 0
[SQ] 83053234: MC 0 MPC 0 TR 0 PMINT 0 PBURN 0 PSYNC 0 TC 0 LT 0 MG 0 VD 0 VDP 0 VWD 0 VLOCK 0 VUNLOCK 0 VCLOSE 0 VMAX 0 VLOCKUP 0 VDECR 0 V3SWAP 0 V2SWAP 0 NFC 0 NFB 0 NFS 0 NFPEN 0 NFT 0 TF 0
[SQ] 83053235: MC 0 MPC 0 TR 0 PMINT 0 PBURN 0 PSYNC 0 TC 0 LT 0 MG 0 VD 0 VDP 0 VWD 0 VLOCK 0 VUNLOCK 0 VCLOSE 0 VMAX 0 VLOCKUP 0 VDECR 0 V3SWAP 0 V2SWAP 0 NFC 0 NFB 0 NFS 0 NFPEN 0 NFT 0 TF 0
[SQ] 83053236: MC 0 MPC 0 TR 0 PMINT 0 PBURN 0 PSYNC 0 TC 0 LT 0 MG 0 VD 0 VDP 0 VWD 0 VLOCK 0 VUNLOCK 0 VCLOSE 0 VMAX 0 VLOCKUP 0 VDECR 0 V3SWAP 0 V2SWAP 0 NFC 0 NFB 0 NFS 0 NFPEN 0 NFT 0 TF 0
[SQ] 83053237: MC 0 MPC 0 TR 0 PMINT 0 PBURN 0 PSYNC 0 TC 0 LT 0 MG 0 VD 0 VDP 0 VWD 0 VLOCK 0 VUNLOCK 0 VCLOSE 0 VMAX 0 VLOCKUP 0 VDECR 0 V3SWAP 0 V2SWAP 0 NFC 0 NFB 0 NFS 0 NFPEN 0 NFT 0 TF 2
[SQ] 83053238: MC 0 MPC 0 TR 0 PMINT 0 PBURN 0 PSYNC 0 TC 0 LT 0 MG 0 VD 0 VDP 0 VWD 0 VLOCK 0 VUNLOCK 0 VCLOSE 0 VMAX 0 VLOCKUP 0 VDECR 0 V3SWAP 1 V2SWAP 0 NFC 0 NFB 0 NFS 0 NFPEN 0 NFT 0 TF 3
[SQ] 83053239: MC 0 MPC 0 TR 0 PMINT 0 PBURN 0 PSYNC 0 TC 0 LT 0 MG 0 VD 0 VDP 0 VWD 0 VLOCK 0 VUNLOCK 0 VCLOSE 0 VMAX 0 VLOCKUP 0 VDECR 0 V3SWAP 0 V2SWAP 0 NFC 0 NFB 0 NFS 0 NFPEN 0 NFT 0 TF 0
[SQ] 83053240: MC 0 MPC 0 TR 0 PMINT 0 PBURN 0 PSYNC 0 TC 0 LT 0 MG 0 VD 0 VDP 0 VWD 0 VLOCK 0 VUNLOCK 0 VCLOSE 0 VMAX 0 VLOCKUP 0 VDECR 0 V3SWAP 0 V2SWAP 0 NFC 0 NFB 0 NFS 0 NFPEN 0 NFT 0 TF 6
[SQ] 83053241: MC 0 MPC 0 TR 0 PMINT 0 PBURN 0 PSYNC 0 TC 0 LT 0 MG 0 VD 0 VDP 0 VWD 0 VLOCK 0 VUNLOCK 0 VCLOSE 0 VMAX 0 VLOCKUP 0 VDECR 0 V3SWAP 1 V2SWAP 0 NFC 0 NFB 0 NFS 0 NFPEN 0 NFT 0 TF 3
[SQ] 83053242: MC 0 MPC 0 TR 0 PMINT 0 PBURN 0 PSYNC 0 TC 0 LT 0 MG 0 VD 0 VDP 0 VWD 0 VLOCK 0 VUNLOCK 0 VCLOSE 0 VMAX 0 VLOCKUP 0 VDECR 0 V3SWAP 0 V2SWAP 0 NFC 0 NFB 0 NFS 0 NFPEN 0 NFT 0 TF 8
[SQ] 83053243: MC 0 MPC 0 TR 0 PMINT 0 PBURN 0 PSYNC 0 TC 0 LT 0 MG 0 VD 0 VDP 0 VWD 0 VLOCK 0 VUNLOCK 0 VCLOSE 0 VMAX 0 VLOCKUP 0 VDECR 0 V3SWAP 0 V2SWAP 0 NFC 0 NFB 0 NFS 0 NFPEN 0 NFT 0 TF 4
[SQ] 83053244: MC 0 MPC 0 TR 0 PMINT 0 PBURN 0 PSYNC 0 TC 0 LT 0 MG 0 VD 0 VDP 0 VWD 0 VLOCK 0 VUNLOCK 0 VCLOSE 0 VMAX 0 VLOCKUP 0 VDECR 0 V3SWAP 0 V2SWAP 0 NFC 0 NFB 0 NFS 0 NFPEN 0 NFT 0 TF 0
[SQ] 83053245: MC 0 MPC 0 TR 0 PMINT 0 PBURN 0 PSYNC 0 TC 0 LT 0 MG 0 VD 0 VDP 0 VWD 0 VLOCK 0 VUNLOCK 0 VCLOSE 0 VMAX 0 VLOCKUP 0 VDECR 0 V3SWAP 0 V2SWAP 0 NFC 0 NFB 0 NFS 0 NFPEN 0 NFT 0 TF 0
[SQ] 83053246: MC 0 MPC 0 TR 0 PMINT 0 PBURN 0 PSYNC 0 TC 0 LT 0 MG 0 VD 0 VDP 0 VWD 0 VLOCK 0 VUNLOCK 0 VCLOSE 0 VMAX 0 VLOCKUP 0 VDECR 0 V3SWAP 0 V2SWAP 0 NFC 0 NFB 0 NFS 0 NFPEN 0 NFT 0 TF 0
[SQ] 83053247: MC 0 MPC 0 TR 0 PMINT 0 PBURN 0 PSYNC 0 TC 0 LT 0 MG 0 VD 0 VDP 0 VWD 0 VLOCK 0 VUNLOCK 0 VCLOSE 0 VMAX 0 VLOCKUP 0 VDECR 0 V3SWAP 0 V2SWAP 0 NFC 0 NFB 0 NFS 0 NFPEN 0 NFT 0 TF 0
[SQ] 83053248: MC 0 MPC 0 TR 0 PMINT 0 PBURN 0 PSYNC 0 TC 0 LT 0 MG 0 VD 0 VDP 0 VWD 0 VLOCK 0 VUNLOCK 0 VCLOSE 0 VMAX 0 VLOCKUP 0 VDECR 0 V3SWAP 0 V2SWAP 0 NFC 0 NFB 0 NFS 0 NFPEN 0 NFT 0 TF 0
[SQ] 83053249: MC 0 MPC 0 TR 0 PMINT 0 PBURN 0 PSYNC 0 TC 0 LT 0 MG 0 VD 0 VDP 0 VWD 0 VLOCK 0 VUNLOCK 0 VCLOSE 0 VMAX 0 VLOCKUP 0 VDECR 0 V3SWAP 0 V2SWAP 0 NFC 0 NFB 0 NFS 0 NFPEN 0 NFT 0 TF 0
[SQ] 83053250: MC 0 MPC 0 TR 0 PMINT 0 PBURN 0 PSYNC 0 TC 0 LT 0 MG 0 VD 0 VDP 0 VWD 0 VLOCK 0 VUNLOCK 0 VCLOSE 0 VMAX 0 VLOCKUP 0 VDECR 0 V3SWAP 0 V2SWAP 0 NFC 0 NFB 0 NFS 0 NFPEN 0 NFT 0 TF 0
[SQ] 83053251: MC 0 MPC 0 TR 0 PMINT 0 PBURN 0 PSYNC 0 TC 0 LT 0 MG 0 VD 0 VDP 0 VWD 0 VLOCK 0 VUNLOCK 0 VCLOSE 0 VMAX 0 VLOCKUP 0 VDECR 0 V3SWAP 0 V2SWAP 0 NFC 0 NFB 0 NFS 0 NFPEN 0 NFT 0 TF 0
[SQ] 83053252: MC 0 MPC 0 TR 0 PMINT 0 PBURN 0 PSYNC 0 TC 0 LT 0 MG 0 VD 0 VDP 0 VWD 0 VLOCK 0 VUNLOCK 0 VCLOSE 0 VMAX 0 VLOCKUP 0 VDECR 0 V3SWAP 0 V2SWAP 0 NFC 0 NFB 0 NFS 0 NFPEN 0 NFT 0 TF 0
[SQ] 83053253: MC 0 MPC 0 TR 0 PMINT 0 PBURN 0 PSYNC 0 TC 0 LT 0 MG 0 VD 0 VDP 0 VWD 0 VLOCK 0 VUNLOCK 0 VCLOSE 0 VMAX 0 VLOCKUP 0 VDECR 0 V3SWAP 0 V2SWAP 0 NFC 0 NFB 0 NFS 0 NFPEN 0 NFT 0 TF 0
[SQ] 83053254: MC 0 MPC 0 TR 0 PMINT 0 PBURN 0 PSYNC 0 TC 0 LT 0 MG 0 VD 0 VDP 0 VWD 0 VLOCK 0 VUNLOCK 0 VCLOSE 0 VMAX 0 VLOCKUP 0 VDECR 0 V3SWAP 0 V2SWAP 0 NFC 0 NFB 0 NFS 0 NFPEN 0 NFT 0 TF 0
[SQ] 83053255: MC 0 MPC 0 TR 0 PMINT 0 PBURN 0 PSYNC 0 TC 0 LT 0 MG 0 VD 0 VDP 0 VWD 0 VLOCK 0 VUNLOCK 0 VCLOSE 0 VMAX 0 VLOCKUP 0 VDECR 0 V3SWAP 0 V2SWAP 0 NFC 0 NFB 0 NFS 0 NFPEN 0 NFT 0 TF 2
[SQ] 83053256: MC 0 MPC 0 TR 0 PMINT 0 PBURN 0 PSYNC 0 TC 0 LT 0 MG 0 VD 0 VDP 0 VWD 0 VLOCK 0 VUNLOCK 0 VCLOSE 0 VMAX 0 VLOCKUP 0 VDECR 0 V3SWAP 0 V2SWAP 0 NFC 0 NFB 0 NFS 0 NFPEN 0 NFT 0 TF 0
[SQ] 83053257: MC 0 MPC 0 TR 0 PMINT 0 PBURN 0 PSYNC 0 TC 0 LT 0 MG 0 VD 0 VDP 0 VWD 0 VLOCK 0 VUNLOCK 0 VCLOSE 0 VMAX 0 VLOCKUP 0 VDECR 0 V3SWAP 0 V2SWAP 0 NFC 0 NFB 0 NFS 0 NFPEN 0 NFT 0 TF 0
[SQ] 83053258: MC 0 MPC 0 TR 0 PMINT 0 PBURN 0 PSYNC 0 TC 0 LT 0 MG 0 VD 0 VDP 0 VWD 0 VLOCK 0 VUNLOCK 0 VCLOSE 0 VMAX 0 VLOCKUP 0 VDECR 0 V3SWAP 0 V2SWAP 0 NFC 0 NFB 0 NFS 0 NFPEN 0 NFT 0 TF 8
[SQ] 83053259: MC 0 MPC 0 TR 0 PMINT 0 PBURN 0 PSYNC 0 TC 0 LT 0 MG 0 VD 0 VDP 0 VWD 0 VLOCK 0 VUNLOCK 0 VCLOSE 0 VMAX 0 VLOCKUP 0 VDECR 0 V3SWAP 0 V2SWAP 0 NFC 0 NFB 0 NFS 0 NFPEN 0 NFT 0 TF 3
[SQ] 83053260: MC 0 MPC 0 TR 0 PMINT 0 PBURN 0 PSYNC 0 TC 0 LT 0 MG 0 VD 0 VDP 0 VWD 0 VLOCK 0 VUNLOCK 0 VCLOSE 0 VMAX 0 VLOCKUP 0 VDECR 0 V3SWAP 1 V2SWAP 0 NFC 0 NFB 0 NFS 0 NFPEN 0 NFT 0 TF 3
[SQ] 83053261: MC 0 MPC 0 TR 0 PMINT 0 PBURN 0 PSYNC 0 TC 0 LT 0 MG 0 VD 0 VDP 0 VWD 0 VLOCK 0 VUNLOCK 0 VCLOSE 0 VMAX 0 VLOCKUP 0 VDECR 0 V3SWAP 0 V2SWAP 0 NFC 0 NFB 0 NFS 0 NFPEN 0 NFT 0 TF 2
[SQ] 83053262: MC 0 MPC 0 TR 0 PMINT 0 PBURN 0 PSYNC 0 TC 0 LT 0 MG 0 VD 0 VDP 0 VWD 0 VLOCK 0 VUNLOCK 0 VCLOSE 0 VMAX 0 VLOCKUP 0 VDECR 0 V3SWAP 0 V2SWAP 0 NFC 0 NFB 0 NFS 0 NFPEN 0 NFT 0 TF 0
[SQ] 83053263: MC 0 MPC 0 TR 0 PMINT 0 PBURN 0 PSYNC 0 TC 0 LT 0 MG 0 VD 0 VDP 0 VWD 0 VLOCK 0 VUNLOCK 0 VCLOSE 0 VMAX 0 VLOCKUP 0 VDECR 0 V3SWAP 0 V2SWAP 0 NFC 0 NFB 0 NFS 0 NFPEN 0 NFT 0 TF 0
[SQ] 83053264: MC 0 MPC 0 TR 0 PMINT 0 PBURN 0 PSYNC 0 TC 0 LT 0 MG 0 VD 0 VDP 0 VWD 0 VLOCK 0 VUNLOCK 0 VCLOSE 0 VMAX 0 VLOCKUP 0 VDECR 0 V3SWAP 0 V2SWAP 0 NFC 0 NFB 0 NFS 0 NFPEN 0 NFT 0 TF 0
[SQ] 83053265: MC 0 MPC 0 TR 0 PMINT 0 PBURN 0 PSYNC 0 TC 0 LT 0 MG 0 VD 0 VDP 0 VWD 0 VLOCK 0 VUNLOCK 0 VCLOSE 0 VMAX 0 VLOCKUP 0 VDECR 0 V3SWAP 0 V2SWAP 0 NFC 0 NFB 0 NFS 0 NFPEN 0 NFT 0 TF 0
[SQ] 83053266: MC 0 MPC 0 TR 0 PMINT 0 PBURN 0 PSYNC 0 TC 0 LT 0 MG 0 VD 0 VDP 0 VWD 0 VLOCK 0 VUNLOCK 0 VCLOSE 0 VMAX 0 VLOCKUP 0 VDECR 0 V3SWAP 0 V2SWAP 0 NFC 0 NFB 0 NFS 0 NFPEN 0 NFT 0 TF 2
[SQ] 83053267: MC 0 MPC 0 TR 0 PMINT 0 PBURN 0 PSYNC 0 TC 0 LT 0 MG 0 VD 0 VDP 0 VWD 0 VLOCK 0 VUNLOCK 0 VCLOSE 0 VMAX 0 VLOCKUP 0 VDECR 0 V3SWAP 0 V2SWAP 0 NFC 0 NFB 0 NFS 0 NFPEN 0 NFT 0 TF 0
[SQ] 83053268: MC 0 MPC 0 TR 0 PMINT 0 PBURN 0 PSYNC 0 TC 0 LT 0 MG 0 VD 0 VDP 0 VWD 0 VLOCK 0 VUNLOCK 0 VCLOSE 0 VMAX 0 VLOCKUP 0 VDECR 0 V3SWAP 0 V2SWAP 0 NFC 0 NFB 0 NFS 0 NFPEN 0 NFT 0 TF 0
[SQ] 83053269: MC 0 MPC 0 TR 0 PMINT 0 PBURN 0 PSYNC 0 TC 0 LT 0 MG 0 VD 0 VDP 0 VWD 0 VLOCK 0 VUNLOCK 0 VCLOSE 0 VMAX 0 VLOCKUP 0 VDECR 0 V3SWAP 0 V2SWAP 0 NFC 0 NFB 0 NFS 0 NFPEN 0 NFT 0 TF 0
[SQ] 83053270: MC 0 MPC 0 TR 0 PMINT 0 PBURN 0 PSYNC 0 TC 0 LT 0 MG 0 VD 0 VDP 0 VWD 0 VLOCK 0 VUNLOCK 0 VCLOSE 0 VMAX 0 VLOCKUP 0 VDECR 0 V3SWAP 0 V2SWAP 0 NFC 0 NFB 0 NFS 0 NFPEN 0 NFT 0 TF 1
[SQ] 83053271: MC 0 MPC 0 TR 0 PMINT 0 PBURN 0 PSYNC 0 TC 0 LT 0 MG 0 VD 0 VDP 0 VWD 0 VLOCK 0 VUNLOCK 0 VCLOSE 0 VMAX 0 VLOCKUP 0 VDECR 0 V3SWAP 0 V2SWAP 0 NFC 0 NFB 0 NFS 0 NFPEN 0 NFT 0 TF 2
[SQ] 83053272: MC 0 MPC 0 TR 0 PMINT 0 PBURN 0 PSYNC 0 TC 0 LT 0 MG 0 VD 0 VDP 0 VWD 0 VLOCK 0 VUNLOCK 0 VCLOSE 0 VMAX 0 VLOCKUP 0 VDECR 0 V3SWAP 0 V2SWAP 0 NFC 0 NFB 0 NFS 0 NFPEN 0 NFT 0 TF 0
[SQ] 83053273: MC 0 MPC 0 TR 0 PMINT 0 PBURN 0 PSYNC 0 TC 0 LT 0 MG 0 VD 0 VDP 0 VWD 0 VLOCK 0 VUNLOCK 0 VCLOSE 0 VMAX 0 VLOCKUP 0 VDECR 0 V3SWAP 1 V2SWAP 0 NFC 0 NFB 0 NFS 0 NFPEN 0 NFT 0 TF 5
[SQ] 83053274: MC 0 MPC 0 TR 0 PMINT 0 PBURN 0 PSYNC 0 TC 0 LT 0 MG 0 VD 0 VDP 0 VWD 0 VLOCK 0 VUNLOCK 0 VCLOSE 0 VMAX 0 VLOCKUP 0 VDECR 0 V3SWAP 0 V2SWAP 0 NFC 0 NFB 0 NFS 0 NFPEN 0 NFT 0 TF 2
[SQ] 83053275: MC 0 MPC 0 TR 0 PMINT 0 PBURN 0 PSYNC 0 TC 0 LT 0 MG 0 VD 0 VDP 0 VWD 0 VLOCK 0 VUNLOCK 0 VCLOSE 0 VMAX 0 VLOCKUP 0 VDECR 0 V3SWAP 0 V2SWAP 0 NFC 0 NFB 0 NFS 0 NFPEN 0 NFT 0 TF 0
[SQ] 83053276: MC 0 MPC 0 TR 0 PMINT 0 PBURN 0 PSYNC 0 TC 0 LT 0 MG 0 VD 0 VDP 0 VWD 0 VLOCK 0 VUNLOCK 0 VCLOSE 0 VMAX 0 VLOCKUP 0 VDECR 0 V3SWAP 0 V2SWAP 0 NFC 0 NFB 0 NFS 0 NFPEN 0 NFT 0 TF 11
[SQ] 83053277: MC 0 MPC 0 TR 0 PMINT 0 PBURN 0 PSYNC 0 TC 0 LT 0 MG 0 VD 0 VDP 0 VWD 0 VLOCK 0 VUNLOCK 0 VCLOSE 0 VMAX 0 VLOCKUP 0 VDECR 0 V3SWAP 0 V2SWAP 0 NFC 0 NFB 0 NFS 0 NFPEN 0 NFT 0 TF 20
[SQ] 83053278: MC 0 MPC 0 TR 0 PMINT 0 PBURN 0 PSYNC 0 TC 0 LT 0 MG 0 VD 0 VDP 0 VWD 0 VLOCK 0 VUNLOCK 0 VCLOSE 0 VMAX 0 VLOCKUP 0 VDECR 0 V3SWAP 0 V2SWAP 0 NFC 0 NFB 0 NFS 0 NFPEN 0 NFT 0 TF 7
[SQ] 83053279: MC 0 MPC 0 TR 0 PMINT 0 PBURN 0 PSYNC 0 TC 0 LT 0 MG 0 VD 0 VDP 0 VWD 0 VLOCK 0 VUNLOCK 0 VCLOSE 0 VMAX 0 VLOCKUP 0 VDECR 0 V3SWAP 1 V2SWAP 0 NFC 0 NFB 0 NFS 0 NFPEN 0 NFT 0 TF 8
[SQ] 83053280: MC 0 MPC 0 TR 0 PMINT 0 PBURN 0 PSYNC 0 TC 0 LT 0 MG 0 VD 0 VDP 0 VWD 0 VLOCK 0 VUNLOCK 0 VCLOSE 0 VMAX 0 VLOCKUP 0 VDECR 0 V3SWAP 0 V2SWAP 0 NFC 0 NFB 0 NFS 0 NFPEN 0 NFT 0 TF 2
[SQ] 83053281: MC 0 MPC 0 TR 0 PMINT 0 PBURN 0 PSYNC 0 TC 0 LT 0 MG 0 VD 0 VDP 0 VWD 0 VLOCK 0 VUNLOCK 0 VCLOSE 0 VMAX 0 VLOCKUP 0 VDECR 0 V3SWAP 0 V2SWAP 0 NFC 0 NFB 0 NFS 0 NFPEN 0 NFT 0 TF 0
[SQ] 83053282: MC 0 MPC 0 TR 0 PMINT 0 PBURN 0 PSYNC 0 TC 0 LT 0 MG 0 VD 0 VDP 0 VWD 0 VLOCK 0 VUNLOCK 0 VCLOSE 0 VMAX 0 VLOCKUP 0 VDECR 0 V3SWAP 0 V2SWAP 0 NFC 0 NFB 0 NFS 0 NFPEN 0 NFT 0 TF 0
[SQ] 83053283: MC 0 MPC 0 TR 0 PMINT 0 PBURN 0 PSYNC 0 TC 0 LT 0 MG 0 VD 0 VDP 0 VWD 0 VLOCK 0 VUNLOCK 0 VCLOSE 0 VMAX 0 VLOCKUP 0 VDECR 0 V3SWAP 0 V2SWAP 0 NFC 0 NFB 0 NFS 0 NFPEN 0 NFT 0 TF 5
[SQ] 83053284: MC 0 MPC 0 TR 0 PMINT 0 PBURN 0 PSYNC 0 TC 0 LT 0 MG 0 VD 0 VDP 0 VWD 0 VLOCK 0 VUNLOCK 0 VCLOSE 0 VMAX 0 VLOCKUP 0 VDECR 0 V3SWAP 0 V2SWAP 0 NFC 0 NFB 0 NFS 0 NFPEN 0 NFT 0 TF 6
[SQ] 83053285: MC 0 MPC 0 TR 0 PMINT 0 PBURN 0 PSYNC 0 TC 0 LT 0 MG 0 VD 0 VDP 0 VWD 0 VLOCK 0 VUNLOCK 0 VCLOSE 0 VMAX 0 VLOCKUP 0 VDECR 0 V3SWAP 0 V2SWAP 0 NFC 0 NFB 0 NFS 0 NFPEN 0 NFT 0 TF 2
[SQ] 83053286: MC 0 MPC 0 TR 0 PMINT 0 PBURN 0 PSYNC 0 TC 0 LT 0 MG 0 VD 0 VDP 0 VWD 0 VLOCK 0 VUNLOCK 0 VCLOSE 0 VMAX 0 VLOCKUP 0 VDECR 0 V3SWAP 0 V2SWAP 0 NFC 0 NFB 0 NFS 0 NFPEN 0 NFT 0 TF 0
[SQ] 83053287: MC 0 MPC 0 TR 0 PMINT 0 PBURN 0 PSYNC 0 TC 0 LT 0 MG 0 VD 0 VDP 0 VWD 0 VLOCK 0 VUNLOCK 0 VCLOSE 0 VMAX 0 VLOCKUP 0 VDECR 0 V3SWAP 0 V2SWAP 0 NFC 0 NFB 0 NFS 0 NFPEN 0 NFT 0 TF 7
[SQ] 83053288: MC 0 MPC 0 TR 0 PMINT 0 PBURN 0 PSYNC 0 TC 0 LT 0 MG 0 VD 0 VDP 0 VWD 0 VLOCK 0 VUNLOCK 0 VCLOSE 0 VMAX 0 VLOCKUP 0 VDECR 0 V3SWAP 0 V2SWAP 0 NFC 0 NFB 0 NFS 0 NFPEN 0 NFT 0 TF 2
[SQ] 83053289: MC 0 MPC 0 TR 0 PMINT 0 PBURN 0 PSYNC 0 TC 0 LT 0 MG 0 VD 0 VDP 0 VWD 0 VLOCK 0 VUNLOCK 0 VCLOSE 0 VMAX 0 VLOCKUP 0 VDECR 0 V3SWAP 0 V2SWAP 0 NFC 0 NFB 0 NFS 0 NFPEN 0 NFT 0 TF 7
[SQ] 83053290: MC 0 MPC 0 TR 0 PMINT 0 PBURN 0 PSYNC 0 TC 0 LT 0 MG 0 VD 0 VDP 0 VWD 0 VLOCK 0 VUNLOCK 0 VCLOSE 0 VMAX 0 VLOCKUP 0 VDECR 0 V3SWAP 0 V2SWAP 0 NFC 0 NFB 0 NFS 0 NFPEN 0 NFT 0 TF 0
[SQ] 83053291: MC 0 MPC 0 TR 0 PMINT 0 PBURN 0 PSYNC 0 TC 0 LT 0 MG 0 VD 0 VDP 0 VWD 0 VLOCK 0 VUNLOCK 0 VCLOSE 0 VMAX 0 VLOCKUP 0 VDECR 0 V3SWAP 0 V2SWAP 0 NFC 0 NFB 0 NFS 0 NFPEN 0 NFT 0 TF 0
[SQ] 83053292: MC 0 MPC 0 TR 0 PMINT 0 PBURN 0 PSYNC 0 TC 0 LT 0 MG 0 VD 0 VDP 0 VWD 0 VLOCK 0 VUNLOCK 0 VCLOSE 0 VMAX 0 VLOCKUP 0 VDECR 0 V3SWAP 0 V2SWAP 0 NFC 0 NFB 0 NFS 0 NFPEN 0 NFT 0 TF 2
[SQ] 83053293: MC 0 MPC 0 TR 0 PMINT 0 PBURN 0 PSYNC 0 TC 0 LT 0 MG 0 VD 0 VDP 0 VWD 0 VLOCK 0 VUNLOCK 0 VCLOSE 0 VMAX 0 VLOCKUP 0 VDECR 0 V3SWAP 0 V2SWAP 0 NFC 0 NFB 0 NFS 0 NFPEN 0 NFT 0 TF 4
[SQ] 83053294: MC 0 MPC 0 TR 0 PMINT 0 PBURN 0 PSYNC 0 TC 0 LT 0 MG 0 VD 0 VDP 0 VWD 0 VLOCK 0 VUNLOCK 0 VCLOSE 0 VMAX 0 VLOCKUP 0 VDECR 0 V3SWAP 0 V2SWAP 0 NFC 0 NFB 0 NFS 0 NFPEN 0 NFT 0 TF 0
[SQ] 83053295: MC 0 MPC 0 TR 0 PMINT 0 PBURN 0 PSYNC 0 TC 0 LT 0 MG 0 VD 0 VDP 0 VWD 0 VLOCK 0 VUNLOCK 0 VCLOSE 0 VMAX 0 VLOCKUP 0 VDECR 0 V3SWAP 1 V2SWAP 0 NFC 0 NFB 0 NFS 0 NFPEN 0 NFT 0 TF 2
[SQ] 83053296: MC 0 MPC 0 TR 0 PMINT 0 PBURN 0 PSYNC 0 TC 0 LT 0 MG 0 VD 0 VDP 0 VWD 0 VLOCK 0 VUNLOCK 0 VCLOSE 0 VMAX 0 VLOCKUP 0 VDECR 0 V3SWAP 1 V2SWAP 0 NFC 0 NFB 0 NFS 0 NFPEN 0 NFT 0 TF 3
[SQ] 83053297: MC 0 MPC 0 TR 0 PMINT 0 PBURN 0 PSYNC 0 TC 0 LT 0 MG 0 VD 0 VDP 0 VWD 0 VLOCK 0 VUNLOCK 0 VCLOSE 0 VMAX 0 VLOCKUP 0 VDECR 0 V3SWAP 0 V2SWAP 0 NFC 0 NFB 0 NFS 0 NFPEN 0 NFT 0 TF 0
[SQ] 83053298: MC 0 MPC 0 TR 0 PMINT 0 PBURN 0 PSYNC 0 TC 0 LT 0 MG 0 VD 0 VDP 0 VWD 0 VLOCK 0 VUNLOCK 0 VCLOSE 0 VMAX 0 VLOCKUP 0 VDECR 0 V3SWAP 0 V2SWAP 0 NFC 0 NFB 0 NFS 0 NFPEN 0 NFT 0 TF 2
[SQ] 83053299: MC 0 MPC 0 TR 0 PMINT 0 PBURN 0 PSYNC 0 TC 0 LT 0 MG 0 VD 0 VDP 0 VWD 0 VLOCK 0 VUNLOCK 0 VCLOSE 0 VMAX 0 VLOCKUP 0 VDECR 0 V3SWAP 0 V2SWAP 0 NFC 0 NFB 0 NFS 0 NFPEN 0 NFT 0 TF 4
[SQ] 83053300: MC 0 MPC 0 TR 0 PMINT 0 PBURN 0 PSYNC 0 TC 0 LT 0 MG 0 VD 0 VDP 0 VWD 0 VLOCK 0 VUNLOCK 0 VCLOSE 0 VMAX 0 VLOCKUP 0 VDECR 0 V3SWAP 0 V2SWAP 0 NFC 0 NFB 0 NFS 0 NFPEN 0 NFT 0 TF 0
[SQ] 83053301: MC 0 MPC 0 TR 0 PMINT 0 PBURN 0 PSYNC 0 TC 0 LT 0 MG 0 VD 0 VDP 0 VWD 0 VLOCK 0 VUNLOCK 0 VCLOSE 0 VMAX 0 VLOCKUP 0 VDECR 0 V3SWAP 0 V2SWAP 0 NFC 0 NFB 0 NFS 0 NFPEN 0 NFT 0 TF 0
[SQ] 83053302: MC 0 MPC 0 TR 0 PMINT 0 PBURN 0 PSYNC 0 TC 0 LT 0 MG 0 VD 0 VDP 0 VWD 0 VLOCK 0 VUNLOCK 0 VCLOSE 0 VMAX 0 VLOCKUP 0 VDECR 0 V3SWAP 0 V2SWAP 0 NFC 0 NFB 0 NFS 0 NFPEN 0 NFT 0 TF 0
[SQ] 83053303: MC 0 MPC 0 TR 0 PMINT 0 PBURN 0 PSYNC 0 TC 0 LT 0 MG 0 VD 0 VDP 0 VWD 0 VLOCK 0 VUNLOCK 0 VCLOSE 0 VMAX 0 VLOCKUP 0 VDECR 0 V3SWAP 0 V2SWAP 0 NFC 0 NFB 0 NFS 0 NFPEN 0 NFT 0 TF 0
[SQ] 83053304: MC 0 MPC 0 TR 0 PMINT 0 PBURN 0 PSYNC 0 TC 0 LT 0 MG 0 VD 0 VDP 0 VWD 0 VLOCK 0 VUNLOCK 0 VCLOSE 0 VMAX 0 VLOCKUP 0 VDECR 0 V3SWAP 0 V2SWAP 0 NFC 0 NFB 0 NFS 0 NFPEN 0 NFT 0 TF 0
[SQ] 83053305: MC 0 MPC 0 TR 0 PMINT 0 PBURN 0 PSYNC 0 TC 0 LT 0 MG 0 VD 0 VDP 0 VWD 0 VLOCK 0 VUNLOCK 0 VCLOSE 0 VMAX 0 VLOCKUP 0 VDECR 0 V3SWAP 0 V2SWAP 0 NFC 0 NFB 0 NFS 0 NFPEN 0 NFT 0 TF 0
[SQ] 83053306: MC 0 MPC 0 TR 0 PMINT 0 PBURN 0 PSYNC 0 TC 0 LT 0 MG 0 VD 0 VDP 0 VWD 0 VLOCK 0 VUNLOCK 0 VCLOSE 0 VMAX 0 VLOCKUP 0 VDECR 0 V3SWAP 0 V2SWAP 0 NFC 0 NFB 0 NFS 0 NFPEN 0 NFT 0 TF 0
[SQ] 83053307: MC 0 MPC 0 TR 0 PMINT 0 PBURN 0 PSYNC 0 TC 0 LT 0 MG 0 VD 0 VDP 0 VWD 0 VLOCK 0 VUNLOCK 0 VCLOSE 0 VMAX 0 VLOCKUP 0 VDECR 0 V3SWAP 0 V2SWAP 0 NFC 0 NFB 0 NFS 0 NFPEN 0 NFT 0 TF 0
[SQ] 83053308: MC 0 MPC 0 TR 0 PMINT 0 PBURN 0 PSYNC 0 TC 0 LT 0 MG 0 VD 0 VDP 0 VWD 0 VLOCK 0 VUNLOCK 0 VCLOSE 0 VMAX 0 VLOCKUP 0 VDECR 0 V3SWAP 0 V2SWAP 0 NFC 0 NFB 0 NFS 0 NFPEN 0 NFT 0 TF 0
[SQ] 83053309: MC 0 MPC 0 TR 0 PMINT 0 PBURN 0 PSYNC 0 TC 0 LT 0 MG 0 VD 0 VDP 0 VWD 0 VLOCK 0 VUNLOCK 0 VCLOSE 0 VMAX 0 VLOCKUP 0 VDECR 0 V3SWAP 1 V2SWAP 0 NFC 0 NFB 0 NFS 0 NFPEN 0 NFT 0 TF 3
[SQ] 83053310: MC 0 MPC 0 TR 0 PMINT 0 PBURN 0 PSYNC 0 TC 0 LT 0 MG 0 VD 0 VDP 0 VWD 0 VLOCK 0 VUNLOCK 0 VCLOSE 0 VMAX 0 VLOCKUP 0 VDECR 0 V3SWAP 0 V2SWAP 0 NFC 0 NFB 0 NFS 0 NFPEN 0 NFT 0 TF 0
[SQ] 83053311: MC 0 MPC 0 TR 0 PMINT 0 PBURN 0 PSYNC 0 TC 0 LT 0 MG 0 VD 0 VDP 0 VWD 0 VLOCK 0 VUNLOCK 0 VCLOSE 0 VMAX 0 VLOCKUP 0 VDECR 0 V3SWAP 0 V2SWAP 0 NFC 0 NFB 0 NFS 0 NFPEN 0 NFT 0 TF 0
[SQ] 83053312: MC 0 MPC 0 TR 0 PMINT 0 PBURN 0 PSYNC 0 TC 0 LT 0 MG 0 VD 0 VDP 0 VWD 0 VLOCK 0 VUNLOCK 0 VCLOSE 0 VMAX 0 VLOCKUP 0 VDECR 0 V3SWAP 0 V2SWAP 0 NFC 0 NFB 0 NFS 0 NFPEN 0 NFT 0 TF 0
[SQ] 83053313: MC 0 MPC 0 TR 0 PMINT 0 PBURN 0 PSYNC 0 TC 0 LT 0 MG 0 VD 0 VDP 0 VWD 0 VLOCK 0 VUNLOCK 0 VCLOSE 0 VMAX 0 VLOCKUP 0 VDECR 0 V3SWAP 0 V2SWAP 0 NFC 0 NFB 0 NFS 0 NFPEN 0 NFT 0 TF 3
[SQ] 83053314: MC 0 MPC 0 TR 0 PMINT 0 PBURN 0 PSYNC 0 TC 0 LT 0 MG 0 VD 0 VDP 0 VWD 0 VLOCK 0 VUNLOCK 0 VCLOSE 0 VMAX 0 VLOCKUP 0 VDECR 0 V3SWAP 0 V2SWAP 0 NFC 0 NFB 0 NFS 0 NFPEN 0 NFT 0 TF 0
[SQ] 83053315: MC 0 MPC 0 TR 0 PMINT 0 PBURN 0 PSYNC 0 TC 0 LT 0 MG 0 VD 0 VDP 0 VWD 0 VLOCK 0 VUNLOCK 0 VCLOSE 0 VMAX 0 VLOCKUP 0 VDECR 0 V3SWAP 0 V2SWAP 0 NFC 0 NFB 0 NFS 0 NFPEN 0 NFT 0 TF 0
[SQ] 83053316: MC 0 MPC 0 TR 0 PMINT 0 PBURN 0 PSYNC 0 TC 0 LT 0 MG 0 VD 0 VDP 0 VWD 0 VLOCK 0 VUNLOCK 0 VCLOSE 0 VMAX 0 VLOCKUP 0 VDECR 0 V3SWAP 0 V2SWAP 0 NFC 0 NFB 0 NFS 0 NFPEN 0 NFT 0 TF 0
[SQ] 83053317: MC 0 MPC 0 TR 0 PMINT 0 PBURN 0 PSYNC 0 TC 0 LT 0 MG 0 VD 0 VDP 0 VWD 0 VLOCK 0 VUNLOCK 0 VCLOSE 0 VMAX 0 VLOCKUP 0 VDECR 0 V3SWAP 0 V2SWAP 0 NFC 0 NFB 0 NFS 0 NFPEN 0 NFT 0 TF 5
[SQ] 83053318: MC 0 MPC 0 TR 0 PMINT 0 PBURN 0 PSYNC 0 TC 0 LT 0 MG 0 VD 0 VDP 0 VWD 0 VLOCK 0 VUNLOCK 0 VCLOSE 0 VMAX 0 VLOCKUP 0 VDECR 0 V3SWAP 0 V2SWAP 0 NFC 0 NFB 0 NFS 0 NFPEN 0 NFT 0 TF 6
[SQ] 83053319: MC 0 MPC 0 TR 0 PMINT 0 PBURN 0 PSYNC 0 TC 0 LT 0 MG 0 VD 0 VDP 0 VWD 0 VLOCK 0 VUNLOCK 0 VCLOSE 0 VMAX 0 VLOCKUP 0 VDECR 0 V3SWAP 0 V2SWAP 0 NFC 0 NFB 0 NFS 0 NFPEN 0 NFT 0 TF 0
[SQ] 83053320: MC 0 MPC 0 TR 0 PMINT 0 PBURN 0 PSYNC 0 TC 0 LT 0 MG 0 VD 0 VDP 0 VWD 0 VLOCK 0 VUNLOCK 0 VCLOSE 0 VMAX 0 VLOCKUP 0 VDECR 0 V3SWAP 0 V2SWAP 0 NFC 0 NFB 0 NFS 0 NFPEN 0 NFT 0 TF 0
[SQ] 83053321: MC 0 MPC 0 TR 0 PMINT 0 PBURN 0 PSYNC 0 TC 0 LT 0 MG 0 VD 0 VDP 0 VWD 0 VLOCK 0 VUNLOCK 0 VCLOSE 0 VMAX 0 VLOCKUP 0 VDECR 0 V3SWAP 0 V2SWAP 0 NFC 0 NFB 0 NFS 0 NFPEN 0 NFT 0 TF 6
[SQ] 83053322: MC 0 MPC 0 TR 0 PMINT 0 PBURN 0 PSYNC 0 TC 0 LT 0 MG 0 VD 0 VDP 0 VWD 0 VLOCK 0 VUNLOCK 0 VCLOSE 0 VMAX 0 VLOCKUP 0 VDECR 0 V3SWAP 0 V2SWAP 0 NFC 0 NFB 0 NFS 0 NFPEN 0 NFT 0 TF 2
[SQ] 83053323: MC 0 MPC 0 TR 0 PMINT 0 PBURN 0 PSYNC 0 TC 0 LT 0 MG 0 VD 0 VDP 0 VWD 0 VLOCK 0 VUNLOCK 0 VCLOSE 0 VMAX 0 VLOCKUP 0 VDECR 0 V3SWAP 0 V2SWAP 0 NFC 0 NFB 0 NFS 0 NFPEN 0 NFT 0 TF 0
[SQ] 83053324: MC 0 MPC 0 TR 0 PMINT 0 PBURN 0 PSYNC 0 TC 0 LT 0 MG 0 VD 0 VDP 0 VWD 0 VLOCK 0 VUNLOCK 0 VCLOSE 0 VMAX 0 VLOCKUP 0 VDECR 0 V3SWAP 0 V2SWAP 0 NFC 0 NFB 0 NFS 0 NFPEN 0 NFT 0 TF 0
[SQ] 83053325: MC 0 MPC 0 TR 0 PMINT 0 PBURN 0 PSYNC 0 TC 0 LT 0 MG 0 VD 0 VDP 0 VWD 0 VLOCK 0 VUNLOCK 0 VCLOSE 0 VMAX 0 VLOCKUP 0 VDECR 0 V3SWAP 0 V2SWAP 0 NFC 0 NFB 0 NFS 0 NFPEN 0 NFT 0 TF 0
[SQ] 83053326: MC 0 MPC 0 TR 0 PMINT 0 PBURN 0 PSYNC 0 TC 0 LT 0 MG 0 VD 0 VDP 0 VWD 0 VLOCK 0 VUNLOCK 0 VCLOSE 0 VMAX 0 VLOCKUP 0 VDECR 0 V3SWAP 0 V2SWAP 0 NFC 0 NFB 0 NFS 0 NFPEN 0 NFT 0 TF 0
[SQ] 83053327: MC 0 MPC 0 TR 0 PMINT 0 PBURN 0 PSYNC 0 TC 0 LT 0 MG 0 VD 0 VDP 0 VWD 0 VLOCK 0 VUNLOCK 0 VCLOSE 0 VMAX 0 VLOCKUP 0 VDECR 0 V3SWAP 0 V2SWAP 0 NFC 0 NFB 0 NFS 0 NFPEN 0 NFT 0 TF 0
[SQ] 83053328: MC 0 MPC 0 TR 0 PMINT 0 PBURN 0 PSYNC 0 TC 0 LT 0 MG 0 VD 0 VDP 0 VWD 0 VLOCK 0 VUNLOCK 0 VCLOSE 0 VMAX 0 VLOCKUP 0 VDECR 0 V3SWAP 0 V2SWAP 0 NFC 0 NFB 0 NFS 0 NFPEN 0 NFT 0 TF 0
[SQ] 83053329: MC 0 MPC 0 TR 0 PMINT 0 PBURN 0 PSYNC 0 TC 0 LT 0 MG 0 VD 0 VDP 0 VWD 0 VLOCK 0 VUNLOCK 0 VCLOSE 0 VMAX 0 VLOCKUP 0 VDECR 0 V3SWAP 0 V2SWAP 0 NFC 0 NFB 0 NFS 0 NFPEN 0 NFT 0 TF 0
[SQ] 83053330: MC 0 MPC 0 TR 0 PMINT 0 PBURN 0 PSYNC 0 TC 0 LT 0 MG 0 VD 0 VDP 0 VWD 0 VLOCK 0 VUNLOCK 0 VCLOSE 0 VMAX 0 VLOCKUP 0 VDECR 0 V3SWAP 0 V2SWAP 0 NFC 0 NFB 0 NFS 0 NFPEN 0 NFT 0 TF 0
[SQ] 83053331: MC 0 MPC 0 TR 0 PMINT 0 PBURN 0 PSYNC 0 TC 0 LT 0 MG 0 VD 0 VDP 0 VWD 0 VLOCK 0 VUNLOCK 0 VCLOSE 0 VMAX 0 VLOCKUP 0 VDECR 0 V3SWAP 0 V2SWAP 0 NFC 0 NFB 0 NFS 0 NFPEN 0 NFT 0 TF 0
[SQ] 83053332: MC 0 MPC 0 TR 0 PMINT 0 PBURN 0 PSYNC 0 TC 0 LT 0 MG 0 VD 0 VDP 0 VWD 0 VLOCK 0 VUNLOCK 0 VCLOSE 0 VMAX 0 VLOCKUP 0 VDECR 0 V3SWAP 1 V2SWAP 0 NFC 0 NFB 0 NFS 0 NFPEN 0 NFT 0 TF 3
[SQ] 83053333: MC 0 MPC 0 TR 0 PMINT 0 PBURN 0 PSYNC 0 TC 0 LT 0 MG 0 VD 0 VDP 0 VWD 0 VLOCK 0 VUNLOCK 0 VCLOSE 0 VMAX 0 VLOCKUP 0 VDECR 0 V3SWAP 0 V2SWAP 0 NFC 0 NFB 0 NFS 0 NFPEN 0 NFT 0 TF 0
[SQ] 83053334: MC 0 MPC 0 TR 0 PMINT 0 PBURN 0 PSYNC 0 TC 0 LT 0 MG 0 VD 0 VDP 0 VWD 0 VLOCK 0 VUNLOCK 0 VCLOSE 0 VMAX 0 VLOCKUP 0 VDECR 0 V3SWAP 0 V2SWAP 0 NFC 0 NFB 0 NFS 0 NFPEN 0 NFT 0 TF 0
[SQ] 83053335: MC 0 MPC 0 TR 0 PMINT 0 PBURN 0 PSYNC 0 TC 0 LT 0 MG 0 VD 0 VDP 0 VWD 0 VLOCK 0 VUNLOCK 0 VCLOSE 0 VMAX 0 VLOCKUP 0 VDECR 0 V3SWAP 0 V2SWAP 0 NFC 0 NFB 0 NFS 0 NFPEN 0 NFT 0 TF 2
[SQ] 83053336: MC 0 MPC 0 TR 0 PMINT 0 PBURN 0 PSYNC 0 TC 0 LT 0 MG 0 VD 0 VDP 0 VWD 0 VLOCK 0 VUNLOCK 0 VCLOSE 0 VMAX 0 VLOCKUP 0 VDECR 0 V3SWAP 0 V2SWAP 0 NFC 0 NFB 0 NFS 0 NFPEN 0 NFT 0 TF 0
[SQ] 83053337: MC 0 MPC 0 TR 0 PMINT 0 PBURN 0 PSYNC 0 TC 0 LT 0 MG 0 VD 0 VDP 0 VWD 0 VLOCK 0 VUNLOCK 0 VCLOSE 0 VMAX 0 VLOCKUP 0 VDECR 0 V3SWAP 0 V2SWAP 0 NFC 0 NFB 0 NFS 0 NFPEN 0 NFT 0 TF 0
[SQ] 83053338: MC 0 MPC 0 TR 0 PMINT 0 PBURN 0 PSYNC 0 TC 0 LT 0 MG 0 VD 0 VDP 0 VWD 0 VLOCK 0 VUNLOCK 0 VCLOSE 0 VMAX 0 VLOCKUP 0 VDECR 0 V3SWAP 0 V2SWAP 0 NFC 0 NFB 0 NFS 0 NFPEN 0 NFT 0 TF 2
[SQ] 83053339: MC 0 MPC 0 TR 0 PMINT 0 PBURN 0 PSYNC 0 TC 0 LT 0 MG 0 VD 0 VDP 0 VWD 0 VLOCK 0 VUNLOCK 0 VCLOSE 0 VMAX 0 VLOCKUP 0 VDECR 0 V3SWAP 0 V2SWAP 0 NFC 0 NFB 0 NFS 0 NFPEN 0 NFT 0 TF 2
[SQ] 83053340: MC 0 MPC 0 TR 0 PMINT 0 PBURN 0 PSYNC 0 TC 0 LT 0 MG 0 VD 0 VDP 0 VWD 0 VLOCK 0 VUNLOCK 0 VCLOSE 0 VMAX 0 VLOCKUP 0 VDECR 0 V3SWAP 0 V2SWAP 0 NFC 0 NFB 0 NFS 0 NFPEN 0 NFT 0 TF 0
[SQ] 83053341: MC 0 MPC 0 TR 0 PMINT 0 PBURN 0 PSYNC 0 TC 0 LT 0 MG 0 VD 0 VDP 0 VWD 0 VLOCK 0 VUNLOCK 0 VCLOSE 0 VMAX 0 VLOCKUP 0 VDECR 0 V3SWAP 0 V2SWAP 0 NFC 0 NFB 0 NFS 0 NFPEN 0 NFT 0 TF 2
[SQ] 83053342: MC 0 MPC 0 TR 0 PMINT 0 PBURN 0 PSYNC 0 TC 0 LT 0 MG 0 VD 0 VDP 0 VWD 0 VLOCK 0 VUNLOCK 0 VCLOSE 0 VMAX 0 VLOCKUP 0 VDECR 0 V3SWAP 0 V2SWAP 0 NFC 0 NFB 0 NFS 0 NFPEN 0 NFT 0 TF 0
[SQ] 83053343: MC 0 MPC 0 TR 0 PMINT 0 PBURN 0 PSYNC 0 TC 0 LT 0 MG 0 VD 0 VDP 0 VWD 0 VLOCK 0 VUNLOCK 0 VCLOSE 0 VMAX 0 VLOCKUP 0 VDECR 0 V3SWAP 0 V2SWAP 0 NFC 0 NFB 0 NFS 0 NFPEN 0 NFT 0 TF 2
[SQ] 83053344: MC 0 MPC 0 TR 0 PMINT 0 PBURN 0 PSYNC 0 TC 0 LT 0 MG 0 VD 0 VDP 0 VWD 0 VLOCK 0 VUNLOCK 0 VCLOSE 0 VMAX 0 VLOCKUP 0 VDECR 0 V3SWAP 0 V2SWAP 0 NFC 0 NFB 0 NFS 0 NFPEN 0 NFT 0 TF 0
[SQ] 83053345: MC 0 MPC 0 TR 0 PMINT 0 PBURN 0 PSYNC 0 TC 0 LT 0 MG 0 VD 0 VDP 0 VWD 0 VLOCK 0 VUNLOCK 0 VCLOSE 0 VMAX 0 VLOCKUP 0 VDECR 0 V3SWAP 1 V2SWAP 0 NFC 0 NFB 0 NFS 0 NFPEN 0 NFT 0 TF 3
[SQ] 83053346: MC 0 MPC 0 TR 0 PMINT 0 PBURN 0 PSYNC 0 TC 0 LT 0 MG 0 VD 0 VDP 0 VWD 0 VLOCK 0 VUNLOCK 0 VCLOSE 0 VMAX 0 VLOCKUP 0 VDECR 0 V3SWAP 0 V2SWAP 0 NFC 0 NFB 0 NFS 0 NFPEN 0 NFT 0 TF 0
[SQ] 83053347: MC 0 MPC 0 TR 0 PMINT 0 PBURN 0 PSYNC 0 TC 0 LT 0 MG 0 VD 0 VDP 0 VWD 0 VLOCK 0 VUNLOCK 0 VCLOSE 0 VMAX 0 VLOCKUP 0 VDECR 0 V3SWAP 0 V2SWAP 0 NFC 0 NFB 0 NFS 0 NFPEN 0 NFT 0 TF 0
[SQ] 83053348: MC 0 MPC 0 TR 0 PMINT 0 PBURN 0 PSYNC 0 TC 0 LT 0 MG 0 VD 0 VDP 0 VWD 0 VLOCK 0 VUNLOCK 0 VCLOSE 0 VMAX 0 VLOCKUP 0 VDECR 0 V3SWAP 0 V2SWAP 0 NFC 0 NFB 0 NFS 0 NFPEN 0 NFT 0 TF 0
[SQ] 83053349: MC 0 MPC 0 TR 0 PMINT 0 PBURN 0 PSYNC 0 TC 0 LT 0 MG 0 VD 0 VDP 0 VWD 0 VLOCK 0 VUNLOCK 0 VCLOSE 0 VMAX 0 VLOCKUP 0 VDECR 0 V3SWAP 0 V2SWAP 0 NFC 0 NFB 0 NFS 0 NFPEN 0 NFT 0 TF 0
[SQ] 83053350: MC 0 MPC 0 TR 0 PMINT 0 PBURN 0 PSYNC 0 TC 0 LT 0 MG 0 VD 0 VDP 0 VWD 0 VLOCK 0 VUNLOCK 0 VCLOSE 0 VMAX 0 VLOCKUP 0 VDECR 0 V3SWAP 0 V2SWAP 0 NFC 0 NFB 0 NFS 0 NFPEN 0 NFT 0 TF 2
[SQ] 83053351: MC 0 MPC 0 TR 0 PMINT 0 PBURN 0 PSYNC 0 TC 0 LT 0 MG 0 VD 0 VDP 0 VWD 0 VLOCK 0 VUNLOCK 0 VCLOSE 0 VMAX 0 VLOCKUP 0 VDECR 0 V3SWAP 0 V2SWAP 0 NFC 0 NFB 0 NFS 0 NFPEN 0 NFT 0 TF 0
[SQ] 83053352: MC 0 MPC 0 TR 0 PMINT 0 PBURN 0 PSYNC 0 TC 0 LT 0 MG 0 VD 0 VDP 0 VWD 0 VLOCK 0 VUNLOCK 0 VCLOSE 0 VMAX 0 VLOCKUP 0 VDECR 0 V3SWAP 0 V2SWAP 0 NFC 0 NFB 0 NFS 0 NFPEN 0 NFT 0 TF 2
[SQ] 83053353: MC 0 MPC 0 TR 0 PMINT 0 PBURN 0 PSYNC 0 TC 0 LT 0 MG 0 VD 0 VDP 0 VWD 0 VLOCK 0 VUNLOCK 0 VCLOSE 0 VMAX 0 VLOCKUP 0 VDECR 0 V3SWAP 0 V2SWAP 0 NFC 0 NFB 0 NFS 0 NFPEN 0 NFT 0 TF 0
[SQ] 83053354: MC 0 MPC 0 TR 0 PMINT 0 PBURN 0 PSYNC 0 TC 0 LT 0 MG 0 VD 0 VDP 0 VWD 0 VLOCK 0 VUNLOCK 0 VCLOSE 0 VMAX 0 VLOCKUP 0 VDECR 0 V3SWAP 0 V2SWAP 0 NFC 0 NFB 0 NFS 0 NFPEN 0 NFT 0 TF 8
[SQ] 83053355: MC 0 MPC 0 TR 0 PMINT 0 PBURN 0 PSYNC 0 TC 0 LT 0 MG 0 VD 0 VDP 0 VWD 0 VLOCK 0 VUNLOCK 0 VCLOSE 0 VMAX 0 VLOCKUP 0 VDECR 0 V3SWAP 0 V2SWAP 0 NFC 0 NFB 0 NFS 0 NFPEN 0 NFT 0 TF 2
[SQ] 83053356: MC 0 MPC 0 TR 0 PMINT 0 PBURN 0 PSYNC 0 TC 0 LT 0 MG 0 VD 0 VDP 0 VWD 0 VLOCK 0 VUNLOCK 0 VCLOSE 0 VMAX 0 VLOCKUP 0 VDECR 0 V3SWAP 0 V2SWAP 0 NFC 0 NFB 0 NFS 0 NFPEN 0 NFT 0 TF 1
[SQ] 83053357: MC 0 MPC 0 TR 0 PMINT 0 PBURN 0 PSYNC 0 TC 0 LT 0 MG 0 VD 0 VDP 0 VWD 0 VLOCK 0 VUNLOCK 0 VCLOSE 0 VMAX 0 VLOCKUP 0 VDECR 0 V3SWAP 0 V2SWAP 0 NFC 0 NFB 0 NFS 0 NFPEN 0 NFT 0 TF 0
[SQ] 83053358: MC 0 MPC 0 TR 0 PMINT 0 PBURN 0 PSYNC 0 TC 0 LT 0 MG 0 VD 0 VDP 0 VWD 0 VLOCK 0 VUNLOCK 0 VCLOSE 0 VMAX 0 VLOCKUP 0 VDECR 0 V3SWAP 0 V2SWAP 0 NFC 0 NFB 0 NFS 0 NFPEN 0 NFT 0 TF 3
[SQ] 83053359: MC 0 MPC 0 TR 0 PMINT 0 PBURN 0 PSYNC 0 TC 0 LT 0 MG 0 VD 0 VDP 0 VWD 0 VLOCK 0 VUNLOCK 0 VCLOSE 0 VMAX 0 VLOCKUP 0 VDECR 0 V3SWAP 0 V2SWAP 0 NFC 0 NFB 0 NFS 0 NFPEN 0 NFT 0 TF 0
[SQ] 83053360: MC 0 MPC 0 TR 0 PMINT 0 PBURN 0 PSYNC 0 TC 0 LT 0 MG 0 VD 0 VDP 0 VWD 0 VLOCK 0 VUNLOCK 0 VCLOSE 0 VMAX 0 VLOCKUP 0 VDECR 0 V3SWAP 0 V2SWAP 0 NFC 0 NFB 0 NFS 0 NFPEN 0 NFT 0 TF 2
[SQ] 83053361: MC 0 MPC 0 TR 0 PMINT 0 PBURN 0 PSYNC 0 TC 0 LT 0 MG 0 VD 0 VDP 0 VWD 0 VLOCK 0 VUNLOCK 0 VCLOSE 0 VMAX 0 VLOCKUP 0 VDECR 0 V3SWAP 0 V2SWAP 0 NFC 0 NFB 0 NFS 0 NFPEN 0 NFT 0 TF 0
[SQ] 83053362: MC 0 MPC 0 TR 0 PMINT 0 PBURN 0 PSYNC 0 TC 0 LT 0 MG 0 VD 0 VDP 0 VWD 0 VLOCK 0 VUNLOCK 0 VCLOSE 0 VMAX 0 VLOCKUP 0 VDECR 0 V3SWAP 0 V2SWAP 0 NFC 0 NFB 0 NFS 0 NFPEN 0 NFT 0 TF 2
[SQ] 83053363: MC 0 MPC 0 TR 0 PMINT 0 PBURN 0 PSYNC 0 TC 0 LT 0 MG 0 VD 0 VDP 0 VWD 0 VLOCK 0 VUNLOCK 0 VCLOSE 0 VMAX 0 VLOCKUP 0 VDECR 0 V3SWAP 0 V2SWAP 0 NFC 0 NFB 0 NFS 0 NFPEN 0 NFT 0 TF 0
[SQ] 83053364: MC 0 MPC 0 TR 0 PMINT 0 PBURN 0 PSYNC 0 TC 0 LT 0 MG 0 VD 0 VDP 0 VWD 0 VLOCK 0 VUNLOCK 0 VCLOSE 0 VMAX 0 VLOCKUP 0 VDECR 0 V3SWAP 0 V2SWAP 0 NFC 0 NFB 0 NFS 0 NFPEN 0 NFT 0 TF 0
[SQ] 83053365: MC 0 MPC 0 TR 0 PMINT 0 PBURN 0 PSYNC 0 TC 0 LT 0 MG 0 VD 0 VDP 0 VWD 0 VLOCK 0 VUNLOCK 0 VCLOSE 0 VMAX 0 VLOCKUP 0 VDECR 0 V3SWAP 0 V2SWAP 0 NFC 0 NFB 0 NFS 0 NFPEN 0 NFT 0 TF 0
[SQ] 83053366: MC 0 MPC 0 TR 0 PMINT 0 PBURN 0 PSYNC 0 TC 0 LT 0 MG 0 VD 0 VDP 0 VWD 0 VLOCK 0 VUNLOCK 0 VCLOSE 0 VMAX 0 VLOCKUP 0 VDECR 0 V3SWAP 0 V2SWAP 0 NFC 0 NFB 0 NFS 0 NFPEN 0 NFT 0 TF 0
[SQ] 83053367: MC 0 MPC 0 TR 0 PMINT 0 PBURN 0 PSYNC 0 TC 0 LT 0 MG 0 VD 0 VDP 0 VWD 0 VLOCK 0 VUNLOCK 0 VCLOSE 0 VMAX 0 VLOCKUP 0 VDECR 0 V3SWAP 0 V2SWAP 0 NFC 0 NFB 0 NFS 0 NFPEN 0 NFT 0 TF 0
[SQ] 83053368: MC 0 MPC 0 TR 0 PMINT 0 PBURN 0 PSYNC 0 TC 0 LT 0 MG 0 VD 0 VDP 0 VWD 0 VLOCK 0 VUNLOCK 0 VCLOSE 0 VMAX 0 VLOCKUP 0 VDECR 0 V3SWAP 1 V2SWAP 0 NFC 0 NFB 0 NFS 0 NFPEN 0 NFT 0 TF 3
[SQ] 83053369: MC 0 MPC 0 TR 0 PMINT 0 PBURN 0 PSYNC 0 TC 0 LT 0 MG 0 VD 0 VDP 0 VWD 0 VLOCK 0 VUNLOCK 0 VCLOSE 0 VMAX 0 VLOCKUP 0 VDECR 0 V3SWAP 0 V2SWAP 0 NFC 0 NFB 0 NFS 0 NFPEN 0 NFT 0 TF 0
[SQ] 83053370: MC 0 MPC 0 TR 0 PMINT 0 PBURN 0 PSYNC 0 TC 0 LT 0 MG 0 VD 0 VDP 0 VWD 0 VLOCK 0 VUNLOCK 0 VCLOSE 0 VMAX 0 VLOCKUP 0 VDECR 0 V3SWAP 0 V2SWAP 0 NFC 0 NFB 0 NFS 0 NFPEN 0 NFT 0 TF 0
[SQ] 83053371: MC 0 MPC 0 TR 0 PMINT 0 PBURN 0 PSYNC 0 TC 0 LT 0 MG 0 VD 0 VDP 0 VWD 0 VLOCK 0 VUNLOCK 0 VCLOSE 0 VMAX 0 VLOCKUP 0 VDECR 0 V3SWAP 0 V2SWAP 0 NFC 0 NFB 0 NFS 0 NFPEN 0 NFT 0 TF 6
[SQ] 83053372: MC 0 MPC 0 TR 0 PMINT 0 PBURN 0 PSYNC 0 TC 0 LT 0 MG 0 VD 0 VDP 0 VWD 0 VLOCK 0 VUNLOCK 0 VCLOSE 0 VMAX 0 VLOCKUP 0 VDECR 0 V3SWAP 0 V2SWAP 0 NFC 0 NFB 0 NFS 0 NFPEN 0 NFT 0 TF 2
[SQ] 83053373: MC 0 MPC 0 TR 0 PMINT 0 PBURN 0 PSYNC 0 TC 0 LT 0 MG 0 VD 0 VDP 0 VWD 0 VLOCK 0 VUNLOCK 0 VCLOSE 0 VMAX 0 VLOCKUP 0 VDECR 0 V3SWAP 0 V2SWAP 0 NFC 0 NFB 0 NFS 0 NFPEN 0 NFT 0 TF 0
[SQ] 83053374: MC 0 MPC 0 TR 0 PMINT 0 PBURN 0 PSYNC 0 TC 0 LT 0 MG 0 VD 0 VDP 0 VWD 0 VLOCK 0 VUNLOCK 0 VCLOSE 0 VMAX 0 VLOCKUP 0 VDECR 0 V3SWAP 0 V2SWAP 0 NFC 0 NFB 0 NFS 0 NFPEN 0 NFT 0 TF 0
[SQ] 83053375: MC 0 MPC 0 TR 0 PMINT 0 PBURN 0 PSYNC 0 TC 0 LT 0 MG 0 VD 0 VDP 0 VWD 0 VLOCK 0 VUNLOCK 0 VCLOSE 0 VMAX 0 VLOCKUP 0 VDECR 0 V3SWAP 0 V2SWAP 0 NFC 0 NFB 0 NFS 0 NFPEN 0 NFT 0 TF 0
[SQ] 83053376: MC 0 MPC 0 TR 0 PMINT 0 PBURN 0 PSYNC 0 TC 0 LT 0 MG 0 VD 0 VDP 0 VWD 0 VLOCK 0 VUNLOCK 0 VCLOSE 0 VMAX 0 VLOCKUP 0 VDECR 0 V3SWAP 0 V2SWAP 0 NFC 0 NFB 0 NFS 0 NFPEN 0 NFT 0 TF 0
[SQ] 83053377: MC 0 MPC 0 TR 0 PMINT 0 PBURN 0 PSYNC 0 TC 0 LT 0 MG 0 VD 0 VDP 0 VWD 0 VLOCK 0 VUNLOCK 0 VCLOSE 0 VMAX 0 VLOCKUP 0 VDECR 0 V3SWAP 0 V2SWAP 0 NFC 0 NFB 0 NFS 0 NFPEN 0 NFT 0 TF 0
[SQ] 83053378: MC 0 MPC 0 TR 0 PMINT 0 PBURN 0 PSYNC 0 TC 0 LT 0 MG 0 VD 0 VDP 0 VWD 0 VLOCK 0 VUNLOCK 0 VCLOSE 0 VMAX 0 VLOCKUP 0 VDECR 0 V3SWAP 0 V2SWAP 0 NFC 0 NFB 0 NFS 0 NFPEN 0 NFT 0 TF 0
[SQ] 83053379: MC 0 MPC 0 TR 0 PMINT 0 PBURN 0 PSYNC 0 TC 0 LT 0 MG 0 VD 0 VDP 0 VWD 0 VLOCK 0 VUNLOCK 0 VCLOSE 0 VMAX 0 VLOCKUP 0 VDECR 0 V3SWAP 0 V2SWAP 0 NFC 0 NFB 0 NFS 0 NFPEN 0 NFT 0 TF 2
[SQ] 83053380: MC 0 MPC 0 TR 0 PMINT 0 PBURN 0 PSYNC 0 TC 0 LT 0 MG 0 VD 0 VDP 0 VWD 0 VLOCK 0 VUNLOCK 0 VCLOSE 0 VMAX 0 VLOCKUP 0 VDECR 0 V3SWAP 0 V2SWAP 0 NFC 0 NFB 0 NFS 0 NFPEN 0 NFT 0 TF 8
[SQ] 83053381: MC 0 MPC 0 TR 0 PMINT 0 PBURN 0 PSYNC 0 TC 0 LT 0 MG 0 VD 0 VDP 0 VWD 0 VLOCK 0 VUNLOCK 0 VCLOSE 0 VMAX 0 VLOCKUP 0 VDECR 0 V3SWAP 1 V2SWAP 0 NFC 0 NFB 0 NFS 0 NFPEN 0 NFT 0 TF 3
[SQ] 83053382: MC 0 MPC 0 TR 0 PMINT 0 PBURN 0 PSYNC 0 TC 0 LT 0 MG 0 VD 0 VDP 0 VWD 0 VLOCK 0 VUNLOCK 0 VCLOSE 0 VMAX 0 VLOCKUP 0 VDECR 0 V3SWAP 0 V2SWAP 0 NFC 0 NFB 0 NFS 0 NFPEN 0 NFT 0 TF 0
[SQ] 83053383: MC 0 MPC 0 TR 0 PMINT 0 PBURN 0 PSYNC 0 TC 0 LT 0 MG 0 VD 0 VDP 0 VWD 0 VLOCK 0 VUNLOCK 0 VCLOSE 0 VMAX 0 VLOCKUP 0 VDECR 0 V3SWAP 0 V2SWAP 0 NFC 0 NFB 0 NFS 0 NFPEN 0 NFT 0 TF 0
[SQ] 83053384: MC 0 MPC 0 TR 0 PMINT 0 PBURN 0 PSYNC 0 TC 0 LT 0 MG 0 VD 0 VDP 0 VWD 0 VLOCK 0 VUNLOCK 0 VCLOSE 0 VMAX 0 VLOCKUP 0 VDECR 0 V3SWAP 0 V2SWAP 0 NFC 0 NFB 0 NFS 0 NFPEN 0 NFT 0 TF 0
[SQ] 83053385: MC 0 MPC 0 TR 0 PMINT 0 PBURN 0 PSYNC 0 TC 0 LT 0 MG 0 VD 0 VDP 0 VWD 0 VLOCK 0 VUNLOCK 0 VCLOSE 0 VMAX 0 VLOCKUP 0 VDECR 0 V3SWAP 0 V2SWAP 0 NFC 0 NFB 0 NFS 0 NFPEN 0 NFT 0 TF 0
[SQ] 83053386: MC 0 MPC 0 TR 0 PMINT 0 PBURN 0 PSYNC 0 TC 0 LT 0 MG 0 VD 0 VDP 0 VWD 0 VLOCK 0 VUNLOCK 0 VCLOSE 0 VMAX 0 VLOCKUP 0 VDECR 0 V3SWAP 0 V2SWAP 0 NFC 0 NFB 0 NFS 0 NFPEN 0 NFT 0 TF 0
[SQ] 83053387: MC 0 MPC 0 TR 0 PMINT 0 PBURN 0 PSYNC 0 TC 0 LT 0 MG 0 VD 0 VDP 0 VWD 0 VLOCK 0 VUNLOCK 0 VCLOSE 0 VMAX 0 VLOCKUP 0 VDECR 0 V3SWAP 0 V2SWAP 0 NFC 0 NFB 0 NFS 0 NFPEN 0 NFT 0 TF 0
[SQ] 83053388: MC 0 MPC 0 TR 0 PMINT 0 PBURN 0 PSYNC 0 TC 0 LT 0 MG 0 VD 0 VDP 0 VWD 0 VLOCK 0 VUNLOCK 0 VCLOSE 0 VMAX 0 VLOCKUP 0 VDECR 0 V3SWAP 0 V2SWAP 0 NFC 0 NFB 0 NFS 0 NFPEN 0 NFT 0 TF 0
[SQ] 83053389: MC 0 MPC 0 TR 0 PMINT 0 PBURN 0 PSYNC 0 TC 0 LT 0 MG 0 VD 0 VDP 0 VWD 0 VLOCK 0 VUNLOCK 0 VCLOSE 0 VMAX 0 VLOCKUP 0 VDECR 0 V3SWAP 0 V2SWAP 0 NFC 0 NFB 0 NFS 0 NFPEN 0 NFT 0 TF 0
[SQ] 83053390: MC 0 MPC 0 TR 0 PMINT 0 PBURN 0 PSYNC 0 TC 0 LT 0 MG 0 VD 0 VDP 0 VWD 0 VLOCK 0 VUNLOCK 0 VCLOSE 0 VMAX 0 VLOCKUP 0 VDECR 0 V3SWAP 0 V2SWAP 0 NFC 0 NFB 0 NFS 0 NFPEN 0 NFT 0 TF 0
[SQ] 83053391: MC 0 MPC 0 TR 0 PMINT 0 PBURN 0 PSYNC 0 TC 0 LT 0 MG 0 VD 0 VDP 0 VWD 0 VLOCK 0 VUNLOCK 0 VCLOSE 0 VMAX 0 VLOCKUP 0 VDECR 0 V3SWAP 0 V2SWAP 0 NFC 0 NFB 0 NFS 0 NFPEN 0 NFT 0 TF 0
[SQ] 83053392: MC 0 MPC 0 TR 0 PMINT 0 PBURN 0 PSYNC 0 TC 0 LT 0 MG 0 VD 0 VDP 0 VWD 0 VLOCK 0 VUNLOCK 0 VCLOSE 0 VMAX 0 VLOCKUP 0 VDECR 0 V3SWAP 0 V2SWAP 0 NFC 0 NFB 0 NFS 0 NFPEN 0 NFT 0 TF 2
[SQ] 83053393: MC 0 MPC 0 TR 0 PMINT 0 PBURN 0 PSYNC 0 TC 0 LT 0 MG 0 VD 0 VDP 0 VWD 0 VLOCK 0 VUNLOCK 0 VCLOSE 0 VMAX 0 VLOCKUP 0 VDECR 0 V3SWAP 0 V2SWAP 0 NFC 0 NFB 0 NFS 0 NFPEN 0 NFT 0 TF 0
[SQ] 83053394: MC 0 MPC 0 TR 0 PMINT 0 PBURN 0 PSYNC 0 TC 0 LT 0 MG 0 VD 0 VDP 0 VWD 0 VLOCK 0 VUNLOCK 0 VCLOSE 0 VMAX 0 VLOCKUP 0 VDECR 0 V3SWAP 0 V2SWAP 0 NFC 0 NFB 0 NFS 0 NFPEN 0 NFT 0 TF 6
[SQ] 83053395: MC 0 MPC 0 TR 0 PMINT 0 PBURN 0 PSYNC 0 TC 0 LT 0 MG 0 VD 0 VDP 0 VWD 0 VLOCK 0 VUNLOCK 0 VCLOSE 0 VMAX 0 VLOCKUP 0 VDECR 0 V3SWAP 0 V2SWAP 0 NFC 0 NFB 0 NFS 0 NFPEN 0 NFT 0 TF 0
[SQ] 83053396: MC 0 MPC 0 TR 0 PMINT 0 PBURN 0 PSYNC 0 TC 0 LT 0 MG 0 VD 0 VDP 0 VWD 0 VLOCK 0 VUNLOCK 0 VCLOSE 0 VMAX 0 VLOCKUP 0 VDECR 0 V3SWAP 0 V2SWAP 0 NFC 0 NFB 0 NFS 0 NFPEN 0 NFT 0 TF 9
[SQ] 83053397: MC 0 MPC 0 TR 0 PMINT 0 PBURN 0 PSYNC 0 TC 0 LT 0 MG 0 VD 0 VDP 0 VWD 0 VLOCK 0 VUNLOCK 0 VCLOSE 0 VMAX 0 VLOCKUP 0 VDECR 0 V3SWAP 0 V2SWAP 0 NFC 0 NFB 0 NFS 0 NFPEN 0 NFT 0 TF 0
[SQ] 83053398: MC 0 MPC 0 TR 0 PMINT 0 PBURN 0 PSYNC 0 TC 0 LT 0 MG 0 VD 0 VDP 0 VWD 0 VLOCK 0 VUNLOCK 0 VCLOSE 0 VMAX 0 VLOCKUP 0 VDECR 0 V3SWAP 0 V2SWAP 0 NFC 0 NFB 0 NFS 0 NFPEN 0 NFT 0 TF 0
[SQ] 83053399: MC 0 MPC 0 TR 0 PMINT 0 PBURN 0 PSYNC 0 TC 0 LT 0 MG 0 VD 0 VDP 0 VWD 0 VLOCK 0 VUNLOCK 0 VCLOSE 0 VMAX 0 VLOCKUP 0 VDECR 0 V3SWAP 0 V2SWAP 0 NFC 0 NFB 0 NFS 0 NFPEN 0 NFT 0 TF 0
[SQ] 83053400: MC 0 MPC 0 TR 0 PMINT 0 PBURN 0 PSYNC 0 TC 0 LT 0 MG 0 VD 0 VDP 0 VWD 0 VLOCK 0 VUNLOCK 0 VCLOSE 0 VMAX 0 VLOCKUP 0 VDECR 0 V3SWAP 0 V2SWAP 0 NFC 0 NFB 0 NFS 0 NFPEN 0 NFT 0 TF 0
[SQ] 83053401: MC 0 MPC 0 TR 0 PMINT 0 PBURN 0 PSYNC 0 TC 0 LT 0 MG 0 VD 0 VDP 0 VWD 0 VLOCK 0 VUNLOCK 0 VCLOSE 0 VMAX 0 VLOCKUP 0 VDECR 0 V3SWAP 0 V2SWAP 0 NFC 0 NFB 0 NFS 0 NFPEN 0 NFT 0 TF 0
[SQ] 83053402: MC 0 MPC 0 TR 0 PMINT 0 PBURN 0 PSYNC 0 TC 0 LT 0 MG 0 VD 0 VDP 0 VWD 0 VLOCK 0 VUNLOCK 0 VCLOSE 0 VMAX 0 VLOCKUP 0 VDECR 0 V3SWAP 0 V2SWAP 0 NFC 0 NFB 0 NFS 0 NFPEN 0 NFT 0 TF 0
[SQ] 83053403: MC 0 MPC 0 TR 0 PMINT 0 PBURN 0 PSYNC 0 TC 0 LT 0 MG 0 VD 0 VDP 0 VWD 0 VLOCK 0 VUNLOCK 0 VCLOSE 0 VMAX 0 VLOCKUP 0 VDECR 0 V3SWAP 1 V2SWAP 0 NFC 0 NFB 0 NFS 0 NFPEN 0 NFT 0 TF 4
[SQ] 83053404: MC 0 MPC 0 TR 0 PMINT 0 PBURN 0 PSYNC 0 TC 0 LT 0 MG 0 VD 0 VDP 0 VWD 0 VLOCK 0 VUNLOCK 0 VCLOSE 0 VMAX 0 VLOCKUP 0 VDECR 0 V3SWAP 0 V2SWAP 0 NFC 0 NFB 0 NFS 0 NFPEN 0 NFT 0 TF 0
[SQ] 83053405: MC 0 MPC 0 TR 0 PMINT 0 PBURN 0 PSYNC 0 TC 0 LT 0 MG 0 VD 0 VDP 0 VWD 0 VLOCK 0 VUNLOCK 0 VCLOSE 0 VMAX 0 VLOCKUP 0 VDECR 0 V3SWAP 0 V2SWAP 0 NFC 0 NFB 0 NFS 0 NFPEN 0 NFT 0 TF 0
[SQ] 83053406: MC 0 MPC 0 TR 0 PMINT 0 PBURN 0 PSYNC 0 TC 0 LT 0 MG 0 VD 0 VDP 0 VWD 0 VLOCK 0 VUNLOCK 0 VCLOSE 0 VMAX 0 VLOCKUP 0 VDECR 0 V3SWAP 1 V2SWAP 0 NFC 0 NFB 0 NFS 0 NFPEN 0 NFT 0 TF 3
[SQ] 83053407: MC 0 MPC 0 TR 0 PMINT 0 PBURN 0 PSYNC 0 TC 0 LT 0 MG 0 VD 0 VDP 0 VWD 0 VLOCK 0 VUNLOCK 0 VCLOSE 0 VMAX 0 VLOCKUP 0 VDECR 0 V3SWAP 0 V2SWAP 0 NFC 0 NFB 0 NFS 0 NFPEN 0 NFT 0 TF 0
[SQ] 83053408: MC 0 MPC 0 TR 0 PMINT 0 PBURN 0 PSYNC 0 TC 0 LT 0 MG 0 VD 0 VDP 0 VWD 0 VLOCK 0 VUNLOCK 0 VCLOSE 0 VMAX 0 VLOCKUP 0 VDECR 0 V3SWAP 0 V2SWAP 0 NFC 0 NFB 0 NFS 0 NFPEN 0 NFT 0 TF 0
[SQ] 83053409: MC 0 MPC 0 TR 0 PMINT 0 PBURN 0 PSYNC 0 TC 0 LT 0 MG 0 VD 0 VDP 0 VWD 0 VLOCK 0 VUNLOCK 0 VCLOSE 0 VMAX 0 VLOCKUP 0 VDECR 0 V3SWAP 0 V2SWAP 0 NFC 0 NFB 0 NFS 0 NFPEN 0 NFT 0 TF 0
[SQ] 83053410: MC 0 MPC 0 TR 0 PMINT 0 PBURN 0 PSYNC 0 TC 0 LT 0 MG 0 VD 0 VDP 0 VWD 0 VLOCK 0 VUNLOCK 0 VCLOSE 0 VMAX 0 VLOCKUP 0 VDECR 0 V3SWAP 0 V2SWAP 0 NFC 0 NFB 0 NFS 0 NFPEN 0 NFT 0 TF 0
[SQ] 83053411: MC 0 MPC 0 TR 0 PMINT 0 PBURN 0 PSYNC 0 TC 0 LT 0 MG 0 VD 0 VDP 0 VWD 0 VLOCK 0 VUNLOCK 0 VCLOSE 0 VMAX 0 VLOCKUP 0 VDECR 0 V3SWAP 0 V2SWAP 0 NFC 0 NFB 0 NFS 0 NFPEN 0 NFT 0 TF 0
[SQ] 83053412: MC 0 MPC 0 TR 0 PMINT 0 PBURN 0 PSYNC 0 TC 0 LT 0 MG 0 VD 0 VDP 0 VWD 0 VLOCK 0 VUNLOCK 0 VCLOSE 0 VMAX 0 VLOCKUP 0 VDECR 0 V3SWAP 1 V2SWAP 0 NFC 0 NFB 0 NFS 0 NFPEN 0 NFT 0 TF 4
[SQ] 83053413: MC 0 MPC 0 TR 0 PMINT 0 PBURN 0 PSYNC 0 TC 0 LT 0 MG 0 VD 0 VDP 0 VWD 0 VLOCK 0 VUNLOCK 0 VCLOSE 0 VMAX 0 VLOCKUP 0 VDECR 0 V3SWAP 0 V2SWAP 0 NFC 0 NFB 0 NFS 0 NFPEN 0 NFT 0 TF 0
[SQ] 83053414: MC 0 MPC 0 TR 0 PMINT 0 PBURN 0 PSYNC 0 TC 0 LT 0 MG 0 VD 0 VDP 0 VWD 0 VLOCK 0 VUNLOCK 0 VCLOSE 0 VMAX 0 VLOCKUP 0 VDECR 0 V3SWAP 0 V2SWAP 0 NFC 0 NFB 0 NFS 0 NFPEN 0 NFT 0 TF 0
[SQ] 83053415: MC 0 MPC 0 TR 0 PMINT 0 PBURN 0 PSYNC 0 TC 0 LT 0 MG 0 VD 0 VDP 0 VWD 0 VLOCK 0 VUNLOCK 0 VCLOSE 0 VMAX 0 VLOCKUP 0 VDECR 0 V3SWAP 0 V2SWAP 0 NFC 0 NFB 0 NFS 0 NFPEN 0 NFT 0 TF 1
[SQ] 83053416: MC 0 MPC 0 TR 0 PMINT 0 PBURN 0 PSYNC 0 TC 0 LT 0 MG 0 VD 0 VDP 0 VWD 0 VLOCK 0 VUNLOCK 0 VCLOSE 0 VMAX 0 VLOCKUP 0 VDECR 0 V3SWAP 0 V2SWAP 0 NFC 0 NFB 0 NFS 0 NFPEN 0 NFT 0 TF 0
[SQ] 83053417: MC 0 MPC 0 TR 0 PMINT 0 PBURN 0 PSYNC 0 TC 0 LT 0 MG 0 VD 0 VDP 0 VWD 0 VLOCK 0 VUNLOCK 0 VCLOSE 0 VMAX 0 VLOCKUP 0 VDECR 0 V3SWAP 1 V2SWAP 0 NFC 0 NFB 0 NFS 0 NFPEN 0 NFT 0 TF 3
[SQ] 83053418: MC 0 MPC 0 TR 0 PMINT 0 PBURN 0 PSYNC 0 TC 0 LT 0 MG 0 VD 0 VDP 0 VWD 0 VLOCK 0 VUNLOCK 0 VCLOSE 0 VMAX 0 VLOCKUP 0 VDECR 0 V3SWAP 0 V2SWAP 0 NFC 0 NFB 0 NFS 0 NFPEN 0 NFT 0 TF 0
[SQ] 83053419: MC 0 MPC 0 TR 0 PMINT 0 PBURN 0 PSYNC 0 TC 0 LT 0 MG 0 VD 0 VDP 0 VWD 0 VLOCK 0 VUNLOCK 0 VCLOSE 0 VMAX 0 VLOCKUP 0 VDECR 0 V3SWAP 0 V2SWAP 0 NFC 0 NFB 0 NFS 0 NFPEN 0 NFT 0 TF 0
[SQ] 83053420: MC 0 MPC 0 TR 0 PMINT 0 PBURN 0 PSYNC 0 TC 0 LT 0 MG 0 VD 0 VDP 0 VWD 0 VLOCK 0 VUNLOCK 0 VCLOSE 0 VMAX 0 VLOCKUP 0 VDECR 0 V3SWAP 0 V2SWAP 0 NFC 0 NFB 0 NFS 0 NFPEN 0 NFT 0 TF 10
[SQ] 83053421: MC 0 MPC 0 TR 0 PMINT 0 PBURN 0 PSYNC 0 TC 0 LT 0 MG 0 VD 0 VDP 0 VWD 0 VLOCK 0 VUNLOCK 0 VCLOSE 0 VMAX 0 VLOCKUP 0 VDECR 0 V3SWAP 0 V2SWAP 0 NFC 0 NFB 0 NFS 0 NFPEN 0 NFT 0 TF 0
[SQ] 83053422: MC 0 MPC 0 TR 0 PMINT 0 PBURN 0 PSYNC 0 TC 0 LT 0 MG 0 VD 0 VDP 0 VWD 0 VLOCK 0 VUNLOCK 0 VCLOSE 0 VMAX 0 VLOCKUP 0 VDECR 0 V3SWAP 0 V2SWAP 0 NFC 0 NFB 0 NFS 0 NFPEN 0 NFT 0 TF 2
[SQ] 83053423: MC 0 MPC 0 TR 0 PMINT 0 PBURN 0 PSYNC 0 TC 0 LT 0 MG 0 VD 0 VDP 0 VWD 0 VLOCK 0 VUNLOCK 0 VCLOSE 0 VMAX 0 VLOCKUP 0 VDECR 0 V3SWAP 0 V2SWAP 0 NFC 0 NFB 0 NFS 0 NFPEN 0 NFT 0 TF 1
[SQ] 83053424: MC 0 MPC 0 TR 0 PMINT 0 PBURN 0 PSYNC 0 TC 0 LT 0 MG 0 VD 0 VDP 0 VWD 0 VLOCK 0 VUNLOCK 0 VCLOSE 0 VMAX 0 VLOCKUP 0 VDECR 0 V3SWAP 0 V2SWAP 0 NFC 0 NFB 0 NFS 0 NFPEN 0 NFT 0 TF 0
[SQ] 83053425: MC 0 MPC 0 TR 0 PMINT 0 PBURN 0 PSYNC 0 TC 0 LT 0 MG 0 VD 0 VDP 0 VWD 0 VLOCK 0 VUNLOCK 0 VCLOSE 0 VMAX 0 VLOCKUP 0 VDECR 0 V3SWAP 0 V2SWAP 0 NFC 0 NFB 0 NFS 0 NFPEN 0 NFT 0 TF 0
[SQ] 83053426: MC 0 MPC 0 TR 0 PMINT 0 PBURN 0 PSYNC 0 TC 0 LT 0 MG 0 VD 0 VDP 0 VWD 0 VLOCK 0 VUNLOCK 0 VCLOSE 0 VMAX 0 VLOCKUP 0 VDECR 0 V3SWAP 0 V2SWAP 0 NFC 0 NFB 0 NFS 0 NFPEN 0 NFT 0 TF 0
[SQ] 83053427: MC 0 MPC 0 TR 0 PMINT 0 PBURN 0 PSYNC 0 TC 0 LT 0 MG 0 VD 0 VDP 0 VWD 0 VLOCK 0 VUNLOCK 0 VCLOSE 0 VMAX 0 VLOCKUP 0 VDECR 0 V3SWAP 0 V2SWAP 0 NFC 0 NFB 0 NFS 0 NFPEN 0 NFT 0 TF 0
[SQ] 83053428: MC 0 MPC 0 TR 0 PMINT 0 PBURN 0 PSYNC 0 TC 0 LT 0 MG 0 VD 0 VDP 0 VWD 0 VLOCK 0 VUNLOCK 0 VCLOSE 0 VMAX 0 VLOCKUP 0 VDECR 0 V3SWAP 0 V2SWAP 0 NFC 0 NFB 0 NFS 0 NFPEN 0 NFT 0 TF 0
[SQ] 83053429: MC 0 MPC 0 TR 0 PMINT 0 PBURN 0 PSYNC 0 TC 0 LT 0 MG 0 VD 0 VDP 0 VWD 0 VLOCK 0 VUNLOCK 0 VCLOSE 0 VMAX 0 VLOCKUP 0 VDECR 0 V3SWAP 0 V2SWAP 0 NFC 0 NFB 0 NFS 0 NFPEN 0 NFT 0 TF 1
[SQ] 83053430: MC 0 MPC 0 TR 0 PMINT 0 PBURN 0 PSYNC 0 TC 0 LT 0 MG 0 VD 0 VDP 0 VWD 0 VLOCK 0 VUNLOCK 0 VCLOSE 0 VMAX 0 VLOCKUP 0 VDECR 0 V3SWAP 0 V2SWAP 0 NFC 0 NFB 0 NFS 0 NFPEN 0 NFT 0 TF 0
[SQ] 83053431: MC 0 MPC 0 TR 0 PMINT 0 PBURN 0 PSYNC 0 TC 0 LT 0 MG 0 VD 0 VDP 0 VWD 0 VLOCK 0 VUNLOCK 0 VCLOSE 0 VMAX 0 VLOCKUP 0 VDECR 0 V3SWAP 0 V2SWAP 0 NFC 0 NFB 0 NFS 0 NFPEN 0 NFT 0 TF 0
[SQ] 83053432: MC 0 MPC 0 TR 0 PMINT 0 PBURN 0 PSYNC 0 TC 0 LT 0 MG 0 VD 0 VDP 0 VWD 0 VLOCK 0 VUNLOCK 0 VCLOSE 0 VMAX 0 VLOCKUP 0 VDECR 0 V3SWAP 0 V2SWAP 0 NFC 0 NFB 0 NFS 0 NFPEN 0 NFT 0 TF 0
[SQ] 83053433: MC 0 MPC 0 TR 0 PMINT 0 PBURN 0 PSYNC 0 TC 0 LT 0 MG 0 VD 0 VDP 0 VWD 0 VLOCK 0 VUNLOCK 0 VCLOSE 0 VMAX 0 VLOCKUP 0 VDECR 0 V3SWAP 0 V2SWAP 0 NFC 0 NFB 0 NFS 0 NFPEN 0 NFT 0 TF 0
[SQ] 83053434: MC 0 MPC 0 TR 0 PMINT 0 PBURN 0 PSYNC 0 TC 0 LT 0 MG 0 VD 0 VDP 0 VWD 0 VLOCK 0 VUNLOCK 0 VCLOSE 0 VMAX 0 VLOCKUP 0 VDECR 0 V3SWAP 0 V2SWAP 0 NFC 0 NFB 0 NFS 0 NFPEN 0 NFT 0 TF 2
[SQ] 83053435: MC 0 MPC 0 TR 0 PMINT 0 PBURN 0 PSYNC 0 TC 0 LT 0 MG 0 VD 0 VDP 0 VWD 0 VLOCK 0 VUNLOCK 0 VCLOSE 0 VMAX 0 VLOCKUP 0 VDECR 0 V3SWAP 0 V2SWAP 0 NFC 0 NFB 0 NFS 0 NFPEN 0 NFT 0 TF 0
[SQ] 83053436: MC 0 MPC 0 TR 0 PMINT 0 PBURN 0 PSYNC 0 TC 0 LT 0 MG 0 VD 0 VDP 0 VWD 0 VLOCK 0 VUNLOCK 0 VCLOSE 0 VMAX 0 VLOCKUP 0 VDECR 0 V3SWAP 1 V2SWAP 0 NFC 0 NFB 0 NFS 0 NFPEN 0 NFT 0 TF 5
[SQ] 83053437: MC 0 MPC 0 TR 0 PMINT 0 PBURN 0 PSYNC 0 TC 0 LT 0 MG 0 VD 0 VDP 0 VWD 0 VLOCK 0 VUNLOCK 0 VCLOSE 0 VMAX 0 VLOCKUP 0 VDECR 0 V3SWAP 0 V2SWAP 0 NFC 0 NFB 0 NFS 0 NFPEN 0 NFT 0 TF 0
[SQ] 83053438: MC 0 MPC 0 TR 0 PMINT 0 PBURN 0 PSYNC 0 TC 0 LT 0 MG 0 VD 0 VDP 0 VWD 0 VLOCK 0 VUNLOCK 0 VCLOSE 0 VMAX 0 VLOCKUP 0 VDECR 0 V3SWAP 0 V2SWAP 0 NFC 0 NFB 0 NFS 0 NFPEN 0 NFT 0 TF 0
[SQ] 83053439: MC 0 MPC 0 TR 0 PMINT 0 PBURN 0 PSYNC 0 TC 0 LT 0 MG 0 VD 0 VDP 0 VWD 0 VLOCK 0 VUNLOCK 0 VCLOSE 0 VMAX 0 VLOCKUP 0 VDECR 0 V3SWAP 0 V2SWAP 0 NFC 0 NFB 0 NFS 0 NFPEN 0 NFT 0 TF 0
[SQ] 83053440: MC 0 MPC 0 TR 0 PMINT 0 PBURN 0 PSYNC 0 TC 0 LT 0 MG 0 VD 0 VDP 0 VWD 0 VLOCK 0 VUNLOCK 0 VCLOSE 0 VMAX 0 VLOCKUP 0 VDECR 0 V3SWAP 0 V2SWAP 0 NFC 0 NFB 0 NFS 0 NFPEN 0 NFT 0 TF 2
[SQ] 83053441: MC 0 MPC 0 TR 0 PMINT 0 PBURN 0 PSYNC 0 TC 0 LT 0 MG 0 VD 0 VDP 0 VWD 0 VLOCK 0 VUNLOCK 0 VCLOSE 0 VMAX 0 VLOCKUP 0 VDECR 0 V3SWAP 0 V2SWAP 0 NFC 0 NFB 0 NFS 0 NFPEN 0 NFT 0 TF 0
[SQ] 83053442: MC 0 MPC 0 TR 0 PMINT 0 PBURN 0 PSYNC 0 TC 0 LT 0 MG 0 VD 0 VDP 0 VWD 0 VLOCK 0 VUNLOCK 0 VCLOSE 0 VMAX 0 VLOCKUP 0 VDECR 0 V3SWAP 0 V2SWAP 0 NFC 0 NFB 0 NFS 0 NFPEN 0 NFT 0 TF 0
[SQ] 83053443: MC 0 MPC 0 TR 0 PMINT 0 PBURN 0 PSYNC 0 TC 0 LT 0 MG 0 VD 0 VDP 0 VWD 0 VLOCK 0 VUNLOCK 0 VCLOSE 0 VMAX 0 VLOCKUP 0 VDECR 0 V3SWAP 0 V2SWAP 0 NFC 0 NFB 0 NFS 0 NFPEN 0 NFT 0 TF 0
[SQ] 83053444: MC 0 MPC 0 TR 0 PMINT 0 PBURN 0 PSYNC 0 TC 0 LT 0 MG 0 VD 0 VDP 0 VWD 0 VLOCK 0 VUNLOCK 0 VCLOSE 0 VMAX 0 VLOCKUP 0 VDECR 0 V3SWAP 0 V2SWAP 0 NFC 0 NFB 0 NFS 0 NFPEN 0 NFT 0 TF 0
[SQ] 83053445: MC 0 MPC 0 TR 0 PMINT 0 PBURN 0 PSYNC 0 TC 0 LT 0 MG 0 VD 0 VDP 0 VWD 0 VLOCK 0 VUNLOCK 0 VCLOSE 0 VMAX 0 VLOCKUP 0 VDECR 0 V3SWAP 0 V2SWAP 0 NFC 0 NFB 0 NFS 0 NFPEN 0 NFT 0 TF 0
[SQ] 83053446: MC 0 MPC 0 TR 0 PMINT 0 PBURN 0 PSYNC 0 TC 0 LT 0 MG 0 VD 0 VDP 0 VWD 0 VLOCK 0 VUNLOCK 0 VCLOSE 0 VMAX 0 VLOCKUP 0 VDECR 0 V3SWAP 0 V2SWAP 0 NFC 0 NFB 0 NFS 0 NFPEN 0 NFT 0 TF 0
[SQ] 83053447: MC 0 MPC 0 TR 0 PMINT 0 PBURN 0 PSYNC 0 TC 0 LT 0 MG 0 VD 0 VDP 0 VWD 0 VLOCK 0 VUNLOCK 0 VCLOSE 0 VMAX 0 VLOCKUP 0 VDECR 0 V3SWAP 0 V2SWAP 0 NFC 0 NFB 0 NFS 0 NFPEN 0 NFT 0 TF 2
[SQ] 83053448: MC 0 MPC 0 TR 0 PMINT 0 PBURN 0 PSYNC 0 TC 0 LT 0 MG 0 VD 0 VDP 0 VWD 0 VLOCK 0 VUNLOCK 0 VCLOSE 0 VMAX 0 VLOCKUP 0 VDECR 0 V3SWAP 0 V2SWAP 0 NFC 0 NFB 0 NFS 0 NFPEN 0 NFT 0 TF 0
[SQ] 83053449: MC 0 MPC 0 TR 0 PMINT 0 PBURN 0 PSYNC 0 TC 0 LT 0 MG 0 VD 0 VDP 0 VWD 0 VLOCK 0 VUNLOCK 0 VCLOSE 0 VMAX 0 VLOCKUP 0 VDECR 0 V3SWAP 0 V2SWAP 0 NFC 0 NFB 0 NFS 0 NFPEN 0 NFT 0 TF 0
[SQ] 83053450: MC 0 MPC 0 TR 0 PMINT 0 PBURN 0 PSYNC 0 TC 0 LT 0 MG 0 VD 0 VDP 0 VWD 0 VLOCK 0 VUNLOCK 0 VCLOSE 0 VMAX 0 VLOCKUP 0 VDECR 0 V3SWAP 1 V2SWAP 0 NFC 0 NFB 0 NFS 0 NFPEN 0 NFT 0 TF 5
[SQ] 83053451: MC 0 MPC 0 TR 0 PMINT 0 PBURN 0 PSYNC 0 TC 0 LT 0 MG 0 VD 0 VDP 0 VWD 0 VLOCK 0 VUNLOCK 0 VCLOSE 0 VMAX 0 VLOCKUP 0 VDECR 0 V3SWAP 0 V2SWAP 0 NFC 0 NFB 0 NFS 0 NFPEN 0 NFT 0 TF 0
[SQ] 83053452: MC 0 MPC 0 TR 0 PMINT 0 PBURN 0 PSYNC 0 TC 0 LT 0 MG 0 VD 0 VDP 0 VWD 0 VLOCK 0 VUNLOCK 0 VCLOSE 0 VMAX 0 VLOCKUP 0 VDECR 0 V3SWAP 0 V2SWAP 0 NFC 0 NFB 0 NFS 0 NFPEN 0 NFT 0 TF 2
[SQ] 83053453: MC 0 MPC 0 TR 0 PMINT 0 PBURN 0 PSYNC 0 TC 0 LT 0 MG 0 VD 0 VDP 0 VWD 0 VLOCK 0 VUNLOCK 0 VCLOSE 0 VMAX 0 VLOCKUP 0 VDECR 0 V3SWAP 0 V2SWAP 0 NFC 0 NFB 0 NFS 0 NFPEN 0 NFT 0 TF 0
[SQ] 83053454: MC 0 MPC 0 TR 0 PMINT 0 PBURN 0 PSYNC 0 TC 0 LT 0 MG 0 VD 0 VDP 0 VWD 0 VLOCK 0 VUNLOCK 0 VCLOSE 0 VMAX 0 VLOCKUP 0 VDECR 0 V3SWAP 0 V2SWAP 0 NFC 0 NFB 0 NFS 0 NFPEN 0 NFT 0 TF 0
[SQ] 83053455: MC 0 MPC 0 TR 0 PMINT 0 PBURN 0 PSYNC 0 TC 0 LT 0 MG 0 VD 0 VDP 0 VWD 0 VLOCK 0 VUNLOCK 0 VCLOSE 0 VMAX 0 VLOCKUP 0 VDECR 0 V3SWAP 0 V2SWAP 0 NFC 0 NFB 0 NFS 0 NFPEN 0 NFT 0 TF 2
[SQ] 83053456: MC 0 MPC 0 TR 0 PMINT 0 PBURN 0 PSYNC 0 TC 0 LT 0 MG 0 VD 0 VDP 0 VWD 0 VLOCK 0 VUNLOCK 0 VCLOSE 0 VMAX 0 VLOCKUP 0 VDECR 0 V3SWAP 0 V2SWAP 0 NFC 0 NFB 0 NFS 0 NFPEN 0 NFT 0 TF 0
[SQ] 83053457: MC 0 MPC 0 TR 0 PMINT 0 PBURN 0 PSYNC 0 TC 0 LT 0 MG 0 VD 0 VDP 0 VWD 0 VLOCK 0 VUNLOCK 0 VCLOSE 0 VMAX 0 VLOCKUP 0 VDECR 0 V3SWAP 0 V2SWAP 0 NFC 0 NFB 0 NFS 0 NFPEN 0 NFT 0 TF 0
[SQ] 83053458: MC 0 MPC 0 TR 0 PMINT 0 PBURN 0 PSYNC 0 TC 0 LT 0 MG 0 VD 0 VDP 0 VWD 0 VLOCK 0 VUNLOCK 0 VCLOSE 0 VMAX 0 VLOCKUP 0 VDECR 0 V3SWAP 0 V2SWAP 0 NFC 0 NFB 0 NFS 0 NFPEN 0 NFT 0 TF 2
[SQ] 83053459: MC 0 MPC 0 TR 0 PMINT 0 PBURN 0 PSYNC 0 TC 0 LT 0 MG 0 VD 0 VDP 0 VWD 0 VLOCK 0 VUNLOCK 0 VCLOSE 0 VMAX 0 VLOCKUP 0 VDECR 0 V3SWAP 0 V2SWAP 0 NFC 0 NFB 0 NFS 0 NFPEN 0 NFT 0 TF 0
[SQ] 83053460: MC 0 MPC 0 TR 0 PMINT 0 PBURN 0 PSYNC 0 TC 0 LT 0 MG 0 VD 0 VDP 0 VWD 0 VLOCK 0 VUNLOCK 0 VCLOSE 0 VMAX 0 VLOCKUP 0 VDECR 0 V3SWAP 0 V2SWAP 0 NFC 0 NFB 0 NFS 0 NFPEN 0 NFT 0 TF 0
[SQ] 83053461: MC 0 MPC 0 TR 0 PMINT 0 PBURN 0 PSYNC 0 TC 0 LT 0 MG 0 VD 0 VDP 0 VWD 0 VLOCK 0 VUNLOCK 0 VCLOSE 0 VMAX 0 VLOCKUP 0 VDECR 0 V3SWAP 0 V2SWAP 0 NFC 0 NFB 0 NFS 0 NFPEN 0 NFT 0 TF 0
[SQ] 83053462: MC 0 MPC 0 TR 0 PMINT 0 PBURN 0 PSYNC 0 TC 0 LT 0 MG 0 VD 0 VDP 0 VWD 0 VLOCK 0 VUNLOCK 0 VCLOSE 0 VMAX 0 VLOCKUP 0 VDECR 0 V3SWAP 0 V2SWAP 0 NFC 0 NFB 0 NFS 0 NFPEN 0 NFT 0 TF 0
[SQ] 83053463: MC 0 MPC 0 TR 0 PMINT 0 PBURN 0 PSYNC 0 TC 0 LT 0 MG 0 VD 0 VDP 0 VWD 0 VLOCK 0 VUNLOCK 0 VCLOSE 0 VMAX 0 VLOCKUP 0 VDECR 0 V3SWAP 0 V2SWAP 0 NFC 0 NFB 0 NFS 0 NFPEN 0 NFT 0 TF 0
[SQ] 83053464: MC 0 MPC 0 TR 0 PMINT 0 PBURN 0 PSYNC 0 TC 0 LT 0 MG 0 VD 0 VDP 0 VWD 0 VLOCK 0 VUNLOCK 0 VCLOSE 0 VMAX 0 VLOCKUP 0 VDECR 0 V3SWAP 0 V2SWAP 0 NFC 0 NFB 0 NFS 0 NFPEN 0 NFT 0 TF 0
[SQ] 83053465: MC 0 MPC 0 TR 0 PMINT 0 PBURN 0 PSYNC 0 TC 0 LT 0 MG 0 VD 0 VDP 0 VWD 0 VLOCK 0 VUNLOCK 0 VCLOSE 0 VMAX 0 VLOCKUP 0 VDECR 0 V3SWAP 0 V2SWAP 0 NFC 0 NFB 0 NFS 0 NFPEN 0 NFT 0 TF 0
[SQ] 83053466: MC 0 MPC 0 TR 0 PMINT 0 PBURN 0 PSYNC 0 TC 0 LT 0 MG 0 VD 0 VDP 0 VWD 0 VLOCK 0 VUNLOCK 0 VCLOSE 0 VMAX 0 VLOCKUP 0 VDECR 0 V3SWAP 0 V2SWAP 0 NFC 0 NFB 0 NFS 0 NFPEN 0 NFT 0 TF 0
[SQ] 83053467: MC 0 MPC 0 TR 0 PMINT 0 PBURN 0 PSYNC 0 TC 0 LT 0 MG 0 VD 0 VDP 0 VWD 0 VLOCK 0 VUNLOCK 0 VCLOSE 0 VMAX 0 VLOCKUP 0 VDECR 0 V3SWAP 0 V2SWAP 0 NFC 0 NFB 0 NFS 0 NFPEN 0 NFT 0 TF 0
[SQ] 83053468: MC 0 MPC 0 TR 0 PMINT 0 PBURN 0 PSYNC 0 TC 0 LT 0 MG 0 VD 0 VDP 0 VWD 0 VLOCK 0 VUNLOCK 0 VCLOSE 0 VMAX 0 VLOCKUP 0 VDECR 0 V3SWAP 0 V2SWAP 0 NFC 0 NFB 0 NFS 0 NFPEN 0 NFT 0 TF 0
[SQ] 83053469: MC 0 MPC 0 TR 0 PMINT 0 PBURN 0 PSYNC 0 TC 0 LT 0 MG 0 VD 0 VDP 0 VWD 0 VLOCK 0 VUNLOCK 0 VCLOSE 0 VMAX 0 VLOCKUP 0 VDECR 0 V3SWAP 0 V2SWAP 0 NFC 0 NFB 0 NFS 0 NFPEN 0 NFT 0 TF 0
[SQ] 83053470: MC 0 MPC 0 TR 0 PMINT 0 PBURN 0 PSYNC 0 TC 0 LT 0 MG 0 VD 0 VDP 0 VWD 0 VLOCK 0 VUNLOCK 0 VCLOSE 0 VMAX 0 VLOCKUP 0 VDECR 0 V3SWAP 0 V2SWAP 0 NFC 0 NFB 0 NFS 0 NFPEN 0 NFT 0 TF 0
[SQ] 83053471: MC 0 MPC 0 TR 0 PMINT 0 PBURN 0 PSYNC 0 TC 0 LT 0 MG 0 VD 0 VDP 0 VWD 0 VLOCK 0 VUNLOCK 0 VCLOSE 0 VMAX 0 VLOCKUP 0 VDECR 0 V3SWAP 0 V2SWAP 0 NFC 0 NFB 0 NFS 0 NFPEN 0 NFT 0 TF 0
[SQ] 83053472: MC 0 MPC 0 TR 0 PMINT 0 PBURN 0 PSYNC 0 TC 0 LT 0 MG 0 VD 0 VDP 0 VWD 0 VLOCK 0 VUNLOCK 0 VCLOSE 0 VMAX 0 VLOCKUP 0 VDECR 0 V3SWAP 1 V2SWAP 0 NFC 0 NFB 0 NFS 0 NFPEN 0 NFT 0 TF 3
[SQ] 83053473: MC 0 MPC 0 TR 0 PMINT 0 PBURN 0 PSYNC 0 TC 0 LT 0 MG 0 VD 0 VDP 0 VWD 0 VLOCK 0 VUNLOCK 0 VCLOSE 0 VMAX 0 VLOCKUP 0 VDECR 0 V3SWAP 0 V2SWAP 0 NFC 0 NFB 0 NFS 0 NFPEN 0 NFT 0 TF 6
[SQ] 83053474: MC 0 MPC 0 TR 0 PMINT 0 PBURN 0 PSYNC 0 TC 0 LT 0 MG 0 VD 0 VDP 0 VWD 0 VLOCK 0 VUNLOCK 0 VCLOSE 0 VMAX 0 VLOCKUP 0 VDECR 0 V3SWAP 0 V2SWAP 0 NFC 0 NFB 0 NFS 0 NFPEN 0 NFT 0 TF 0
[SQ] 83053475: MC 0 MPC 0 TR 0 PMINT 0 PBURN 0 PSYNC 0 TC 0 LT 0 MG 0 VD 0 VDP 0 VWD 0 VLOCK 0 VUNLOCK 0 VCLOSE 0 VMAX 0 VLOCKUP 0 VDECR 0 V3SWAP 0 V2SWAP 0 NFC 0 NFB 0 NFS 0 NFPEN 0 NFT 0 TF 0
[SQ] 83053476: MC 0 MPC 0 TR 0 PMINT 0 PBURN 0 PSYNC 0 TC 0 LT 0 MG 0 VD 0 VDP 0 VWD 0 VLOCK 0 VUNLOCK 0 VCLOSE 0 VMAX 0 VLOCKUP 0 VDECR 0 V3SWAP 0 V2SWAP 0 NFC 0 NFB 0 NFS 0 NFPEN 0 NFT 0 TF 6
[SQ] 83053477: MC 0 MPC 0 TR 0 PMINT 0 PBURN 0 PSYNC 0 TC 0 LT 0 MG 0 VD 0 VDP 0 VWD 0 VLOCK 0 VUNLOCK 0 VCLOSE 0 VMAX 0 VLOCKUP 0 VDECR 0 V3SWAP 0 V2SWAP 0 NFC 0 NFB 0 NFS 0 NFPEN 0 NFT 0 TF 0
[SQ] 83053478: MC 0 MPC 0 TR 0 PMINT 0 PBURN 0 PSYNC 0 TC 0 LT 0 MG 0 VD 0 VDP 0 VWD 0 VLOCK 0 VUNLOCK 0 VCLOSE 0 VMAX 0 VLOCKUP 0 VDECR 0 V3SWAP 0 V2SWAP 0 NFC 0 NFB 0 NFS 0 NFPEN 0 NFT 0 TF 0
[SQ] 83053479: MC 0 MPC 0 TR 0 PMINT 0 PBURN 0 PSYNC 0 TC 0 LT 0 MG 0 VD 0 VDP 0 VWD 0 VLOCK 0 VUNLOCK 0 VCLOSE 0 VMAX 0 VLOCKUP 0 VDECR 0 V3SWAP 0 V2SWAP 0 NFC 0 NFB 0 NFS 0 NFPEN 0 NFT 0 TF 0
[SQ] 83053480: MC 0 MPC 0 TR 0 PMINT 0 PBURN 0 PSYNC 0 TC 0 LT 0 MG 0 VD 0 VDP 0 VWD 0 VLOCK 0 VUNLOCK 0 VCLOSE 0 VMAX 0 VLOCKUP 0 VDECR 0 V3SWAP 0 V2SWAP 0 NFC 0 NFB 0 NFS 0 NFPEN 0 NFT 0 TF 0
[SQ] 83053481: MC 0 MPC 0 TR 0 PMINT 0 PBURN 0 PSYNC 0 TC 0 LT 0 MG 0 VD 0 VDP 0 VWD 0 VLOCK 0 VUNLOCK 0 VCLOSE 0 VMAX 0 VLOCKUP 0 VDECR 0 V3SWAP 0 V2SWAP 0 NFC 0 NFB 0 NFS 0 NFPEN 0 NFT 0 TF 0
[SQ] 83053482: MC 0 MPC 0 TR 0 PMINT 0 PBURN 0 PSYNC 0 TC 0 LT 0 MG 0 VD 0 VDP 0 VWD 0 VLOCK 0 VUNLOCK 0 VCLOSE 0 VMAX 0 VLOCKUP 0 VDECR 0 V3SWAP 0 V2SWAP 0 NFC 0 NFB 0 NFS 0 NFPEN 0 NFT 0 TF 0
[SQ] 83053483: MC 0 MPC 0 TR 0 PMINT 0 PBURN 0 PSYNC 0 TC 0 LT 0 MG 0 VD 0 VDP 0 VWD 0 VLOCK 0 VUNLOCK 0 VCLOSE 0 VMAX 0 VLOCKUP 0 VDECR 0 V3SWAP 0 V2SWAP 0 NFC 0 NFB 0 NFS 0 NFPEN 0 NFT 0 TF 0
[SQ] 83053484: MC 0 MPC 0 TR 0 PMINT 0 PBURN 0 PSYNC 0 TC 0 LT 0 MG 0 VD 0 VDP 0 VWD 0 VLOCK 0 VUNLOCK 0 VCLOSE 0 VMAX 0 VLOCKUP 0 VDECR 0 V3SWAP 0 V2SWAP 0 NFC 0 NFB 0 NFS 0 NFPEN 0 NFT 0 TF 0
[SQ] 83053485: MC 0 MPC 0 TR 0 PMINT 0 PBURN 0 PSYNC 0 TC 0 LT 0 MG 0 VD 0 VDP 0 VWD 0 VLOCK 0 VUNLOCK 0 VCLOSE 0 VMAX 0 VLOCKUP 0 VDECR 0 V3SWAP 1 V2SWAP 0 NFC 0 NFB 0 NFS 0 NFPEN 0 NFT 0 TF 3
[SQ] 83053486: MC 0 MPC 0 TR 0 PMINT 0 PBURN 0 PSYNC 0 TC 0 LT 0 MG 0 VD 0 VDP 0 VWD 0 VLOCK 0 VUNLOCK 0 VCLOSE 0 VMAX 0 VLOCKUP 0 VDECR 0 V3SWAP 0 V2SWAP 0 NFC 0 NFB 0 NFS 0 NFPEN 0 NFT 0 TF 0
[SQ] 83053487: MC 0 MPC 0 TR 0 PMINT 0 PBURN 0 PSYNC 0 TC 0 LT 0 MG 0 VD 0 VDP 0 VWD 0 VLOCK 0 VUNLOCK 0 VCLOSE 0 VMAX 0 VLOCKUP 0 VDECR 0 V3SWAP 0 V2SWAP 0 NFC 0 NFB 0 NFS 0 NFPEN 0 NFT 0 TF 0
[SQ] 83053488: MC 0 MPC 0 TR 0 PMINT 0 PBURN 0 PSYNC 0 TC 0 LT 0 MG 0 VD 0 VDP 0 VWD 0 VLOCK 0 VUNLOCK 0 VCLOSE 0 VMAX 0 VLOCKUP 0 VDECR 0 V3SWAP 0 V2SWAP 0 NFC 0 NFB 0 NFS 0 NFPEN 0 NFT 0 TF 0
[SQ] 83053489: MC 0 MPC 0 TR 0 PMINT 0 PBURN 0 PSYNC 0 TC 0 LT 0 MG 0 VD 0 VDP 0 VWD 0 VLOCK 0 VUNLOCK 0 VCLOSE 0 VMAX 0 VLOCKUP 0 VDECR 0 V3SWAP 0 V2SWAP 0 NFC 0 NFB 0 NFS 0 NFPEN 0 NFT 0 TF 0
[SQ] 83053490: MC 0 MPC 0 TR 0 PMINT 0 PBURN 0 PSYNC 0 TC 0 LT 0 MG 0 VD 0 VDP 0 VWD 0 VLOCK 0 VUNLOCK 0 VCLOSE 0 VMAX 0 VLOCKUP 0 VDECR 0 V3SWAP 0 V2SWAP 0 NFC 0 NFB 0 NFS 0 NFPEN 0 NFT 0 TF 0
[SQ] 83053491: MC 0 MPC 0 TR 0 PMINT 0 PBURN 0 PSYNC 0 TC 0 LT 0 MG 0 VD 0 VDP 0 VWD 0 VLOCK 0 VUNLOCK 0 VCLOSE 0 VMAX 0 VLOCKUP 0 VDECR 0 V3SWAP 0 V2SWAP 0 NFC 0 NFB 0 NFS 0 NFPEN 0 NFT 0 TF 0
[SQ] 83053492: MC 0 MPC 0 TR 0 PMINT 0 PBURN 0 PSYNC 0 TC 0 LT 0 MG 0 VD 0 VDP 0 VWD 0 VLOCK 0 VUNLOCK 0 VCLOSE 0 VMAX 0 VLOCKUP 0 VDECR 0 V3SWAP 0 V2SWAP 0 NFC 0 NFB 0 NFS 0 NFPEN 0 NFT 0 TF 0
[SQ] 83053493: MC 0 MPC 0 TR 0 PMINT 0 PBURN 0 PSYNC 0 TC 0 LT 0 MG 0 VD 0 VDP 0 VWD 0 VLOCK 0 VUNLOCK 0 VCLOSE 0 VMAX 0 VLOCKUP 0 VDECR 0 V3SWAP 0 V2SWAP 0 NFC 0 NFB 0 NFS 0 NFPEN 0 NFT 0 TF 0
[SQ] 83053494: MC 0 MPC 0 TR 0 PMINT 0 PBURN 0 PSYNC 0 TC 0 LT 0 MG 0 VD 0 VDP 0 VWD 0 VLOCK 0 VUNLOCK 0 VCLOSE 0 VMAX 0 VLOCKUP 0 VDECR 0 V3SWAP 0 V2SWAP 0 NFC 0 NFB 0 NFS 0 NFPEN 0 NFT 0 TF 5
[SQ] 83053495: MC 0 MPC 0 TR 0 PMINT 0 PBURN 0 PSYNC 0 TC 0 LT 0 MG 0 VD 0 VDP 0 VWD 0 VLOCK 0 VUNLOCK 0 VCLOSE 0 VMAX 0 VLOCKUP 0 VDECR 0 V3SWAP 0 V2SWAP 0 NFC 0 NFB 0 NFS 0 NFPEN 0 NFT 0 TF 0
[SQ] 83053496: MC 0 MPC 0 TR 0 PMINT 0 PBURN 0 PSYNC 0 TC 0 LT 0 MG 0 VD 0 VDP 0 VWD 0 VLOCK 0 VUNLOCK 0 VCLOSE 0 VMAX 0 VLOCKUP 0 VDECR 0 V3SWAP 0 V2SWAP 0 NFC 0 NFB 0 NFS 0 NFPEN 0 NFT 0 TF 0
[SQ] 83053497: MC 0 MPC 0 TR 0 PMINT 0 PBURN 0 PSYNC 0 TC 0 LT 0 MG 0 VD 0 VDP 0 VWD 0 VLOCK 0 VUNLOCK 0 VCLOSE 0 VMAX 0 VLOCKUP 0 VDECR 0 V3SWAP 0 V2SWAP 0 NFC 0 NFB 0 NFS 0 NFPEN 0 NFT 0 TF 0
[SQ] 83053498: MC 0 MPC 0 TR 0 PMINT 0 PBURN 0 PSYNC 0 TC 0 LT 0 MG 0 VD 0 VDP 0 VWD 0 VLOCK 0 VUNLOCK 0 VCLOSE 0 VMAX 0 VLOCKUP 0 VDECR 0 V3SWAP 0 V2SWAP 0 NFC 0 NFB 0 NFS 0 NFPEN 0 NFT 0 TF 0
[SQ] 83053499: MC 0 MPC 0 TR 0 PMINT 0 PBURN 0 PSYNC 0 TC 0 LT 0 MG 0 VD 0 VDP 0 VWD 0 VLOCK 0 VUNLOCK 0 VCLOSE 0 VMAX 0 VLOCKUP 0 VDECR 0 V3SWAP 0 V2SWAP 0 NFC 0 NFB 0 NFS 0 NFPEN 0 NFT 0 TF 0
[SQ] 83053500: MC 0 MPC 0 TR 0 PMINT 0 PBURN 0 PSYNC 0 TC 0 LT 0 MG 0 VD 0 VDP 0 VWD 0 VLOCK 0 VUNLOCK 0 VCLOSE 0 VMAX 0 VLOCKUP 0 VDECR 0 V3SWAP 0 V2SWAP 0 NFC 0 NFB 0 NFS 0 NFPEN 0 NFT 0 TF 2
[SQ] 83053501: MC 0 MPC 0 TR 0 PMINT 0 PBURN 0 PSYNC 0 TC 0 LT 0 MG 0 VD 0 VDP 0 VWD 0 VLOCK 0 VUNLOCK 0 VCLOSE 0 VMAX 0 VLOCKUP 0 VDECR 0 V3SWAP 0 V2SWAP 0 NFC 0 NFB 0 NFS 0 NFPEN 0 NFT 0 TF 2
[SQ] 83053502: MC 0 MPC 0 TR 0 PMINT 0 PBURN 0 PSYNC 0 TC 0 LT 0 MG 0 VD 0 VDP 0 VWD 0 VLOCK 0 VUNLOCK 0 VCLOSE 0 VMAX 0 VLOCKUP 0 VDECR 0 V3SWAP 0 V2SWAP 0 NFC 0 NFB 0 NFS 0 NFPEN 0 NFT 0 TF 0
[SQ] 83053503: MC 0 MPC 0 TR 0 PMINT 0 PBURN 0 PSYNC 0 TC 0 LT 0 MG 0 VD 0 VDP 0 VWD 0 VLOCK 0 VUNLOCK 0 VCLOSE 0 VMAX 0 VLOCKUP 0 VDECR 0 V3SWAP 0 V2SWAP 0 NFC 0 NFB 0 NFS 0 NFPEN 0 NFT 0 TF 0
[SQ] 83053504: MC 0 MPC 0 TR 0 PMINT 0 PBURN 0 PSYNC 0 TC 0 LT 0 MG 0 VD 0 VDP 0 VWD 0 VLOCK 0 VUNLOCK 0 VCLOSE 0 VMAX 0 VLOCKUP 0 VDECR 0 V3SWAP 0 V2SWAP 0 NFC 0 NFB 0 NFS 0 NFPEN 0 NFT 0 TF 0
[SQ] 83053505: MC 0 MPC 0 TR 0 PMINT 0 PBURN 0 PSYNC 0 TC 0 LT 0 MG 0 VD 0 VDP 0 VWD 0 VLOCK 0 VUNLOCK 0 VCLOSE 0 VMAX 0 VLOCKUP 0 VDECR 0 V3SWAP 0 V2SWAP 0 NFC 0 NFB 0 NFS 0 NFPEN 0 NFT 0 TF 0
[SQ] 83053506: MC 0 MPC 0 TR 0 PMINT 0 PBURN 0 PSYNC 0 TC 0 LT 0 MG 0 VD 0 VDP 0 VWD 0 VLOCK 0 VUNLOCK 0 VCLOSE 0 VMAX 0 VLOCKUP 0 VDECR 0 V3SWAP 0 V2SWAP 0 NFC 0 NFB 0 NFS 0 NFPEN 0 NFT 0 TF 0
[SQ] 83053507: MC 0 MPC 0 TR 0 PMINT 0 PBURN 0 PSYNC 0 TC 0 LT 0 MG 0 VD 0 VDP 0 VWD 0 VLOCK 0 VUNLOCK 0 VCLOSE 0 VMAX 0 VLOCKUP 0 VDECR 0 V3SWAP 0 V2SWAP 0 NFC 0 NFB 0 NFS 0 NFPEN 0 NFT 0 TF 0
[SQ] 83053508: MC 0 MPC 0 TR 0 PMINT 0 PBURN 0 PSYNC 0 TC 0 LT 0 MG 0 VD 0 VDP 0 VWD 0 VLOCK 0 VUNLOCK 0 VCLOSE 0 VMAX 0 VLOCKUP 0 VDECR 0 V3SWAP 1 V2SWAP 0 NFC 0 NFB 0 NFS 0 NFPEN 0 NFT 0 TF 3
[SQ] 83053509: MC 0 MPC 0 TR 0 PMINT 0 PBURN 0 PSYNC 0 TC 0 LT 0 MG 0 VD 0 VDP 0 VWD 0 VLOCK 0 VUNLOCK 0 VCLOSE 0 VMAX 0 VLOCKUP 0 VDECR 0 V3SWAP 0 V2SWAP 0 NFC 0 NFB 0 NFS 0 NFPEN 0 NFT 0 TF 0
[SQ] 83053510: MC 0 MPC 0 TR 0 PMINT 0 PBURN 0 PSYNC 0 TC 0 LT 0 MG 0 VD 0 VDP 0 VWD 0 VLOCK 0 VUNLOCK 0 VCLOSE 0 VMAX 0 VLOCKUP 0 VDECR 0 V3SWAP 0 V2SWAP 0 NFC 0 NFB 0 NFS 0 NFPEN 0 NFT 0 TF 0
[SQ] 83053511: MC 0 MPC 0 TR 0 PMINT 0 PBURN 0 PSYNC 0 TC 0 LT 0 MG 0 VD 0 VDP 0 VWD 0 VLOCK 0 VUNLOCK 0 VCLOSE 0 VMAX 0 VLOCKUP 0 VDECR 0 V3SWAP 0 V2SWAP 0 NFC 0 NFB 0 NFS 0 NFPEN 0 NFT 0 TF 2
[SQ] 83053512: MC 0 MPC 0 TR 0 PMINT 0 PBURN 0 PSYNC 0 TC 0 LT 0 MG 0 VD 0 VDP 0 VWD 0 VLOCK 0 VUNLOCK 0 VCLOSE 0 VMAX 0 VLOCKUP 0 VDECR 0 V3SWAP 0 V2SWAP 0 NFC 0 NFB 0 NFS 0 NFPEN 0 NFT 0 TF 0
[SQ] 83053513: MC 0 MPC 0 TR 0 PMINT 0 PBURN 0 PSYNC 0 TC 0 LT 0 MG 0 VD 0 VDP 0 VWD 0 VLOCK 0 VUNLOCK 0 VCLOSE 0 VMAX 0 VLOCKUP 0 VDECR 0 V3SWAP 0 V2SWAP 0 NFC 0 NFB 0 NFS 0 NFPEN 0 NFT 0 TF 0
[SQ] 83053514: MC 0 MPC 0 TR 0 PMINT 0 PBURN 0 PSYNC 0 TC 0 LT 0 MG 0 VD 0 VDP 0 VWD 0 VLOCK 0 VUNLOCK 0 VCLOSE 0 VMAX 0 VLOCKUP 0 VDECR 0 V3SWAP 0 V2SWAP 0 NFC 0 NFB 0 NFS 0 NFPEN 0 NFT 0 TF 0
[SQ] 83053515: MC 0 MPC 0 TR 0 PMINT 0 PBURN 0 PSYNC 0 TC 0 LT 0 MG 0 VD 0 VDP 0 VWD 0 VLOCK 0 VUNLOCK 0 VCLOSE 0 VMAX 0 VLOCKUP 0 VDECR 0 V3SWAP 0 V2SWAP 0 NFC 0 NFB 0 NFS 0 NFPEN 0 NFT 0 TF 0
[SQ] 83053516: MC 0 MPC 0 TR 0 PMINT 0 PBURN 0 PSYNC 0 TC 0 LT 0 MG 0 VD 0 VDP 0 VWD 0 VLOCK 0 VUNLOCK 0 VCLOSE 0 VMAX 0 VLOCKUP 0 VDECR 0 V3SWAP 0 V2SWAP 0 NFC 0 NFB 0 NFS 0 NFPEN 0 NFT 0 TF 1
[SQ] 83053517: MC 0 MPC 0 TR 0 PMINT 0 PBURN 0 PSYNC 0 TC 0 LT 0 MG 0 VD 0 VDP 0 VWD 0 VLOCK 0 VUNLOCK 0 VCLOSE 0 VMAX 0 VLOCKUP 0 VDECR 0 V3SWAP 0 V2SWAP 0 NFC 0 NFB 0 NFS 0 NFPEN 0 NFT 0 TF 0
[SQ] 83053518: MC 0 MPC 0 TR 0 PMINT 0 PBURN 0 PSYNC 0 TC 0 LT 0 MG 0 VD 0 VDP 0 VWD 0 VLOCK 0 VUNLOCK 0 VCLOSE 0 VMAX 0 VLOCKUP 0 VDECR 0 V3SWAP 0 V2SWAP 0 NFC 0 NFB 0 NFS 0 NFPEN 0 NFT 0 TF 0
[SQ] 83053519: MC 0 MPC 0 TR 0 PMINT 0 PBURN 0 PSYNC 0 TC 0 LT 0 MG 0 VD 0 VDP 0 VWD 0 VLOCK 0 VUNLOCK 0 VCLOSE 0 VMAX 0 VLOCKUP 0 VDECR 0 V3SWAP 0 V2SWAP 0 NFC 0 NFB 0 NFS 0 NFPEN 0 NFT 0 TF 0
[SQ] 83053520: MC 0 MPC 0 TR 0 PMINT 0 PBURN 0 PSYNC 0 TC 0 LT 0 MG 0 VD 0 VDP 0 VWD 0 VLOCK 0 VUNLOCK 0 VCLOSE 0 VMAX 0 VLOCKUP 0 VDECR 0 V3SWAP 0 V2SWAP 0 NFC 0 NFB 0 NFS 0 NFPEN 0 NFT 0 TF 0
[SQ] 83053521: MC 0 MPC 0 TR 0 PMINT 0 PBURN 0 PSYNC 0 TC 0 LT 0 MG 0 VD 0 VDP 0 VWD 0 VLOCK 0 VUNLOCK 0 VCLOSE 0 VMAX 0 VLOCKUP 0 VDECR 0 V3SWAP 1 V2SWAP 0 NFC 0 NFB 0 NFS 0 NFPEN 0 NFT 0 TF 3
[SQ] 83053522: MC 0 MPC 0 TR 0 PMINT 0 PBURN 0 PSYNC 0 TC 0 LT 0 MG 0 VD 0 VDP 0 VWD 0 VLOCK 0 VUNLOCK 0 VCLOSE 0 VMAX 0 VLOCKUP 0 VDECR 0 V3SWAP 0 V2SWAP 0 NFC 0 NFB 0 NFS 0 NFPEN 0 NFT 0 TF 0
[SQ] 83053523: MC 0 MPC 0 TR 0 PMINT 0 PBURN 0 PSYNC 0 TC 0 LT 0 MG 0 VD 0 VDP 0 VWD 0 VLOCK 0 VUNLOCK 0 VCLOSE 0 VMAX 0 VLOCKUP 0 VDECR 0 V3SWAP 0 V2SWAP 0 NFC 0 NFB 0 NFS 0 NFPEN 0 NFT 0 TF 0
[SQ] 83053524: MC 0 MPC 0 TR 0 PMINT 0 PBURN 0 PSYNC 0 TC 0 LT 0 MG 0 VD 0 VDP 0 VWD 0 VLOCK 0 VUNLOCK 0 VCLOSE 0 VMAX 0 VLOCKUP 0 VDECR 0 V3SWAP 0 V2SWAP 0 NFC 0 NFB 0 NFS 0 NFPEN 0 NFT 0 TF 0
[SQ] 83053525: MC 0 MPC 0 TR 0 PMINT 0 PBURN 0 PSYNC 0 TC 0 LT 0 MG 0 VD 0 VDP 0 VWD 0 VLOCK 0 VUNLOCK 0 VCLOSE 0 VMAX 0 VLOCKUP 0 VDECR 0 V3SWAP 0 V2SWAP 0 NFC 0 NFB 0 NFS 0 NFPEN 0 NFT 0 TF 0
[SQ] 83053526: MC 0 MPC 0 TR 0 PMINT 0 PBURN 0 PSYNC 0 TC 0 LT 0 MG 0 VD 0 VDP 0 VWD 0 VLOCK 0 VUNLOCK 0 VCLOSE 0 VMAX 0 VLOCKUP 0 VDECR 0 V3SWAP 0 V2SWAP 0 NFC 0 NFB 0 NFS 0 NFPEN 0 NFT 0 TF 0
[SQ] 83053527: MC 0 MPC 0 TR 0 PMINT 0 PBURN 0 PSYNC 0 TC 0 LT 0 MG 0 VD 0 VDP 0 VWD 0 VLOCK 0 VUNLOCK 0 VCLOSE 0 VMAX 0 VLOCKUP 0 VDECR 0 V3SWAP 0 V2SWAP 0 NFC 0 NFB 0 NFS 0 NFPEN 0 NFT 0 TF 0
[SQ] 83053528: MC 0 MPC 0 TR 0 PMINT 0 PBURN 0 PSYNC 0 TC 0 LT 0 MG 0 VD 0 VDP 0 VWD 0 VLOCK 0 VUNLOCK 0 VCLOSE 0 VMAX 0 VLOCKUP 0 VDECR 0 V3SWAP 0 V2SWAP 0 NFC 0 NFB 0 NFS 0 NFPEN 0 NFT 0 TF 0
[SQ] 83053529: MC 0 MPC 0 TR 0 PMINT 0 PBURN 0 PSYNC 0 TC 0 LT 0 MG 0 VD 0 VDP 0 VWD 0 VLOCK 0 VUNLOCK 0 VCLOSE 0 VMAX 0 VLOCKUP 0 VDECR 0 V3SWAP 0 V2SWAP 0 NFC 0 NFB 0 NFS 0 NFPEN 0 NFT 0 TF 2
[SQ] 83053530: MC 0 MPC 0 TR 0 PMINT 0 PBURN 0 PSYNC 0 TC 0 LT 0 MG 0 VD 0 VDP 0 VWD 0 VLOCK 0 VUNLOCK 0 VCLOSE 0 VMAX 0 VLOCKUP 0 VDECR 0 V3SWAP 0 V2SWAP 0 NFC 0 NFB 0 NFS 0 NFPEN 0 NFT 0 TF 2
[SQ] 83053531: MC 0 MPC 0 TR 0 PMINT 0 PBURN 0 PSYNC 0 TC 0 LT 0 MG 0 VD 0 VDP 0 VWD 0 VLOCK 0 VUNLOCK 0 VCLOSE 0 VMAX 0 VLOCKUP 0 VDECR 0 V3SWAP 0 V2SWAP 0 NFC 0 NFB 0 NFS 0 NFPEN 0 NFT 0 TF 2
[SQ] 83053532: MC 0 MPC 0 TR 0 PMINT 0 PBURN 0 PSYNC 0 TC 0 LT 0 MG 0 VD 0 VDP 0 VWD 0 VLOCK 0 VUNLOCK 0 VCLOSE 0 VMAX 0 VLOCKUP 0 VDECR 0 V3SWAP 0 V2SWAP 0 NFC 0 NFB 0 NFS 0 NFPEN 0 NFT 0 TF 2
[SQ] 83053533: MC 0 MPC 0 TR 0 PMINT 0 PBURN 0 PSYNC 0 TC 0 LT 0 MG 0 VD 0 VDP 0 VWD 0 VLOCK 0 VUNLOCK 0 VCLOSE 0 VMAX 0 VLOCKUP 0 VDECR 0 V3SWAP 0 V2SWAP 0 NFC 0 NFB 0 NFS 0 NFPEN 0 NFT 0 TF 0
[SQ] 83053534: MC 0 MPC 0 TR 0 PMINT 0 PBURN 0 PSYNC 0 TC 0 LT 0 MG 0 VD 0 VDP 0 VWD 0 VLOCK 0 VUNLOCK 0 VCLOSE 0 VMAX 0 VLOCKUP 0 VDECR 0 V3SWAP 0 V2SWAP 0 NFC 0 NFB 0 NFS 0 NFPEN 0 NFT 0 TF 0
[SQ] 83053535: MC 0 MPC 0 TR 0 PMINT 0 PBURN 0 PSYNC 0 TC 0 LT 0 MG 0 VD 0 VDP 0 VWD 0 VLOCK 0 VUNLOCK 0 VCLOSE 0 VMAX 0 VLOCKUP 0 VDECR 0 V3SWAP 0 V2SWAP 0 NFC 0 NFB 0 NFS 0 NFPEN 0 NFT 0 TF 2
[SQ] 83053536: MC 0 MPC 0 TR 0 PMINT 0 PBURN 0 PSYNC 0 TC 0 LT 0 MG 0 VD 0 VDP 0 VWD 0 VLOCK 0 VUNLOCK 0 VCLOSE 0 VMAX 0 VLOCKUP 0 VDECR 0 V3SWAP 0 V2SWAP 0 NFC 0 NFB 0 NFS 0 NFPEN 0 NFT 0 TF 0
[SQ] 83053537: MC 0 MPC 0 TR 0 PMINT 0 PBURN 0 PSYNC 0 TC 0 LT 0 MG 0 VD 0 VDP 0 VWD 0 VLOCK 0 VUNLOCK 0 VCLOSE 0 VMAX 0 VLOCKUP 0 VDECR 0 V3SWAP 0 V2SWAP 0 NFC 0 NFB 0 NFS 0 NFPEN 0 NFT 0 TF 0
[SQ] 83053538: MC 0 MPC 0 TR 0 PMINT 0 PBURN 0 PSYNC 0 TC 0 LT 0 MG 0 VD 0 VDP 0 VWD 0 VLOCK 0 VUNLOCK 0 VCLOSE 0 VMAX 0 VLOCKUP 0 VDECR 0 V3SWAP 0 V2SWAP 0 NFC 0 NFB 0 NFS 0 NFPEN 0 NFT 0 TF 2
[SQ] 83053539: MC 0 MPC 0 TR 0 PMINT 0 PBURN 0 PSYNC 0 TC 0 LT 0 MG 0 VD 0 VDP 0 VWD 0 VLOCK 0 VUNLOCK 0 VCLOSE 0 VMAX 0 VLOCKUP 0 VDECR 0 V3SWAP 0 V2SWAP 0 NFC 0 NFB 0 NFS 0 NFPEN 0 NFT 0 TF 2
[SQ] 83053540: MC 0 MPC 0 TR 0 PMINT 0 PBURN 0 PSYNC 0 TC 0 LT 0 MG 0 VD 0 VDP 0 VWD 0 VLOCK 0 VUNLOCK 0 VCLOSE 0 VMAX 0 VLOCKUP 0 VDECR 0 V3SWAP 0 V2SWAP 0 NFC 0 NFB 0 NFS 0 NFPEN 0 NFT 0 TF 0
[SQ] 83053541: MC 0 MPC 0 TR 0 PMINT 0 PBURN 0 PSYNC 0 TC 0 LT 0 MG 0 VD 0 VDP 0 VWD 0 VLOCK 0 VUNLOCK 0 VCLOSE 0 VMAX 0 VLOCKUP 0 VDECR 0 V3SWAP 0 V2SWAP 0 NFC 0 NFB 0 NFS 0 NFPEN 0 NFT 0 TF 0
[SQ] 83053542: MC 0 MPC 0 TR 0 PMINT 0 PBURN 0 PSYNC 0 TC 0 LT 0 MG 0 VD 0 VDP 0 VWD 0 VLOCK 0 VUNLOCK 0 VCLOSE 0 VMAX 0 VLOCKUP 0 VDECR 0 V3SWAP 0 V2SWAP 0 NFC 0 NFB 0 NFS 0 NFPEN 0 NFT 0 TF 0
[SQ] 83053543: MC 0 MPC 0 TR 0 PMINT 0 PBURN 0 PSYNC 0 TC 0 LT 0 MG 0 VD 0 VDP 0 VWD 0 VLOCK 0 VUNLOCK 0 VCLOSE 0 VMAX 0 VLOCKUP 0 VDECR 0 V3SWAP 0 V2SWAP 0 NFC 0 NFB 0 NFS 0 NFPEN 0 NFT 0 TF 0
[SQ] 83053544: MC 0 MPC 0 TR 0 PMINT 0 PBURN 0 PSYNC 0 TC 0 LT 0 MG 0 VD 0 VDP 0 VWD 0 VLOCK 0 VUNLOCK 0 VCLOSE 0 VMAX 0 VLOCKUP 0 VDECR 0 V3SWAP 1 V2SWAP 0 NFC 0 NFB 0 NFS 0 NFPEN 0 NFT 0 TF 3
[SQ] 83053545: MC 0 MPC 0 TR 0 PMINT 0 PBURN 0 PSYNC 0 TC 0 LT 0 MG 0 VD 0 VDP 0 VWD 0 VLOCK 0 VUNLOCK 0 VCLOSE 0 VMAX 0 VLOCKUP 0 VDECR 0 V3SWAP 0 V2SWAP 0 NFC 0 NFB 0 NFS 0 NFPEN 0 NFT 0 TF 6
[SQ] 83053546: MC 0 MPC 0 TR 0 PMINT 0 PBURN 0 PSYNC 0 TC 0 LT 0 MG 0 VD 0 VDP 0 VWD 0 VLOCK 0 VUNLOCK 0 VCLOSE 0 VMAX 0 VLOCKUP 0 VDECR 0 V3SWAP 0 V2SWAP 0 NFC 0 NFB 0 NFS 0 NFPEN 0 NFT 0 TF 0
[SQ] 83053547: MC 0 MPC 0 TR 0 PMINT 0 PBURN 0 PSYNC 0 TC 0 LT 0 MG 0 VD 0 VDP 0 VWD 0 VLOCK 0 VUNLOCK 0 VCLOSE 0 VMAX 0 VLOCKUP 0 VDECR 0 V3SWAP 0 V2SWAP 0 NFC 0 NFB 0 NFS 0 NFPEN 0 NFT 0 TF 0
[SQ] 83053548: MC 0 MPC 0 TR 0 PMINT 0 PBURN 0 PSYNC 0 TC 0 LT 0 MG 0 VD 0 VDP 0 VWD 0 VLOCK 0 VUNLOCK 0 VCLOSE 0 VMAX 0 VLOCKUP 0 VDECR 0 V3SWAP 0 V2SWAP 0 NFC 0 NFB 0 NFS 0 NFPEN 0 NFT 0 TF 0
[SQ] 83053549: MC 0 MPC 0 TR 0 PMINT 0 PBURN 0 PSYNC 0 TC 0 LT 0 MG 0 VD 0 VDP 0 VWD 0 VLOCK 0 VUNLOCK 0 VCLOSE 0 VMAX 0 VLOCKUP 0 VDECR 0 V3SWAP 0 V2SWAP 0 NFC 0 NFB 0 NFS 0 NFPEN 0 NFT 0 TF 6
[SQ] 83053550: MC 0 MPC 0 TR 0 PMINT 0 PBURN 0 PSYNC 0 TC 0 LT 0 MG 0 VD 0 VDP 0 VWD 0 VLOCK 0 VUNLOCK 0 VCLOSE 0 VMAX 0 VLOCKUP 0 VDECR 0 V3SWAP 0 V2SWAP 0 NFC 0 NFB 0 NFS 0 NFPEN 0 NFT 0 TF 0
[SQ] 83053551: MC 0 MPC 0 TR 0 PMINT 0 PBURN 0 PSYNC 0 TC 0 LT 0 MG 0 VD 0 VDP 0 VWD 0 VLOCK 0 VUNLOCK 0 VCLOSE 0 VMAX 0 VLOCKUP 0 VDECR 0 V3SWAP 0 V2SWAP 0 NFC 0 NFB 0 NFS 0 NFPEN 0 NFT 0 TF 0
[SQ] 83053552: MC 0 MPC 0 TR 0 PMINT 0 PBURN 0 PSYNC 0 TC 0 LT 0 MG 0 VD 0 VDP 0 VWD 0 VLOCK 0 VUNLOCK 0 VCLOSE 0 VMAX 0 VLOCKUP 0 VDECR 0 V3SWAP 0 V2SWAP 0 NFC 0 NFB 0 NFS 0 NFPEN 0 NFT 0 TF 0
[SQ] 83053553: MC 0 MPC 0 TR 0 PMINT 0 PBURN 0 PSYNC 0 TC 0 LT 0 MG 0 VD 0 VDP 0 VWD 0 VLOCK 0 VUNLOCK 0 VCLOSE 0 VMAX 0 VLOCKUP 0 VDECR 0 V3SWAP 0 V2SWAP 0 NFC 0 NFB 0 NFS 0 NFPEN 0 NFT 0 TF 0
[SQ] 83053554: MC 0 MPC 0 TR 0 PMINT 0 PBURN 0 PSYNC 0 TC 0 LT 0 MG 0 VD 0 VDP 0 VWD 0 VLOCK 0 VUNLOCK 0 VCLOSE 0 VMAX 0 VLOCKUP 0 VDECR 0 V3SWAP 0 V2SWAP 0 NFC 0 NFB 0 NFS 0 NFPEN 0 NFT 0 TF 0
[SQ] 83053555: MC 0 MPC 0 TR 0 PMINT 0 PBURN 0 PSYNC 0 TC 0 LT 0 MG 0 VD 0 VDP 0 VWD 0 VLOCK 0 VUNLOCK 0 VCLOSE 0 VMAX 0 VLOCKUP 0 VDECR 0 V3SWAP 0 V2SWAP 0 NFC 0 NFB 0 NFS 0 NFPEN 0 NFT 0 TF 0
[SQ] 83053556: MC 0 MPC 0 TR 0 PMINT 0 PBURN 0 PSYNC 0 TC 0 LT 0 MG 0 VD 0 VDP 0 VWD 0 VLOCK 0 VUNLOCK 0 VCLOSE 0 VMAX 0 VLOCKUP 0 VDECR 0 V3SWAP 1 V2SWAP 0 NFC 0 NFB 0 NFS 0 NFPEN 0 NFT 0 TF 3
[SQ] 83053557: MC 0 MPC 0 TR 0 PMINT 0 PBURN 0 PSYNC 0 TC 0 LT 0 MG 0 VD 0 VDP 0 VWD 0 VLOCK 0 VUNLOCK 0 VCLOSE 0 VMAX 0 VLOCKUP 0 VDECR 0 V3SWAP 0 V2SWAP 0 NFC 0 NFB 0 NFS 0 NFPEN 0 NFT 0 TF 0
[SQ] 83053558: MC 0 MPC 0 TR 0 PMINT 0 PBURN 0 PSYNC 0 TC 0 LT 0 MG 0 VD 0 VDP 0 VWD 0 VLOCK 0 VUNLOCK 0 VCLOSE 0 VMAX 0 VLOCKUP 0 VDECR 0 V3SWAP 0 V2SWAP 0 NFC 0 NFB 0 NFS 0 NFPEN 0 NFT 0 TF 0
[SQ] 83053559: MC 0 MPC 0 TR 0 PMINT 0 PBURN 0 PSYNC 0 TC 0 LT 0 MG 0 VD 0 VDP 0 VWD 0 VLOCK 0 VUNLOCK 0 VCLOSE 0 VMAX 0 VLOCKUP 0 VDECR 0 V3SWAP 1 V2SWAP 0 NFC 0 NFB 0 NFS 0 NFPEN 0 NFT 0 TF 3
[SQ] 83053560: MC 0 MPC 0 TR 0 PMINT 0 PBURN 0 PSYNC 0 TC 0 LT 0 MG 0 VD 0 VDP 0 VWD 0 VLOCK 0 VUNLOCK 0 VCLOSE 0 VMAX 0 VLOCKUP 0 VDECR 0 V3SWAP 0 V2SWAP 0 NFC 0 NFB 0 NFS 0 NFPEN 0 NFT 0 TF 0
[SQ] 83053561: MC 0 MPC 0 TR 0 PMINT 0 PBURN 0 PSYNC 0 TC 0 LT 0 MG 0 VD 0 VDP 0 VWD 0 VLOCK 0 VUNLOCK 0 VCLOSE 0 VMAX 0 VLOCKUP 0 VDECR 0 V3SWAP 0 V2SWAP 0 NFC 0 NFB 0 NFS 0 NFPEN 0 NFT 0 TF 0
[SQ] 83053562: MC 0 MPC 0 TR 0 PMINT 0 PBURN 0 PSYNC 0 TC 0 LT 0 MG 0 VD 0 VDP 0 VWD 0 VLOCK 0 VUNLOCK 0 VCLOSE 0 VMAX 0 VLOCKUP 0 VDECR 0 V3SWAP 0 V2SWAP 0 NFC 0 NFB 0 NFS 0 NFPEN 0 NFT 0 TF 0
[SQ] 83053563: MC 0 MPC 0 TR 0 PMINT 0 PBURN 0 PSYNC 0 TC 0 LT 0 MG 0 VD 0 VDP 0 VWD 0 VLOCK 0 VUNLOCK 0 VCLOSE 0 VMAX 0 VLOCKUP 0 VDECR 0 V3SWAP 0 V2SWAP 0 NFC 0 NFB 0 NFS 0 NFPEN 0 NFT 0 TF 0
[SQ] 83053564: MC 0 MPC 0 TR 0 PMINT 0 PBURN 0 PSYNC 0 TC 0 LT 0 MG 0 VD 0 VDP 0 VWD 0 VLOCK 0 VUNLOCK 0 VCLOSE 0 VMAX 0 VLOCKUP 0 VDECR 0 V3SWAP 0 V2SWAP 0 NFC 0 NFB 0 NFS 0 NFPEN 0 NFT 0 TF 0
[SQ] 83053565: MC 0 MPC 0 TR 0 PMINT 0 PBURN 0 PSYNC 0 TC 0 LT 0 MG 0 VD 0 VDP 0 VWD 0 VLOCK 0 VUNLOCK 0 VCLOSE 0 VMAX 0 VLOCKUP 0 VDECR 0 V3SWAP 0 V2SWAP 0 NFC 0 NFB 0 NFS 0 NFPEN 0 NFT 0 TF 5
[SQ] 83053566: MC 0 MPC 0 TR 0 PMINT 0 PBURN 0 PSYNC 0 TC 0 LT 0 MG 0 VD 0 VDP 0 VWD 0 VLOCK 0 VUNLOCK 0 VCLOSE 0 VMAX 0 VLOCKUP 0 VDECR 0 V3SWAP 0 V2SWAP 0 NFC 0 NFB 0 NFS 0 NFPEN 0 NFT 0 TF 0
[SQ] 83053567: MC 0 MPC 0 TR 0 PMINT 0 PBURN 0 PSYNC 0 TC 0 LT 0 MG 0 VD 0 VDP 0 VWD 0 VLOCK 0 VUNLOCK 0 VCLOSE 0 VMAX 0 VLOCKUP 0 VDECR 0 V3SWAP 0 V2SWAP 0 NFC 0 NFB 0 NFS 0 NFPEN 0 NFT 0 TF 0
[SQ] 83053568: MC 0 MPC 0 TR 0 PMINT 0 PBURN 0 PSYNC 0 TC 0 LT 0 MG 0 VD 0 VDP 0 VWD 0 VLOCK 0 VUNLOCK 0 VCLOSE 0 VMAX 0 VLOCKUP 0 VDECR 0 V3SWAP 0 V2SWAP 0 NFC 0 NFB 0 NFS 0 NFPEN 0 NFT 0 TF 0
[SQ] 83053569: MC 0 MPC 0 TR 0 PMINT 0 PBURN 0 PSYNC 0 TC 0 LT 0 MG 0 VD 0 VDP 0 VWD 0 VLOCK 0 VUNLOCK 0 VCLOSE 0 VMAX 0 VLOCKUP 0 VDECR 0 V3SWAP 0 V2SWAP 0 NFC 0 NFB 0 NFS 0 NFPEN 0 NFT 0 TF 0
[SQ] 83053570: MC 0 MPC 0 TR 0 PMINT 0 PBURN 0 PSYNC 0 TC 0 LT 0 MG 0 VD 0 VDP 0 VWD 0 VLOCK 0 VUNLOCK 0 VCLOSE 0 VMAX 0 VLOCKUP 0 VDECR 0 V3SWAP 0 V2SWAP 0 NFC 0 NFB 0 NFS 0 NFPEN 0 NFT 0 TF 0
[SQ] 83053571: MC 0 MPC 0 TR 0 PMINT 0 PBURN 0 PSYNC 0 TC 0 LT 0 MG 0 VD 0 VDP 0 VWD 0 VLOCK 0 VUNLOCK 0 VCLOSE 0 VMAX 0 VLOCKUP 0 VDECR 0 V3SWAP 0 V2SWAP 0 NFC 0 NFB 0 NFS 0 NFPEN 0 NFT 0 TF 0
[SQ] 83053572: MC 0 MPC 0 TR 0 PMINT 0 PBURN 0 PSYNC 0 TC 0 LT 0 MG 0 VD 0 VDP 0 VWD 0 VLOCK 0 VUNLOCK 0 VCLOSE 0 VMAX 0 VLOCKUP 0 VDECR 0 V3SWAP 0 V2SWAP 0 NFC 0 NFB 0 NFS 0 NFPEN 0 NFT 0 TF 0
[SQ] 83053573: MC 0 MPC 0 TR 0 PMINT 0 PBURN 0 PSYNC 0 TC 0 LT 0 MG 0 VD 0 VDP 0 VWD 0 VLOCK 0 VUNLOCK 0 VCLOSE 0 VMAX 0 VLOCKUP 0 VDECR 0 V3SWAP 0 V2SWAP 0 NFC 0 NFB 0 NFS 0 NFPEN 0 NFT 0 TF 0
[SQ] 83053574: MC 0 MPC 0 TR 0 PMINT 0 PBURN 0 PSYNC 0 TC 0 LT 0 MG 0 VD 0 VDP 0 VWD 0 VLOCK 0 VUNLOCK 0 VCLOSE 0 VMAX 0 VLOCKUP 0 VDECR 0 V3SWAP 0 V2SWAP 0 NFC 0 NFB 0 NFS 0 NFPEN 0 NFT 0 TF 0
[SQ] 83053575: MC 0 MPC 0 TR 0 PMINT 0 PBURN 0 PSYNC 0 TC 0 LT 0 MG 0 VD 0 VDP 0 VWD 0 VLOCK 0 VUNLOCK 0 VCLOSE 0 VMAX 0 VLOCKUP 0 VDECR 0 V3SWAP 0 V2SWAP 0 NFC 0 NFB 0 NFS 0 NFPEN 0 NFT 0 TF 0
[SQ] 83053576: MC 0 MPC 0 TR 0 PMINT 0 PBURN 0 PSYNC 0 TC 0 LT 0 MG 0 VD 0 VDP 0 VWD 0 VLOCK 0 VUNLOCK 0 VCLOSE 0 VMAX 0 VLOCKUP 0 VDECR 0 V3SWAP 0 V2SWAP 0 NFC 0 NFB 0 NFS 0 NFPEN 0 NFT 0 TF 0
[SQ] 83053577: MC 0 MPC 0 TR 0 PMINT 0 PBURN 0 PSYNC 0 TC 0 LT 0 MG 0 VD 0 VDP 0 VWD 0 VLOCK 0 VUNLOCK 0 VCLOSE 0 VMAX 0 VLOCKUP 0 VDECR 0 V3SWAP 1 V2SWAP 0 NFC 0 NFB 0 NFS 0 NFPEN 0 NFT 0 TF 7
[SQ] 83053578: MC 0 MPC 0 TR 0 PMINT 0 PBURN 0 PSYNC 0 TC 0 LT 0 MG 0 VD 0 VDP 0 VWD 0 VLOCK 0 VUNLOCK 0 VCLOSE 0 VMAX 0 VLOCKUP 0 VDECR 0 V3SWAP 0 V2SWAP 0 NFC 0 NFB 0 NFS 0 NFPEN 0 NFT 0 TF 2
[SQ] 83053579: MC 0 MPC 0 TR 0 PMINT 0 PBURN 0 PSYNC 0 TC 0 LT 0 MG 0 VD 0 VDP 0 VWD 0 VLOCK 0 VUNLOCK 0 VCLOSE 0 VMAX 0 VLOCKUP 0 VDECR 0 V3SWAP 0 V2SWAP 0 NFC 0 NFB 0 NFS 0 NFPEN 0 NFT 0 TF 0
[SQ] 83053580: MC 0 MPC 0 TR 0 PMINT 0 PBURN 0 PSYNC 0 TC 0 LT 0 MG 0 VD 0 VDP 0 VWD 0 VLOCK 0 VUNLOCK 0 VCLOSE 0 VMAX 0 VLOCKUP 0 VDECR 0 V3SWAP 0 V2SWAP 0 NFC 0 NFB 0 NFS 0 NFPEN 0 NFT 0 TF 0
[SQ] 83053581: MC 0 MPC 0 TR 0 PMINT 0 PBURN 0 PSYNC 0 TC 0 LT 0 MG 0 VD 0 VDP 0 VWD 0 VLOCK 0 VUNLOCK 0 VCLOSE 0 VMAX 0 VLOCKUP 0 VDECR 0 V3SWAP 0 V2SWAP 0 NFC 0 NFB 0 NFS 0 NFPEN 0 NFT 0 TF 0
[SQ] 83053582: MC 0 MPC 0 TR 0 PMINT 0 PBURN 0 PSYNC 0 TC 0 LT 0 MG 0 VD 0 VDP 0 VWD 0 VLOCK 0 VUNLOCK 0 VCLOSE 0 VMAX 0 VLOCKUP 0 VDECR 0 V3SWAP 0 V2SWAP 0 NFC 0 NFB 0 NFS 0 NFPEN 0 NFT 0 TF 2
[SQ] 83053583: MC 0 MPC 0 TR 0 PMINT 0 PBURN 0 PSYNC 0 TC 0 LT 0 MG 0 VD 0 VDP 0 VWD 0 VLOCK 0 VUNLOCK 0 VCLOSE 0 VMAX 0 VLOCKUP 0 VDECR 0 V3SWAP 0 V2SWAP 0 NFC 0 NFB 0 NFS 0 NFPEN 0 NFT 0 TF 2
[SQ] 83053584: MC 0 MPC 0 TR 0 PMINT 0 PBURN 0 PSYNC 0 TC 0 LT 0 MG 0 VD 0 VDP 0 VWD 0 VLOCK 0 VUNLOCK 0 VCLOSE 0 VMAX 0 VLOCKUP 0 VDECR 0 V3SWAP 0 V2SWAP 0 NFC 0 NFB 0 NFS 0 NFPEN 0 NFT 0 TF 0
[SQ] 83053585: MC 0 MPC 0 TR 0 PMINT 0 PBURN 0 PSYNC 0 TC 0 LT 0 MG 0 VD 0 VDP 0 VWD 0 VLOCK 0 VUNLOCK 0 VCLOSE 0 VMAX 0 VLOCKUP 0 VDECR 0 V3SWAP 0 V2SWAP 0 NFC 0 NFB 0 NFS 0 NFPEN 0 NFT 0 TF 0
[SQ] 83053586: MC 0 MPC 0 TR 0 PMINT 0 PBURN 0 PSYNC 0 TC 0 LT 0 MG 0 VD 0 VDP 0 VWD 0 VLOCK 0 VUNLOCK 0 VCLOSE 0 VMAX 0 VLOCKUP 0 VDECR 0 V3SWAP 0 V2SWAP 0 NFC 0 NFB 0 NFS 0 NFPEN 0 NFT 0 TF 0
[SQ] 83053587: MC 0 MPC 0 TR 0 PMINT 0 PBURN 0 PSYNC 0 TC 0 LT 0 MG 0 VD 0 VDP 0 VWD 0 VLOCK 0 VUNLOCK 0 VCLOSE 0 VMAX 0 VLOCKUP 0 VDECR 0 V3SWAP 0 V2SWAP 0 NFC 0 NFB 0 NFS 0 NFPEN 0 NFT 0 TF 0
[SQ] 83053588: MC 0 MPC 0 TR 0 PMINT 0 PBURN 0 PSYNC 0 TC 0 LT 0 MG 0 VD 0 VDP 0 VWD 0 VLOCK 0 VUNLOCK 0 VCLOSE 0 VMAX 0 VLOCKUP 0 VDECR 0 V3SWAP 0 V2SWAP 0 NFC 0 NFB 0 NFS 0 NFPEN 0 NFT 0 TF 2
[SQ] 83053589: MC 0 MPC 0 TR 0 PMINT 0 PBURN 0 PSYNC 0 TC 0 LT 0 MG 0 VD 0 VDP 0 VWD 0 VLOCK 0 VUNLOCK 0 VCLOSE 0 VMAX 0 VLOCKUP 0 VDECR 0 V3SWAP 0 V2SWAP 0 NFC 0 NFB 0 NFS 0 NFPEN 0 NFT 0 TF 0
[SQ] 83053590: MC 0 MPC 0 TR 0 PMINT 0 PBURN 0 PSYNC 0 TC 0 LT 0 MG 0 VD 0 VDP 0 VWD 0 VLOCK 0 VUNLOCK 0 VCLOSE 0 VMAX 0 VLOCKUP 0 VDECR 0 V3SWAP 0 V2SWAP 0 NFC 0 NFB 0 NFS 0 NFPEN 0 NFT 0 TF 2
[SQ] 83053591: MC 0 MPC 0 TR 0 PMINT 0 PBURN 0 PSYNC 0 TC 0 LT 0 MG 0 VD 0 VDP 0 VWD 0 VLOCK 0 VUNLOCK 0 VCLOSE 0 VMAX 0 VLOCKUP 0 VDECR 0 V3SWAP 1 V2SWAP 0 NFC 0 NFB 0 NFS 0 NFPEN 0 NFT 0 TF 3
[SQ] 83053592: MC 0 MPC 0 TR 0 PMINT 0 PBURN 0 PSYNC 0 TC 0 LT 0 MG 0 VD 0 VDP 0 VWD 0 VLOCK 0 VUNLOCK 0 VCLOSE 0 VMAX 0 VLOCKUP 0 VDECR 0 V3SWAP 0 V2SWAP 0 NFC 0 NFB 0 NFS 0 NFPEN 0 NFT 0 TF 0
[SQ] 83053593: MC 0 MPC 0 TR 0 PMINT 0 PBURN 0 PSYNC 0 TC 0 LT 0 MG 0 VD 0 VDP 0 VWD 0 VLOCK 0 VUNLOCK 0 VCLOSE 0 VMAX 0 VLOCKUP 0 VDECR 0 V3SWAP 0 V2SWAP 0 NFC 0 NFB 0 NFS 0 NFPEN 0 NFT 0 TF 2
[SQ] 83053594: MC 0 MPC 0 TR 0 PMINT 0 PBURN 0 PSYNC 0 TC 0 LT 0 MG 0 VD 0 VDP 0 VWD 0 VLOCK 0 VUNLOCK 0 VCLOSE 0 VMAX 0 VLOCKUP 0 VDECR 0 V3SWAP 0 V2SWAP 0 NFC 0 NFB 0 NFS 0 NFPEN 0 NFT 0 TF 0
[SQ] 83053595: MC 0 MPC 0 TR 0 PMINT 0 PBURN 0 PSYNC 0 TC 0 LT 0 MG 0 VD 0 VDP 0 VWD 0 VLOCK 0 VUNLOCK 0 VCLOSE 0 VMAX 0 VLOCKUP 0 VDECR 0 V3SWAP 0 V2SWAP 0 NFC 0 NFB 0 NFS 0 NFPEN 0 NFT 0 TF 0
[SQ] 83053596: MC 0 MPC 0 TR 0 PMINT 0 PBURN 0 PSYNC 0 TC 0 LT 0 MG 0 VD 0 VDP 0 VWD 0 VLOCK 0 VUNLOCK 0 VCLOSE 0 VMAX 0 VLOCKUP 0 VDECR 0 V3SWAP 0 V2SWAP 0 NFC 0 NFB 0 NFS 0 NFPEN 0 NFT 0 TF 2
[SQ] 83053597: MC 0 MPC 0 TR 0 PMINT 0 PBURN 0 PSYNC 0 TC 0 LT 0 MG 0 VD 0 VDP 0 VWD 0 VLOCK 0 VUNLOCK 0 VCLOSE 0 VMAX 0 VLOCKUP 0 VDECR 0 V3SWAP 0 V2SWAP 0 NFC 0 NFB 0 NFS 0 NFPEN 0 NFT 0 TF 2
[SQ] 83053598: MC 0 MPC 0 TR 0 PMINT 0 PBURN 0 PSYNC 0 TC 0 LT 0 MG 0 VD 0 VDP 0 VWD 0 VLOCK 0 VUNLOCK 0 VCLOSE 0 VMAX 0 VLOCKUP 0 VDECR 0 V3SWAP 0 V2SWAP 0 NFC 0 NFB 0 NFS 0 NFPEN 0 NFT 0 TF 0
[SQ] 83053599: MC 0 MPC 0 TR 0 PMINT 0 PBURN 0 PSYNC 0 TC 0 LT 0 MG 0 VD 0 VDP 0 VWD 0 VLOCK 0 VUNLOCK 0 VCLOSE 0 VMAX 0 VLOCKUP 0 VDECR 0 V3SWAP 0 V2SWAP 0 NFC 0 NFB 0 NFS 0 NFPEN 0 NFT 0 TF 0
[SQ] 83053600: MC 0 MPC 0 TR 0 PMINT 0 PBURN 0 PSYNC 0 TC 0 LT 0 MG 0 VD 0 VDP 0 VWD 0 VLOCK 0 VUNLOCK 0 VCLOSE 0 VMAX 0 VLOCKUP 0 VDECR 0 V3SWAP 0 V2SWAP 0 NFC 0 NFB 0 NFS 0 NFPEN 0 NFT 0 TF 0
[SQ] 83053601: MC 0 MPC 0 TR 0 PMINT 0 PBURN 0 PSYNC 0 TC 0 LT 0 MG 0 VD 0 VDP 0 VWD 0 VLOCK 0 VUNLOCK 0 VCLOSE 0 VMAX 0 VLOCKUP 0 VDECR 0 V3SWAP 0 V2SWAP 0 NFC 0 NFB 0 NFS 0 NFPEN 0 NFT 0 TF 0
[SQ] 83053602: MC 0 MPC 0 TR 0 PMINT 0 PBURN 0 PSYNC 0 TC 0 LT 0 MG 0 VD 0 VDP 0 VWD 0 VLOCK 0 VUNLOCK 0 VCLOSE 0 VMAX 0 VLOCKUP 0 VDECR 0 V3SWAP 0 V2SWAP 0 NFC 0 NFB 0 NFS 0 NFPEN 0 NFT 0 TF 0
[SQ] 83053603: MC 0 MPC 0 TR 0 PMINT 0 PBURN 0 PSYNC 0 TC 0 LT 0 MG 0 VD 0 VDP 0 VWD 0 VLOCK 0 VUNLOCK 0 VCLOSE 0 VMAX 0 VLOCKUP 0 VDECR 0 V3SWAP 0 V2SWAP 0 NFC 0 NFB 0 NFS 0 NFPEN 0 NFT 0 TF 2
[SQ] 83053604: MC 0 MPC 0 TR 0 PMINT 0 PBURN 0 PSYNC 0 TC 0 LT 0 MG 0 VD 0 VDP 0 VWD 0 VLOCK 0 VUNLOCK 0 VCLOSE 0 VMAX 0 VLOCKUP 0 VDECR 0 V3SWAP 0 V2SWAP 0 NFC 0 NFB 0 NFS 0 NFPEN 0 NFT 0 TF 0
[SQ] 83053605: MC 0 MPC 0 TR 0 PMINT 0 PBURN 0 PSYNC 0 TC 0 LT 0 MG 0 VD 0 VDP 0 VWD 0 VLOCK 0 VUNLOCK 0 VCLOSE 0 VMAX 0 VLOCKUP 0 VDECR 0 V3SWAP 0 V2SWAP 0 NFC 0 NFB 0 NFS 0 NFPEN 0 NFT 0 TF 0
[SQ] 83053606: MC 0 MPC 0 TR 0 PMINT 0 PBURN 0 PSYNC 0 TC 0 LT 0 MG 0 VD 0 VDP 0 VWD 0 VLOCK 0 VUNLOCK 0 VCLOSE 0 VMAX 0 VLOCKUP 0 VDECR 0 V3SWAP 0 V2SWAP 0 NFC 0 NFB 0 NFS 0 NFPEN 0 NFT 0 TF 0
[SQ] 83053607: MC 0 MPC 0 TR 0 PMINT 0 PBURN 0 PSYNC 0 TC 0 LT 0 MG 0 VD 0 VDP 0 VWD 0 VLOCK 0 VUNLOCK 0 VCLOSE 0 VMAX 0 VLOCKUP 0 VDECR 0 V3SWAP 0 V2SWAP 0 NFC 0 NFB 0 NFS 0 NFPEN 0 NFT 0 TF 0
[SQ] 83053608: MC 0 MPC 0 TR 0 PMINT 0 PBURN 0 PSYNC 0 TC 0 LT 0 MG 0 VD 0 VDP 0 VWD 0 VLOCK 0 VUNLOCK 0 VCLOSE 0 VMAX 0 VLOCKUP 0 VDECR 0 V3SWAP 0 V2SWAP 0 NFC 0 NFB 0 NFS 0 NFPEN 0 NFT 0 TF 2
[SQ] 83053609: MC 0 MPC 0 TR 0 PMINT 0 PBURN 0 PSYNC 0 TC 0 LT 0 MG 0 VD 0 VDP 0 VWD 0 VLOCK 0 VUNLOCK 0 VCLOSE 0 VMAX 0 VLOCKUP 0 VDECR 0 V3SWAP 0 V2SWAP 0 NFC 0 NFB 0 NFS 0 NFPEN 0 NFT 0 TF 0
[SQ] 83053610: MC 0 MPC 0 TR 0 PMINT 0 PBURN 0 PSYNC 0 TC 0 LT 0 MG 0 VD 0 VDP 0 VWD 0 VLOCK 0 VUNLOCK 0 VCLOSE 0 VMAX 0 VLOCKUP 0 VDECR 0 V3SWAP 0 V2SWAP 0 NFC 0 NFB 0 NFS 0 NFPEN 0 NFT 0 TF 0
[SQ] 83053611: MC 0 MPC 0 TR 0 PMINT 0 PBURN 0 PSYNC 0 TC 0 LT 0 MG 0 VD 0 VDP 0 VWD 0 VLOCK 0 VUNLOCK 0 VCLOSE 0 VMAX 0 VLOCKUP 0 VDECR 0 V3SWAP 0 V2SWAP 0 NFC 0 NFB 0 NFS 0 NFPEN 0 NFT 0 TF 0
[SQ] 83053612: MC 0 MPC 0 TR 0 PMINT 0 PBURN 0 PSYNC 0 TC 0 LT 0 MG 0 VD 0 VDP 0 VWD 0 VLOCK 0 VUNLOCK 0 VCLOSE 0 VMAX 0 VLOCKUP 0 VDECR 0 V3SWAP 0 V2SWAP 0 NFC 0 NFB 0 NFS 0 NFPEN 0 NFT 0 TF 0
[SQ] 83053613: MC 0 MPC 0 TR 0 PMINT 0 PBURN 0 PSYNC 0 TC 0 LT 0 MG 0 VD 0 VDP 0 VWD 0 VLOCK 0 VUNLOCK 0 VCLOSE 0 VMAX 0 VLOCKUP 0 VDECR 0 V3SWAP 0 V2SWAP 0 NFC 0 NFB 0 NFS 0 NFPEN 0 NFT 0 TF 2
[SQ] 83053614: MC 0 MPC 0 TR 0 PMINT 0 PBURN 0 PSYNC 0 TC 0 LT 0 MG 0 VD 0 VDP 0 VWD 0 VLOCK 0 VUNLOCK 0 VCLOSE 0 VMAX 0 VLOCKUP 0 VDECR 0 V3SWAP 1 V2SWAP 0 NFC 0 NFB 0 NFS 0 NFPEN 0 NFT 0 TF 5
[SQ] 83053615: MC 0 MPC 0 TR 0 PMINT 0 PBURN 0 PSYNC 0 TC 0 LT 0 MG 0 VD 0 VDP 0 VWD 0 VLOCK 0 VUNLOCK 0 VCLOSE 0 VMAX 0 VLOCKUP 0 VDECR 0 V3SWAP 0 V2SWAP 0 NFC 0 NFB 0 NFS 0 NFPEN 0 NFT 0 TF 0
[SQ] 83053616: MC 0 MPC 0 TR 0 PMINT 0 PBURN 0 PSYNC 0 TC 0 LT 0 MG 0 VD 0 VDP 0 VWD 0 VLOCK 0 VUNLOCK 0 VCLOSE 0 VMAX 0 VLOCKUP 0 VDECR 0 V3SWAP 0 V2SWAP 0 NFC 0 NFB 0 NFS 0 NFPEN 0 NFT 0 TF 0
[SQ] 83053617: MC 0 MPC 0 TR 0 PMINT 0 PBURN 0 PSYNC 0 TC 0 LT 0 MG 0 VD 0 VDP 0 VWD 0 VLOCK 0 VUNLOCK 0 VCLOSE 0 VMAX 0 VLOCKUP 0 VDECR 0 V3SWAP 0 V2SWAP 0 NFC 0 NFB 0 NFS 0 NFPEN 0 NFT 0 TF 0
[SQ] 83053618: MC 0 MPC 0 TR 0 PMINT 0 PBURN 0 PSYNC 0 TC 0 LT 0 MG 0 VD 0 VDP 0 VWD 0 VLOCK 0 VUNLOCK 0 VCLOSE 0 VMAX 0 VLOCKUP 0 VDECR 0 V3SWAP 0 V2SWAP 0 NFC 0 NFB 0 NFS 0 NFPEN 0 NFT 0 TF 0
[SQ] 83053619: MC 0 MPC 0 TR 0 PMINT 0 PBURN 0 PSYNC 0 TC 0 LT 0 MG 0 VD 0 VDP 0 VWD 0 VLOCK 0 VUNLOCK 0 VCLOSE 0 VMAX 0 VLOCKUP 0 VDECR 0 V3SWAP 0 V2SWAP 0 NFC 0 NFB 0 NFS 0 NFPEN 0 NFT 0 TF 0
[SQ] 83053620: MC 0 MPC 0 TR 0 PMINT 0 PBURN 0 PSYNC 0 TC 0 LT 0 MG 0 VD 0 VDP 0 VWD 0 VLOCK 0 VUNLOCK 0 VCLOSE 0 VMAX 0 VLOCKUP 0 VDECR 0 V3SWAP 0 V2SWAP 0 NFC 0 NFB 0 NFS 0 NFPEN 0 NFT 0 TF 0
[SQ] 83053621: MC 0 MPC 0 TR 0 PMINT 0 PBURN 0 PSYNC 0 TC 0 LT 0 MG 0 VD 0 VDP 0 VWD 0 VLOCK 0 VUNLOCK 0 VCLOSE 0 VMAX 0 VLOCKUP 0 VDECR 0 V3SWAP 0 V2SWAP 0 NFC 0 NFB 0 NFS 0 NFPEN 0 NFT 0 TF 2
[SQ] 83053622: MC 0 MPC 0 TR 0 PMINT 0 PBURN 0 PSYNC 0 TC 0 LT 0 MG 0 VD 0 VDP 0 VWD 0 VLOCK 0 VUNLOCK 0 VCLOSE 0 VMAX 0 VLOCKUP 0 VDECR 0 V3SWAP 0 V2SWAP 0 NFC 0 NFB 0 NFS 0 NFPEN 0 NFT 0 TF 2
[SQ] 83053623: MC 0 MPC 0 TR 0 PMINT 0 PBURN 0 PSYNC 0 TC 0 LT 0 MG 0 VD 0 VDP 0 VWD 0 VLOCK 0 VUNLOCK 0 VCLOSE 0 VMAX 0 VLOCKUP 0 VDECR 0 V3SWAP 0 V2SWAP 0 NFC 0 NFB 0 NFS 0 NFPEN 0 NFT 0 TF 0
[SQ] 83053624: MC 0 MPC 0 TR 0 PMINT 0 PBURN 0 PSYNC 0 TC 0 LT 0 MG 0 VD 0 VDP 0 VWD 0 VLOCK 0 VUNLOCK 0 VCLOSE 0 VMAX 0 VLOCKUP 0 VDECR 0 V3SWAP 0 V2SWAP 0 NFC 0 NFB 0 NFS 0 NFPEN 0 NFT 0 TF 1
[SQ] 83053625: MC 0 MPC 0 TR 0 PMINT 0 PBURN 0 PSYNC 0 TC 0 LT 0 MG 0 VD 0 VDP 0 VWD 0 VLOCK 0 VUNLOCK 0 VCLOSE 0 VMAX 0 VLOCKUP 0 VDECR 0 V3SWAP 0 V2SWAP 0 NFC 0 NFB 0 NFS 0 NFPEN 0 NFT 0 TF 0
[SQ] 83053626: MC 0 MPC 0 TR 0 PMINT 0 PBURN 0 PSYNC 0 TC 0 LT 0 MG 0 VD 0 VDP 0 VWD 0 VLOCK 0 VUNLOCK 0 VCLOSE 0 VMAX 0 VLOCKUP 0 VDECR 0 V3SWAP 0 V2SWAP 0 NFC 0 NFB 0 NFS 0 NFPEN 0 NFT 0 TF 9
[SQ] 83053627: MC 0 MPC 0 TR 0 PMINT 0 PBURN 0 PSYNC 0 TC 0 LT 0 MG 0 VD 0 VDP 0 VWD 0 VLOCK 0 VUNLOCK 0 VCLOSE 0 VMAX 0 VLOCKUP 0 VDECR 0 V3SWAP 0 V2SWAP 0 NFC 0 NFB 0 NFS 0 NFPEN 0 NFT 0 TF 0
[SQ] 83053628: MC 0 MPC 0 TR 0 PMINT 0 PBURN 0 PSYNC 0 TC 0 LT 0 MG 0 VD 0 VDP 0 VWD 0 VLOCK 0 VUNLOCK 0 VCLOSE 0 VMAX 0 VLOCKUP 0 VDECR 0 V3SWAP 1 V2SWAP 0 NFC 0 NFB 0 NFS 0 NFPEN 0 NFT 0 TF 3
[SQ] 83053629: MC 0 MPC 0 TR 0 PMINT 0 PBURN 0 PSYNC 0 TC 0 LT 0 MG 0 VD 0 VDP 0 VWD 0 VLOCK 0 VUNLOCK 0 VCLOSE 0 VMAX 0 VLOCKUP 0 VDECR 0 V3SWAP 0 V2SWAP 0 NFC 0 NFB 0 NFS 0 NFPEN 0 NFT 0 TF 6
[SQ] 83053630: MC 0 MPC 0 TR 0 PMINT 0 PBURN 0 PSYNC 0 TC 0 LT 0 MG 0 VD 0 VDP 0 VWD 0 VLOCK 0 VUNLOCK 0 VCLOSE 0 VMAX 0 VLOCKUP 0 VDECR 0 V3SWAP 0 V2SWAP 0 NFC 0 NFB 0 NFS 0 NFPEN 0 NFT 0 TF 0
[SQ] 83053631: MC 0 MPC 0 TR 0 PMINT 0 PBURN 0 PSYNC 0 TC 0 LT 0 MG 0 VD 0 VDP 0 VWD 0 VLOCK 0 VUNLOCK 0 VCLOSE 0 VMAX 0 VLOCKUP 0 VDECR 0 V3SWAP 0 V2SWAP 0 NFC 0 NFB 0 NFS 0 NFPEN 0 NFT 0 TF 0
[SQ] 83053632: MC 0 MPC 0 TR 0 PMINT 0 PBURN 0 PSYNC 0 TC 0 LT 0 MG 0 VD 0 VDP 0 VWD 0 VLOCK 0 VUNLOCK 0 VCLOSE 0 VMAX 0 VLOCKUP 0 VDECR 0 V3SWAP 0 V2SWAP 0 NFC 0 NFB 0 NFS 0 NFPEN 0 NFT 0 TF 0
[SQ] 83053633: MC 0 MPC 0 TR 0 PMINT 0 PBURN 0 PSYNC 0 TC 0 LT 0 MG 0 VD 0 VDP 0 VWD 0 VLOCK 0 VUNLOCK 0 VCLOSE 0 VMAX 0 VLOCKUP 0 VDECR 0 V3SWAP 0 V2SWAP 0 NFC 0 NFB 0 NFS 0 NFPEN 0 NFT 0 TF 0
[SQ] 83053634: MC 0 MPC 0 TR 0 PMINT 0 PBURN 0 PSYNC 0 TC 0 LT 0 MG 0 VD 0 VDP 0 VWD 0 VLOCK 0 VUNLOCK 0 VCLOSE 0 VMAX 0 VLOCKUP 0 VDECR 0 V3SWAP 0 V2SWAP 0 NFC 0 NFB 0 NFS 0 NFPEN 0 NFT 0 TF 0
[SQ] 83053635: MC 0 MPC 0 TR 0 PMINT 0 PBURN 0 PSYNC 0 TC 0 LT 0 MG 0 VD 0 VDP 0 VWD 0 VLOCK 0 VUNLOCK 0 VCLOSE 0 VMAX 0 VLOCKUP 0 VDECR 0 V3SWAP 0 V2SWAP 0 NFC 0 NFB 0 NFS 0 NFPEN 0 NFT 0 TF 0
[SQ] 83053636: MC 0 MPC 0 TR 0 PMINT 0 PBURN 0 PSYNC 0 TC 0 LT 0 MG 0 VD 0 VDP 0 VWD 0 VLOCK 0 VUNLOCK 0 VCLOSE 0 VMAX 0 VLOCKUP 0 VDECR 0 V3SWAP 0 V2SWAP 0 NFC 0 NFB 0 NFS 0 NFPEN 0 NFT 0 TF 0
[SQ] 83053637: MC 0 MPC 0 TR 0 PMINT 0 PBURN 0 PSYNC 0 TC 0 LT 0 MG 0 VD 0 VDP 0 VWD 0 VLOCK 0 VUNLOCK 0 VCLOSE 0 VMAX 0 VLOCKUP 0 VDECR 0 V3SWAP 0 V2SWAP 0 NFC 0 NFB 0 NFS 0 NFPEN 0 NFT 0 TF 0
[SQ] 83053638: MC 0 MPC 0 TR 0 PMINT 0 PBURN 0 PSYNC 0 TC 0 LT 0 MG 0 VD 0 VDP 0 VWD 0 VLOCK 0 VUNLOCK 0 VCLOSE 0 VMAX 0 VLOCKUP 0 VDECR 0 V3SWAP 0 V2SWAP 0 NFC 0 NFB 0 NFS 0 NFPEN 0 NFT 0 TF 0
[SQ] 83053639: MC 0 MPC 0 TR 0 PMINT 0 PBURN 0 PSYNC 0 TC 0 LT 0 MG 0 VD 0 VDP 0 VWD 0 VLOCK 0 VUNLOCK 0 VCLOSE 0 VMAX 0 VLOCKUP 0 VDECR 0 V3SWAP 0 V2SWAP 0 NFC 0 NFB 0 NFS 0 NFPEN 0 NFT 0 TF 0
[SQ] 83053640: MC 0 MPC 0 TR 0 PMINT 0 PBURN 0 PSYNC 0 TC 0 LT 0 MG 0 VD 0 VDP 0 VWD 0 VLOCK 0 VUNLOCK 0 VCLOSE 0 VMAX 0 VLOCKUP 0 VDECR 0 V3SWAP 0 V2SWAP 0 NFC 0 NFB 0 NFS 0 NFPEN 0 NFT 0 TF 1
[SQ] 83053641: MC 0 MPC 0 TR 0 PMINT 0 PBURN 0 PSYNC 0 TC 0 LT 0 MG 0 VD 0 VDP 0 VWD 0 VLOCK 0 VUNLOCK 0 VCLOSE 0 VMAX 0 VLOCKUP 0 VDECR 0 V3SWAP 0 V2SWAP 0 NFC 0 NFB 0 NFS 0 NFPEN 0 NFT 0 TF 0
[SQ] 83053642: MC 0 MPC 0 TR 0 PMINT 0 PBURN 0 PSYNC 0 TC 0 LT 0 MG 0 VD 0 VDP 0 VWD 0 VLOCK 0 VUNLOCK 0 VCLOSE 0 VMAX 0 VLOCKUP 0 VDECR 0 V3SWAP 0 V2SWAP 0 NFC 0 NFB 0 NFS 0 NFPEN 0 NFT 0 TF 0
[SQ] 83053643: MC 0 MPC 0 TR 0 PMINT 0 PBURN 0 PSYNC 0 TC 0 LT 0 MG 0 VD 0 VDP 0 VWD 0 VLOCK 0 VUNLOCK 0 VCLOSE 0 VMAX 0 VLOCKUP 0 VDECR 0 V3SWAP 0 V2SWAP 0 NFC 0 NFB 0 NFS 0 NFPEN 0 NFT 0 TF 0
[SQ] 83053644: MC 0 MPC 0 TR 0 PMINT 0 PBURN 0 PSYNC 0 TC 0 LT 0 MG 0 VD 0 VDP 0 VWD 0 VLOCK 0 VUNLOCK 0 VCLOSE 0 VMAX 0 VLOCKUP 0 VDECR 0 V3SWAP 0 V2SWAP 0 NFC 0 NFB 0 NFS 0 NFPEN 0 NFT 0 TF 0
[SQ] 83053645: MC 0 MPC 0 TR 0 PMINT 0 PBURN 0 PSYNC 0 TC 0 LT 0 MG 0 VD 0 VDP 0 VWD 0 VLOCK 0 VUNLOCK 0 VCLOSE 0 VMAX 0 VLOCKUP 0 VDECR 0 V3SWAP 0 V2SWAP 0 NFC 0 NFB 0 NFS 0 NFPEN 0 NFT 0 TF 0
[SQ] 83053646: MC 0 MPC 0 TR 0 PMINT 0 PBURN 0 PSYNC 0 TC 0 LT 0 MG 0 VD 0 VDP 0 VWD 0 VLOCK 0 VUNLOCK 0 VCLOSE 0 VMAX 0 VLOCKUP 0 VDECR 0 V3SWAP 1 V2SWAP 0 NFC 0 NFB 0 NFS 0 NFPEN 0 NFT 0 TF 2
[SQ] 83053647: MC 0 MPC 0 TR 0 PMINT 0 PBURN 0 PSYNC 0 TC 0 LT 0 MG 0 VD 0 VDP 0 VWD 0 VLOCK 0 VUNLOCK 0 VCLOSE 0 VMAX 0 VLOCKUP 0 VDECR 0 V3SWAP 0 V2SWAP 0 NFC 0 NFB 0 NFS 0 NFPEN 0 NFT 0 TF 0
[SQ] 83053648: MC 0 MPC 0 TR 0 PMINT 0 PBURN 0 PSYNC 0 TC 0 LT 0 MG 0 VD 0 VDP 0 VWD 0 VLOCK 0 VUNLOCK 0 VCLOSE 0 VMAX 0 VLOCKUP 0 VDECR 0 V3SWAP 0 V2SWAP 0 NFC 0 NFB 0 NFS 0 NFPEN 0 NFT 0 TF 0
[SQ] 83053649: MC 0 MPC 0 TR 0 PMINT 0 PBURN 0 PSYNC 0 TC 0 LT 0 MG 0 VD 0 VDP 0 VWD 0 VLOCK 0 VUNLOCK 0 VCLOSE 0 VMAX 0 VLOCKUP 0 VDECR 0 V3SWAP 0 V2SWAP 0 NFC 0 NFB 0 NFS 0 NFPEN 0 NFT 0 TF 0
[SQ] 83053650: MC 0 MPC 0 TR 0 PMINT 0 PBURN 0 PSYNC 0 TC 0 LT 0 MG 0 VD 0 VDP 0 VWD 0 VLOCK 0 VUNLOCK 0 VCLOSE 0 VMAX 0 VLOCKUP 0 VDECR 0 V3SWAP 0 V2SWAP 0 NFC 0 NFB 0 NFS 0 NFPEN 0 NFT 0 TF 0
[SQ] 83053651: MC 0 MPC 0 TR 0 PMINT 0 PBURN 0 PSYNC 0 TC 0 LT 0 MG 0 VD 0 VDP 0 VWD 0 VLOCK 0 VUNLOCK 0 VCLOSE 0 VMAX 0 VLOCKUP 0 VDECR 0 V3SWAP 0 V2SWAP 0 NFC 0 NFB 0 NFS 0 NFPEN 0 NFT 0 TF 6
[SQ] 83053652: MC 0 MPC 0 TR 0 PMINT 0 PBURN 0 PSYNC 0 TC 0 LT 0 MG 0 VD 0 VDP 0 VWD 0 VLOCK 0 VUNLOCK 0 VCLOSE 0 VMAX 0 VLOCKUP 0 VDECR 0 V3SWAP 1 V2SWAP 0 NFC 0 NFB 0 NFS 0 NFPEN 0 NFT 0 TF 3
[SQ] 83053653: MC 0 MPC 0 TR 0 PMINT 0 PBURN 0 PSYNC 0 TC 0 LT 0 MG 0 VD 0 VDP 0 VWD 0 VLOCK 0 VUNLOCK 0 VCLOSE 0 VMAX 0 VLOCKUP 0 VDECR 0 V3SWAP 0 V2SWAP 0 NFC 0 NFB 0 NFS 0 NFPEN 0 NFT 0 TF 0
[SQ] 83053654: MC 0 MPC 0 TR 0 PMINT 0 PBURN 0 PSYNC 0 TC 0 LT 0 MG 0 VD 0 VDP 0 VWD 0 VLOCK 0 VUNLOCK 0 VCLOSE 0 VMAX 0 VLOCKUP 0 VDECR 0 V3SWAP 0 V2SWAP 0 NFC 0 NFB 0 NFS 0 NFPEN 0 NFT 0 TF 0
[SQ] 83053655: MC 0 MPC 0 TR 0 PMINT 0 PBURN 0 PSYNC 0 TC 0 LT 0 MG 0 VD 0 VDP 0 VWD 0 VLOCK 0 VUNLOCK 0 VCLOSE 0 VMAX 0 VLOCKUP 0 VDECR 0 V3SWAP 0 V2SWAP 0 NFC 0 NFB 0 NFS 0 NFPEN 0 NFT 0 TF 0
[SQ] 83053656: MC 0 MPC 0 TR 0 PMINT 0 PBURN 0 PSYNC 0 TC 0 LT 0 MG 0 VD 0 VDP 0 VWD 0 VLOCK 0 VUNLOCK 0 VCLOSE 0 VMAX 0 VLOCKUP 0 VDECR 0 V3SWAP 0 V2SWAP 0 NFC 0 NFB 0 NFS 0 NFPEN 0 NFT 0 TF 0
[SQ] 83053657: MC 0 MPC 0 TR 0 PMINT 0 PBURN 0 PSYNC 0 TC 0 LT 0 MG 0 VD 0 VDP 0 VWD 0 VLOCK 0 VUNLOCK 0 VCLOSE 0 VMAX 0 VLOCKUP 0 VDECR 0 V3SWAP 0 V2SWAP 0 NFC 0 NFB 0 NFS 0 NFPEN 0 NFT 0 TF 0
[SQ] 83053658: MC 0 MPC 0 TR 0 PMINT 0 PBURN 0 PSYNC 0 TC 0 LT 0 MG 0 VD 0 VDP 0 VWD 0 VLOCK 0 VUNLOCK 0 VCLOSE 0 VMAX 0 VLOCKUP 0 VDECR 0 V3SWAP 0 V2SWAP 0 NFC 0 NFB 0 NFS 0 NFPEN 0 NFT 0 TF 0
[SQ] 83053659: MC 0 MPC 0 TR 0 PMINT 0 PBURN 0 PSYNC 0 TC 0 LT 0 MG 0 VD 0 VDP 0 VWD 0 VLOCK 0 VUNLOCK 0 VCLOSE 0 VMAX 0 VLOCKUP 0 VDECR 0 V3SWAP 0 V2SWAP 0 NFC 0 NFB 0 NFS 0 NFPEN 0 NFT 0 TF 0
[SQ] 83053660: MC 0 MPC 0 TR 0 PMINT 0 PBURN 0 PSYNC 0 TC 0 LT 0 MG 0 VD 0 VDP 0 VWD 0 VLOCK 0 VUNLOCK 0 VCLOSE 0 VMAX 0 VLOCKUP 0 VDECR 0 V3SWAP 0 V2SWAP 0 NFC 0 NFB 0 NFS 0 NFPEN 0 NFT 0 TF 0
[SQ] 83053661: MC 0 MPC 0 TR 0 PMINT 0 PBURN 0 PSYNC 0 TC 0 LT 0 MG 0 VD 0 VDP 0 VWD 0 VLOCK 0 VUNLOCK 0 VCLOSE 0 VMAX 0 VLOCKUP 0 VDECR 0 V3SWAP 0 V2SWAP 0 NFC 0 NFB 0 NFS 0 NFPEN 0 NFT 0 TF 2
[SQ] 83053662: MC 0 MPC 0 TR 0 PMINT 0 PBURN 0 PSYNC 0 TC 0 LT 0 MG 0 VD 0 VDP 0 VWD 0 VLOCK 0 VUNLOCK 0 VCLOSE 0 VMAX 0 VLOCKUP 0 VDECR 0 V3SWAP 0 V2SWAP 0 NFC 0 NFB 0 NFS 0 NFPEN 0 NFT 0 TF 0
[SQ] 83053663: MC 0 MPC 0 TR 0 PMINT 0 PBURN 0 PSYNC 0 TC 0 LT 0 MG 0 VD 0 VDP 0 VWD 0 VLOCK 0 VUNLOCK 0 VCLOSE 0 VMAX 0 VLOCKUP 0 VDECR 0 V3SWAP 0 V2SWAP 0 NFC 0 NFB 0 NFS 0 NFPEN 0 NFT 0 TF 0
[SQ] 83053664: MC 0 MPC 0 TR 0 PMINT 0 PBURN 0 PSYNC 0 TC 0 LT 0 MG 0 VD 0 VDP 0 VWD 0 VLOCK 0 VUNLOCK 0 VCLOSE 0 VMAX 0 VLOCKUP 0 VDECR 0 V3SWAP 0 V2SWAP 0 NFC 0 NFB 0 NFS 0 NFPEN 0 NFT 0 TF 0
[SQ] 83053665: MC 0 MPC 0 TR 0 PMINT 0 PBURN 0 PSYNC 0 TC 0 LT 0 MG 0 VD 0 VDP 0 VWD 0 VLOCK 0 VUNLOCK 0 VCLOSE 0 VMAX 0 VLOCKUP 0 VDECR 0 V3SWAP 1 V2SWAP 0 NFC 0 NFB 0 NFS 0 NFPEN 0 NFT 0 TF 5
[SQ] 83053666: MC 0 MPC 0 TR 0 PMINT 0 PBURN 0 PSYNC 0 TC 0 LT 0 MG 0 VD 0 VDP 0 VWD 0 VLOCK 0 VUNLOCK 0 VCLOSE 0 VMAX 0 VLOCKUP 0 VDECR 0 V3SWAP 0 V2SWAP 0 NFC 0 NFB 0 NFS 0 NFPEN 0 NFT 0 TF 32
[SQ] 83053667: MC 0 MPC 0 TR 0 PMINT 0 PBURN 0 PSYNC 0 TC 0 LT 0 MG 0 VD 0 VDP 0 VWD 0 VLOCK 0 VUNLOCK 0 VCLOSE 0 VMAX 0 VLOCKUP 0 VDECR 0 V3SWAP 0 V2SWAP 0 NFC 0 NFB 0 NFS 0 NFPEN 0 NFT 0 TF 11
[SQ] 83053668: MC 0 MPC 0 TR 0 PMINT 0 PBURN 0 PSYNC 0 TC 0 LT 0 MG 0 VD 0 VDP 0 VWD 0 VLOCK 0 VUNLOCK 0 VCLOSE 0 VMAX 0 VLOCKUP 0 VDECR 0 V3SWAP 0 V2SWAP 0 NFC 0 NFB 0 NFS 0 NFPEN 0 NFT 0 TF 0
[SQ] 83053669: MC 0 MPC 0 TR 0 PMINT 0 PBURN 0 PSYNC 0 TC 0 LT 0 MG 0 VD 0 VDP 0 VWD 0 VLOCK 0 VUNLOCK 0 VCLOSE 0 VMAX 0 VLOCKUP 0 VDECR 0 V3SWAP 0 V2SWAP 0 NFC 0 NFB 0 NFS 0 NFPEN 0 NFT 0 TF 10
[SQ] 83053670: MC 0 MPC 0 TR 0 PMINT 0 PBURN 0 PSYNC 0 TC 0 LT 0 MG 0 VD 0 VDP 0 VWD 0 VLOCK 0 VUNLOCK 0 VCLOSE 0 VMAX 0 VLOCKUP 0 VDECR 0 V3SWAP 0 V2SWAP 0 NFC 0 NFB 0 NFS 0 NFPEN 0 NFT 0 TF 0
[SQ] 83053671: MC 0 MPC 0 TR 0 PMINT 0 PBURN 0 PSYNC 0 TC 0 LT 0 MG 0 VD 0 VDP 0 VWD 0 VLOCK 0 VUNLOCK 0 VCLOSE 0 VMAX 0 VLOCKUP 0 VDECR 0 V3SWAP 0 V2SWAP 0 NFC 0 NFB 0 NFS 0 NFPEN 0 NFT 0 TF 2
[SQ] 83053672: MC 0 MPC 0 TR 0 PMINT 0 PBURN 0 PSYNC 0 TC 0 LT 0 MG 0 VD 0 VDP 0 VWD 0 VLOCK 0 VUNLOCK 0 VCLOSE 0 VMAX 0 VLOCKUP 0 VDECR 0 V3SWAP 0 V2SWAP 0 NFC 0 NFB 0 NFS 0 NFPEN 0 NFT 0 TF 2
[SQ] 83053673: MC 0 MPC 0 TR 0 PMINT 0 PBURN 0 PSYNC 0 TC 0 LT 0 MG 0 VD 0 VDP 0 VWD 0 VLOCK 0 VUNLOCK 0 VCLOSE 0 VMAX 0 VLOCKUP 0 VDECR 0 V3SWAP 0 V2SWAP 0 NFC 0 NFB 0 NFS 0 NFPEN 0 NFT 0 TF 0
[SQ] 83053674: MC 0 MPC 0 TR 0 PMINT 0 PBURN 0 PSYNC 0 TC 0 LT 0 MG 0 VD 0 VDP 0 VWD 0 VLOCK 0 VUNLOCK 0 VCLOSE 0 VMAX 0 VLOCKUP 0 VDECR 0 V3SWAP 0 V2SWAP 0 NFC 0 NFB 0 NFS 0 NFPEN 0 NFT 0 TF 0
[SQ] 83053675: MC 0 MPC 0 TR 0 PMINT 0 PBURN 0 PSYNC 0 TC 0 LT 0 MG 0 VD 0 VDP 0 VWD 0 VLOCK 0 VUNLOCK 0 VCLOSE 0 VMAX 0 VLOCKUP 0 VDECR 0 V3SWAP 0 V2SWAP 0 NFC 0 NFB 0 NFS 0 NFPEN 0 NFT 0 TF 3
[SQ] 83053676: MC 0 MPC 0 TR 0 PMINT 0 PBURN 0 PSYNC 0 TC 0 LT 0 MG 0 VD 0 VDP 0 VWD 0 VLOCK 0 VUNLOCK 0 VCLOSE 0 VMAX 0 VLOCKUP 0 VDECR 0 V3SWAP 0 V2SWAP 0 NFC 0 NFB 0 NFS 0 NFPEN 0 NFT 0 TF 6
[SQ] 83053677: MC 0 MPC 0 TR 0 PMINT 0 PBURN 0 PSYNC 0 TC 0 LT 0 MG 0 VD 0 VDP 0 VWD 0 VLOCK 0 VUNLOCK 0 VCLOSE 0 VMAX 0 VLOCKUP 0 VDECR 0 V3SWAP 0 V2SWAP 0 NFC 0 NFB 0 NFS 0 NFPEN 0 NFT 0 TF 0
[SQ] 83053678: MC 0 MPC 0 TR 0 PMINT 0 PBURN 0 PSYNC 0 TC 0 LT 0 MG 0 VD 0 VDP 0 VWD 0 VLOCK 0 VUNLOCK 0 VCLOSE 0 VMAX 0 VLOCKUP 0 VDECR 0 V3SWAP 0 V2SWAP 0 NFC 0 NFB 0 NFS 0 NFPEN 0 NFT 0 TF 2
[SQ] 83053679: MC 0 MPC 0 TR 0 PMINT 0 PBURN 0 PSYNC 0 TC 0 LT 0 MG 0 VD 0 VDP 0 VWD 0 VLOCK 0 VUNLOCK 0 VCLOSE 0 VMAX 0 VLOCKUP 0 VDECR 0 V3SWAP 0 V2SWAP 0 NFC 0 NFB 0 NFS 0 NFPEN 0 NFT 0 TF 0
[SQ] 83053680: MC 0 MPC 0 TR 0 PMINT 0 PBURN 0 PSYNC 0 TC 0 LT 0 MG 0 VD 0 VDP 0 VWD 0 VLOCK 0 VUNLOCK 0 VCLOSE 0 VMAX 0 VLOCKUP 0 VDECR 0 V3SWAP 0 V2SWAP 0 NFC 0 NFB 0 NFS 0 NFPEN 0 NFT 0 TF 2
[SQ] 83053681: MC 0 MPC 0 TR 0 PMINT 0 PBURN 0 PSYNC 0 TC 0 LT 0 MG 0 VD 0 VDP 0 VWD 0 VLOCK 0 VUNLOCK 0 VCLOSE 0 VMAX 0 VLOCKUP 0 VDECR 0 V3SWAP 0 V2SWAP 0 NFC 0 NFB 0 NFS 0 NFPEN 0 NFT 0 TF 0
[SQ] 83053682: MC 0 MPC 0 TR 0 PMINT 0 PBURN 0 PSYNC 0 TC 0 LT 0 MG 0 VD 0 VDP 0 VWD 0 VLOCK 0 VUNLOCK 0 VCLOSE 0 VMAX 0 VLOCKUP 0 VDECR 0 V3SWAP 0 V2SWAP 0 NFC 0 NFB 0 NFS 0 NFPEN 0 NFT 0 TF 0
[SQ] 83053683: MC 0 MPC 0 TR 0 PMINT 0 PBURN 0 PSYNC 0 TC 0 LT 0 MG 0 VD 0 VDP 0 VWD 0 VLOCK 0 VUNLOCK 0 VCLOSE 0 VMAX 0 VLOCKUP 0 VDECR 0 V3SWAP 0 V2SWAP 0 NFC 0 NFB 0 NFS 0 NFPEN 0 NFT 0 TF 0
[SQ] 83053684: MC 0 MPC 0 TR 0 PMINT 0 PBURN 0 PSYNC 0 TC 0 LT 0 MG 0 VD 0 VDP 0 VWD 0 VLOCK 0 VUNLOCK 0 VCLOSE 0 VMAX 0 VLOCKUP 0 VDECR 0 V3SWAP 0 V2SWAP 0 NFC 0 NFB 0 NFS 0 NFPEN 0 NFT 0 TF 17
[SQ] 83053685: MC 0 MPC 0 TR 0 PMINT 0 PBURN 0 PSYNC 0 TC 0 LT 0 MG 0 VD 0 VDP 0 VWD 0 VLOCK 0 VUNLOCK 0 VCLOSE 0 VMAX 0 VLOCKUP 0 VDECR 0 V3SWAP 0 V2SWAP 0 NFC 0 NFB 0 NFS 0 NFPEN 0 NFT 0 TF 16
[SQ] 83053686: MC 0 MPC 0 TR 0 PMINT 0 PBURN 0 PSYNC 0 TC 0 LT 0 MG 0 VD 0 VDP 0 VWD 0 VLOCK 0 VUNLOCK 0 VCLOSE 0 VMAX 0 VLOCKUP 0 VDECR 0 V3SWAP 0 V2SWAP 0 NFC 0 NFB 0 NFS 0 NFPEN 0 NFT 0 TF 5
[SQ] 83053687: MC 0 MPC 0 TR 0 PMINT 0 PBURN 0 PSYNC 0 TC 0 LT 0 MG 0 VD 0 VDP 0 VWD 0 VLOCK 0 VUNLOCK 0 VCLOSE 0 VMAX 0 VLOCKUP 0 VDECR 0 V3SWAP 0 V2SWAP 0 NFC 0 NFB 0 NFS 0 NFPEN 0 NFT 0 TF 0
[SQ] 83053688: MC 0 MPC 0 TR 0 PMINT 0 PBURN 0 PSYNC 0 TC 0 LT 0 MG 0 VD 0 VDP 0 VWD 0 VLOCK 0 VUNLOCK 0 VCLOSE 0 VMAX 0 VLOCKUP 0 VDECR 0 V3SWAP 2 V2SWAP 0 NFC 0 NFB 0 NFS 0 NFPEN 0 NFT 0 TF 13
[SQ] 83053689: MC 0 MPC 0 TR 0 PMINT 0 PBURN 0 PSYNC 0 TC 0 LT 0 MG 0 VD 0 VDP 0 VWD 0 VLOCK 0 VUNLOCK 0 VCLOSE 0 VMAX 0 VLOCKUP 0 VDECR 0 V3SWAP 0 V2SWAP 0 NFC 0 NFB 0 NFS 0 NFPEN 0 NFT 0 TF 3
[SQ] 83053690: MC 0 MPC 0 TR 0 PMINT 0 PBURN 0 PSYNC 0 TC 0 LT 0 MG 0 VD 0 VDP 0 VWD 0 VLOCK 0 VUNLOCK 0 VCLOSE 0 VMAX 0 VLOCKUP 0 VDECR 0 V3SWAP 1 V2SWAP 0 NFC 0 NFB 0 NFS 0 NFPEN 0 NFT 0 TF 32
[SQ] 83053691: MC 0 MPC 0 TR 0 PMINT 0 PBURN 0 PSYNC 0 TC 0 LT 0 MG 0 VD 0 VDP 0 VWD 0 VLOCK 0 VUNLOCK 0 VCLOSE 0 VMAX 0 VLOCKUP 0 VDECR 0 V3SWAP 0 V2SWAP 0 NFC 0 NFB 0 NFS 0 NFPEN 0 NFT 0 TF 9
[SQ] 83053692: MC 0 MPC 0 TR 0 PMINT 0 PBURN 0 PSYNC 0 TC 0 LT 0 MG 0 VD 0 VDP 0 VWD 0 VLOCK 0 VUNLOCK 0 VCLOSE 0 VMAX 0 VLOCKUP 0 VDECR 0 V3SWAP 0 V2SWAP 0 NFC 0 NFB 0 NFS 0 NFPEN 0 NFT 0 TF 4
[SQ] 83053693: MC 0 MPC 0 TR 0 PMINT 0 PBURN 0 PSYNC 0 TC 0 LT 0 MG 0 VD 0 VDP 0 VWD 0 VLOCK 0 VUNLOCK 0 VCLOSE 0 VMAX 0 VLOCKUP 0 VDECR 0 V3SWAP 0 V2SWAP 0 NFC 0 NFB 0 NFS 0 NFPEN 0 NFT 0 TF 0
[SQ] 83053694: MC 0 MPC 0 TR 0 PMINT 0 PBURN 0 PSYNC 0 TC 0 LT 0 MG 0 VD 0 VDP 0 VWD 0 VLOCK 0 VUNLOCK 0 VCLOSE 0 VMAX 0 VLOCKUP 0 VDECR 0 V3SWAP 0 V2SWAP 0 NFC 0 NFB 0 NFS 0 NFPEN 0 NFT 0 TF 0
[SQ] 83053695: MC 0 MPC 0 TR 0 PMINT 0 PBURN 0 PSYNC 0 TC 0 LT 0 MG 0 VD 0 VDP 0 VWD 0 VLOCK 0 VUNLOCK 0 VCLOSE 0 VMAX 0 VLOCKUP 0 VDECR 0 V3SWAP 0 V2SWAP 0 NFC 0 NFB 0 NFS 0 NFPEN 0 NFT 0 TF 2
[SQ] 83053696: MC 0 MPC 0 TR 0 PMINT 0 PBURN 0 PSYNC 0 TC 0 LT 0 MG 0 VD 0 VDP 0 VWD 0 VLOCK 0 VUNLOCK 0 VCLOSE 0 VMAX 0 VLOCKUP 0 VDECR 0 V3SWAP 0 V2SWAP 0 NFC 0 NFB 0 NFS 0 NFPEN 0 NFT 0 TF 0
[SQ] 83053697: MC 0 MPC 0 TR 0 PMINT 0 PBURN 0 PSYNC 0 TC 0 LT 0 MG 0 VD 0 VDP 0 VWD 0 VLOCK 0 VUNLOCK 0 VCLOSE 0 VMAX 0 VLOCKUP 0 VDECR 0 V3SWAP 0 V2SWAP 0 NFC 0 NFB 0 NFS 0 NFPEN 0 NFT 0 TF 4
[SQ] 83053698: MC 0 MPC 0 TR 0 PMINT 0 PBURN 0 PSYNC 0 TC 0 LT 0 MG 0 VD 0 VDP 0 VWD 0 VLOCK 0 VUNLOCK 0 VCLOSE 0 VMAX 0 VLOCKUP 0 VDECR 0 V3SWAP 0 V2SWAP 0 NFC 0 NFB 0 NFS 0 NFPEN 0 NFT 0 TF 21
[SQ] 83053699: MC 0 MPC 0 TR 0 PMINT 0 PBURN 0 PSYNC 0 TC 0 LT 0 MG 0 VD 0 VDP 0 VWD 0 VLOCK 0 VUNLOCK 0 VCLOSE 0 VMAX 0 VLOCKUP 0 VDECR 0 V3SWAP 0 V2SWAP 0 NFC 0 NFB 0 NFS 0 NFPEN 0 NFT 0 TF 16
[SQ] 83053700: MC 0 MPC 0 TR 0 PMINT 0 PBURN 0 PSYNC 0 TC 0 LT 0 MG 0 VD 0 VDP 0 VWD 0 VLOCK 0 VUNLOCK 0 VCLOSE 0 VMAX 0 VLOCKUP 0 VDECR 0 V3SWAP 0 V2SWAP 0 NFC 0 NFB 0 NFS 0 NFPEN 0 NFT 0 TF 12
[SQ] 83053701: MC 0 MPC 0 TR 0 PMINT 0 PBURN 0 PSYNC 0 TC 0 LT 0 MG 0 VD 0 VDP 0 VWD 0 VLOCK 0 VUNLOCK 0 VCLOSE 0 VMAX 0 VLOCKUP 0 VDECR 0 V3SWAP 0 V2SWAP 0 NFC 0 NFB 0 NFS 0 NFPEN 0 NFT 0 TF 30
[SQ] 83053702: MC 0 MPC 0 TR 0 PMINT 0 PBURN 0 PSYNC 0 TC 0 LT 0 MG 0 VD 0 VDP 0 VWD 0 VLOCK 0 VUNLOCK 0 VCLOSE 0 VMAX 0 VLOCKUP 0 VDECR 0 V3SWAP 1 V2SWAP 0 NFC 0 NFB 0 NFS 0 NFPEN 0 NFT 0 TF 3
[SQ] 83053703: MC 0 MPC 0 TR 0 PMINT 0 PBURN 0 PSYNC 0 TC 0 LT 0 MG 0 VD 0 VDP 0 VWD 0 VLOCK 0 VUNLOCK 0 VCLOSE 0 VMAX 0 VLOCKUP 0 VDECR 0 V3SWAP 0 V2SWAP 0 NFC 0 NFB 0 NFS 0 NFPEN 0 NFT 0 TF 8
[SQ] 83053704: MC 0 MPC 0 TR 0 PMINT 0 PBURN 0 PSYNC 0 TC 0 LT 0 MG 0 VD 0 VDP 0 VWD 0 VLOCK 0 VUNLOCK 0 VCLOSE 0 VMAX 0 VLOCKUP 0 VDECR 0 V3SWAP 0 V2SWAP 0 NFC 0 NFB 0 NFS 0 NFPEN 0 NFT 0 TF 1
[SQ] 83053705: MC 0 MPC 0 TR 0 PMINT 0 PBURN 0 PSYNC 0 TC 0 LT 0 MG 0 VD 0 VDP 0 VWD 0 VLOCK 0 VUNLOCK 0 VCLOSE 0 VMAX 0 VLOCKUP 0 VDECR 0 V3SWAP 1 V2SWAP 0 NFC 0 NFB 1 NFS 0 NFPEN 0 NFT 0 TF 13
[SQ] 83053706: MC 0 MPC 0 TR 0 PMINT 0 PBURN 0 PSYNC 0 TC 0 LT 0 MG 0 VD 0 VDP 0 VWD 0 VLOCK 0 VUNLOCK 0 VCLOSE 0 VMAX 0 VLOCKUP 0 VDECR 0 V3SWAP 0 V2SWAP 0 NFC 0 NFB 0 NFS 0 NFPEN 0 NFT 0 TF 2
[SQ] 83053707: MC 0 MPC 0 TR 0 PMINT 0 PBURN 0 PSYNC 0 TC 0 LT 0 MG 0 VD 0 VDP 0 VWD 0 VLOCK 0 VUNLOCK 0 VCLOSE 0 VMAX 0 VLOCKUP 0 VDECR 0 V3SWAP 0 V2SWAP 0 NFC 0 NFB 0 NFS 0 NFPEN 0 NFT 0 TF 1
[SQ] 83053708: MC 0 MPC 0 TR 0 PMINT 0 PBURN 0 PSYNC 0 TC 0 LT 0 MG 0 VD 0 VDP 0 VWD 0 VLOCK 0 VUNLOCK 0 VCLOSE 0 VMAX 0 VLOCKUP 0 VDECR 0 V3SWAP 0 V2SWAP 0 NFC 0 NFB 0 NFS 0 NFPEN 0 NFT 0 TF 0
[SQ] 83053709: MC 0 MPC 0 TR 0 PMINT 0 PBURN 0 PSYNC 0 TC 0 LT 0 MG 0 VD 0 VDP 0 VWD 0 VLOCK 0 VUNLOCK 0 VCLOSE 0 VMAX 0 VLOCKUP 0 VDECR 0 V3SWAP 0 V2SWAP 0 NFC 0 NFB 0 NFS 0 NFPEN 0 NFT 0 TF 1
[SQ] 83053710: MC 0 MPC 0 TR 0 PMINT 0 PBURN 0 PSYNC 0 TC 0 LT 0 MG 0 VD 0 VDP 0 VWD 0 VLOCK 0 VUNLOCK 0 VCLOSE 0 VMAX 0 VLOCKUP 0 VDECR 0 V3SWAP 0 V2SWAP 0 NFC 0 NFB 0 NFS 0 NFPEN 0 NFT 0 TF 0
[SQ] 83053711: MC 0 MPC 0 TR 0 PMINT 0 PBURN 0 PSYNC 0 TC 0 LT 0 MG 0 VD 0 VDP 0 VWD 0 VLOCK 0 VUNLOCK 0 VCLOSE 0 VMAX 0 VLOCKUP 0 VDECR 0 V3SWAP 0 V2SWAP 0 NFC 0 NFB 0 NFS 0 NFPEN 0 NFT 0 TF 0
[SQ] 83053712: MC 0 MPC 0 TR 0 PMINT 0 PBURN 0 PSYNC 0 TC 0 LT 0 MG 0 VD 0 VDP 0 VWD 0 VLOCK 0 VUNLOCK 0 VCLOSE 0 VMAX 0 VLOCKUP 0 VDECR 0 V3SWAP 0 V2SWAP 0 NFC 0 NFB 0 NFS 0 NFPEN 0 NFT 0 TF 2
[SQ] 83053713: MC 0 MPC 0 TR 0 PMINT 0 PBURN 0 PSYNC 0 TC 0 LT 0 MG 0 VD 0 VDP 0 VWD 0 VLOCK 0 VUNLOCK 0 VCLOSE 0 VMAX 0 VLOCKUP 0 VDECR 0 V3SWAP 0 V2SWAP 0 NFC 0 NFB 0 NFS 0 NFPEN 0 NFT 0 TF 0
[SQ] 83053714: MC 0 MPC 0 TR 0 PMINT 0 PBURN 0 PSYNC 0 TC 0 LT 0 MG 0 VD 0 VDP 0 VWD 0 VLOCK 0 VUNLOCK 0 VCLOSE 0 VMAX 0 VLOCKUP 0 VDECR 0 V3SWAP 0 V2SWAP 0 NFC 0 NFB 0 NFS 0 NFPEN 0 NFT 0 TF 2
[SQ] 83053715: MC 0 MPC 0 TR 0 PMINT 0 PBURN 0 PSYNC 0 TC 0 LT 0 MG 0 VD 0 VDP 0 VWD 0 VLOCK 0 VUNLOCK 0 VCLOSE 0 VMAX 0 VLOCKUP 0 VDECR 0 V3SWAP 0 V2SWAP 0 NFC 0 NFB 0 NFS 0 NFPEN 0 NFT 0 TF 0
[SQ] 83053716: MC 0 MPC 0 TR 0 PMINT 0 PBURN 0 PSYNC 0 TC 0 LT 0 MG 0 VD 0 VDP 0 VWD 0 VLOCK 0 VUNLOCK 0 VCLOSE 0 VMAX 0 VLOCKUP 0 VDECR 0 V3SWAP 0 V2SWAP 0 NFC 0 NFB 0 NFS 0 NFPEN 0 NFT 0 TF 0
[SQ] 83053717: MC 0 MPC 0 TR 0 PMINT 0 PBURN 0 PSYNC 0 TC 0 LT 0 MG 0 VD 0 VDP 0 VWD 0 VLOCK 0 VUNLOCK 0 VCLOSE 0 VMAX 0 VLOCKUP 0 VDECR 0 V3SWAP 0 V2SWAP 0 NFC 0 NFB 0 NFS 0 NFPEN 0 NFT 0 TF 3
[SQ] 83053718: MC 0 MPC 0 TR 0 PMINT 0 PBURN 0 PSYNC 0 TC 0 LT 0 MG 0 VD 0 VDP 0 VWD 0 VLOCK 0 VUNLOCK 0 VCLOSE 0 VMAX 0 VLOCKUP 0 VDECR 0 V3SWAP 0 V2SWAP 0 NFC 0 NFB 0 NFS 0 NFPEN 0 NFT 0 TF 5
[SQ] 83053719: MC 0 MPC 0 TR 0 PMINT 0 PBURN 0 PSYNC 0 TC 0 LT 0 MG 0 VD 0 VDP 0 VWD 0 VLOCK 0 VUNLOCK 0 VCLOSE 0 VMAX 0 VLOCKUP 0 VDECR 0 V3SWAP 0 V2SWAP 0 NFC 0 NFB 0 NFS 0 NFPEN 0 NFT 0 TF 0
[SQ] 83053720: MC 0 MPC 0 TR 0 PMINT 0 PBURN 0 PSYNC 0 TC 0 LT 0 MG 0 VD 0 VDP 0 VWD 0 VLOCK 0 VUNLOCK 0 VCLOSE 0 VMAX 0 VLOCKUP 0 VDECR 0 V3SWAP 0 V2SWAP 0 NFC 0 NFB 0 NFS 0 NFPEN 0 NFT 0 TF 0
[SQ] 83053721: MC 0 MPC 0 TR 0 PMINT 0 PBURN 0 PSYNC 0 TC 0 LT 0 MG 0 VD 0 VDP 0 VWD 0 VLOCK 0 VUNLOCK 0 VCLOSE 0 VMAX 0 VLOCKUP 0 VDECR 0 V3SWAP 0 V2SWAP 0 NFC 0 NFB 0 NFS 0 NFPEN 0 NFT 0 TF 1
[SQ] 83053722: MC 0 MPC 0 TR 0 PMINT 0 PBURN 0 PSYNC 0 TC 0 LT 0 MG 0 VD 0 VDP 0 VWD 0 VLOCK 0 VUNLOCK 0 VCLOSE 0 VMAX 0 VLOCKUP 0 VDECR 0 V3SWAP 0 V2SWAP 0 NFC 0 NFB 0 NFS 0 NFPEN 0 NFT 0 TF 6
[SQ] 83053723: MC 0 MPC 0 TR 0 PMINT 0 PBURN 0 PSYNC 0 TC 0 LT 0 MG 0 VD 0 VDP 0 VWD 0 VLOCK 0 VUNLOCK 0 VCLOSE 0 VMAX 0 VLOCKUP 0 VDECR 0 V3SWAP 0 V2SWAP 0 NFC 0 NFB 0 NFS 0 NFPEN 0 NFT 0 TF 0
[SQ] 83053724: MC 0 MPC 0 TR 0 PMINT 0 PBURN 0 PSYNC 0 TC 0 LT 0 MG 0 VD 0 VDP 0 VWD 0 VLOCK 0 VUNLOCK 0 VCLOSE 0 VMAX 0 VLOCKUP 0 VDECR 0 V3SWAP 0 V2SWAP 0 NFC 0 NFB 0 NFS 0 NFPEN 0 NFT 0 TF 0
[SQ] 83053725: MC 0 MPC 0 TR 0 PMINT 0 PBURN 0 PSYNC 0 TC 0 LT 0 MG 0 VD 0 VDP 0 VWD 0 VLOCK 0 VUNLOCK 0 VCLOSE 0 VMAX 0 VLOCKUP 0 VDECR 0 V3SWAP 2 V2SWAP 0 NFC 0 NFB 0 NFS 0 NFPEN 0 NFT 0 TF 6
[SQ] 83053726: MC 0 MPC 0 TR 0 PMINT 0 PBURN 0 PSYNC 0 TC 0 LT 0 MG 0 VD 0 VDP 0 VWD 0 VLOCK 0 VUNLOCK 0 VCLOSE 0 VMAX 0 VLOCKUP 0 VDECR 0 V3SWAP 0 V2SWAP 0 NFC 0 NFB 0 NFS 0 NFPEN 0 NFT 0 TF 0
[SQ] 83053727: MC 0 MPC 0 TR 0 PMINT 0 PBURN 0 PSYNC 0 TC 0 LT 0 MG 0 VD 0 VDP 0 VWD 0 VLOCK 0 VUNLOCK 0 VCLOSE 0 VMAX 0 VLOCKUP 0 VDECR 0 V3SWAP 0 V2SWAP 0 NFC 0 NFB 0 NFS 0 NFPEN 0 NFT 0 TF 0
[SQ] 83053728: MC 0 MPC 0 TR 0 PMINT 0 PBURN 0 PSYNC 0 TC 0 LT 0 MG 0 VD 0 VDP 0 VWD 0 VLOCK 0 VUNLOCK 0 VCLOSE 0 VMAX 0 VLOCKUP 0 VDECR 0 V3SWAP 0 V2SWAP 0 NFC 0 NFB 0 NFS 0 NFPEN 0 NFT 0 TF 0
[SQ] 83053729: MC 0 MPC 0 TR 0 PMINT 0 PBURN 0 PSYNC 0 TC 0 LT 0 MG 0 VD 0 VDP 0 VWD 0 VLOCK 0 VUNLOCK 0 VCLOSE 0 VMAX 0 VLOCKUP 0 VDECR 0 V3SWAP 0 V2SWAP 0 NFC 0 NFB 0 NFS 0 NFPEN 0 NFT 0 TF 3
[SQ] 83053730: MC 0 MPC 0 TR 0 PMINT 0 PBURN 0 PSYNC 0 TC 0 LT 0 MG 0 VD 0 VDP 0 VWD 0 VLOCK 0 VUNLOCK 0 VCLOSE 0 VMAX 0 VLOCKUP 0 VDECR 0 V3SWAP 0 V2SWAP 0 NFC 0 NFB 0 NFS 0 NFPEN 0 NFT 0 TF 0
[SQ] 83053731: MC 0 MPC 0 TR 0 PMINT 0 PBURN 0 PSYNC 0 TC 0 LT 0 MG 0 VD 0 VDP 0 VWD 0 VLOCK 0 VUNLOCK 0 VCLOSE 0 VMAX 0 VLOCKUP 0 VDECR 0 V3SWAP 0 V2SWAP 0 NFC 0 NFB 0 NFS 0 NFPEN 0 NFT 0 TF 11
[SQ] 83053732: MC 0 MPC 0 TR 0 PMINT 0 PBURN 0 PSYNC 0 TC 0 LT 0 MG 0 VD 0 VDP 0 VWD 0 VLOCK 0 VUNLOCK 0 VCLOSE 0 VMAX 0 VLOCKUP 0 VDECR 0 V3SWAP 0 V2SWAP 0 NFC 0 NFB 0 NFS 0 NFPEN 0 NFT 0 TF 12
[SQ] 83053733: MC 0 MPC 0 TR 0 PMINT 0 PBURN 0 PSYNC 0 TC 0 LT 0 MG 0 VD 0 VDP 0 VWD 0 VLOCK 0 VUNLOCK 0 VCLOSE 0 VMAX 0 VLOCKUP 0 VDECR 0 V3SWAP 0 V2SWAP 0 NFC 0 NFB 0 NFS 0 NFPEN 0 NFT 0 TF 9
[SQ] 83053734: MC 0 MPC 0 TR 0 PMINT 0 PBURN 0 PSYNC 0 TC 0 LT 0 MG 0 VD 0 VDP 0 VWD 0 VLOCK 0 VUNLOCK 0 VCLOSE 0 VMAX 0 VLOCKUP 0 VDECR 0 V3SWAP 0 V2SWAP 0 NFC 0 NFB 0 NFS 0 NFPEN 0 NFT 0 TF 8
[SQ] 83053735: MC 0 MPC 0 TR 0 PMINT 0 PBURN 0 PSYNC 0 TC 0 LT 0 MG 0 VD 0 VDP 0 VWD 0 VLOCK 0 VUNLOCK 0 VCLOSE 0 VMAX 0 VLOCKUP 0 VDECR 0 V3SWAP 1 V2SWAP 0 NFC 0 NFB 0 NFS 0 NFPEN 0 NFT 0 TF 9
[SQ] 83053736: MC 0 MPC 0 TR 0 PMINT 0 PBURN 0 PSYNC 0 TC 0 LT 0 MG 0 VD 0 VDP 0 VWD 0 VLOCK 0 VUNLOCK 0 VCLOSE 0 VMAX 0 VLOCKUP 0 VDECR 0 V3SWAP 0 V2SWAP 0 NFC 0 NFB 0 NFS 0 NFPEN 0 NFT 0 TF 13
[SQ] 83053737: MC 0 MPC 0 TR 0 PMINT 0 PBURN 0 PSYNC 0 TC 0 LT 0 MG 0 VD 0 VDP 0 VWD 0 VLOCK 0 VUNLOCK 0 VCLOSE 0 VMAX 0 VLOCKUP 0 VDECR 0 V3SWAP 0 V2SWAP 0 NFC 0 NFB 0 NFS 0 NFPEN 0 NFT 0 TF 6
[SQ] 83053738: MC 0 MPC 0 TR 0 PMINT 0 PBURN 0 PSYNC 0 TC 0 LT 0 MG 0 VD 0 VDP 0 VWD 0 VLOCK 0 VUNLOCK 0 VCLOSE 0 VMAX 0 VLOCKUP 0 VDECR 0 V3SWAP 2 V2SWAP 0 NFC 0 NFB 0 NFS 0 NFPEN 0 NFT 0 TF 9
[SQ] 83053739: MC 0 MPC 0 TR 0 PMINT 0 PBURN 0 PSYNC 0 TC 0 LT 0 MG 0 VD 0 VDP 0 VWD 0 VLOCK 0 VUNLOCK 0 VCLOSE 0 VMAX 0 VLOCKUP 0 VDECR 0 V3SWAP 0 V2SWAP 0 NFC 0 NFB 0 NFS 0 NFPEN 0 NFT 0 TF 0
[SQ] 83053740: MC 0 MPC 0 TR 0 PMINT 0 PBURN 0 PSYNC 0 TC 0 LT 0 MG 0 VD 0 VDP 0 VWD 0 VLOCK 0 VUNLOCK 0 VCLOSE 0 VMAX 0 VLOCKUP 0 VDECR 0 V3SWAP 0 V2SWAP 0 NFC 0 NFB 0 NFS 0 NFPEN 0 NFT 0 TF 0
[SQ] 83053741: MC 0 MPC 0 TR 0 PMINT 0 PBURN 0 PSYNC 0 TC 0 LT 0 MG 0 VD 0 VDP 0 VWD 0 VLOCK 0 VUNLOCK 0 VCLOSE 0 VMAX 0 VLOCKUP 0 VDECR 0 V3SWAP 0 V2SWAP 0 NFC 0 NFB 0 NFS 0 NFPEN 0 NFT 0 TF 0
[SQ] 83053742: MC 0 MPC 0 TR 0 PMINT 0 PBURN 0 PSYNC 0 TC 0 LT 0 MG 0 VD 0 VDP 0 VWD 0 VLOCK 0 VUNLOCK 0 VCLOSE 0 VMAX 0 VLOCKUP 0 VDECR 0 V3SWAP 0 V2SWAP 0 NFC 0 NFB 0 NFS 0 NFPEN 0 NFT 0 TF 4
[SQ] 83053743: MC 0 MPC 0 TR 0 PMINT 0 PBURN 0 PSYNC 0 TC 0 LT 0 MG 0 VD 0 VDP 0 VWD 0 VLOCK 0 VUNLOCK 0 VCLOSE 0 VMAX 0 VLOCKUP 0 VDECR 0 V3SWAP 0 V2SWAP 0 NFC 0 NFB 0 NFS 0 NFPEN 0 NFT 0 TF 2
[SQ] 83053744: MC 0 MPC 0 TR 0 PMINT 0 PBURN 0 PSYNC 0 TC 0 LT 0 MG 0 VD 0 VDP 0 VWD 0 VLOCK 0 VUNLOCK 0 VCLOSE 0 VMAX 0 VLOCKUP 0 VDECR 0 V3SWAP 0 V2SWAP 0 NFC 0 NFB 0 NFS 0 NFPEN 0 NFT 0 TF 0
[SQ] 83053745: MC 0 MPC 0 TR 0 PMINT 0 PBURN 0 PSYNC 0 TC 0 LT 0 MG 0 VD 0 VDP 0 VWD 0 VLOCK 0 VUNLOCK 0 VCLOSE 0 VMAX 0 VLOCKUP 0 VDECR 0 V3SWAP 0 V2SWAP 0 NFC 0 NFB 0 NFS 0 NFPEN 0 NFT 0 TF 0
[SQ] 83053746: MC 0 MPC 0 TR 0 PMINT 0 PBURN 0 PSYNC 0 TC 0 LT 0 MG 0 VD 0 VDP 0 VWD 0 VLOCK 0 VUNLOCK 0 VCLOSE 0 VMAX 0 VLOCKUP 0 VDECR 0 V3SWAP 0 V2SWAP 0 NFC 0 NFB 0 NFS 0 NFPEN 0 NFT 0 TF 0
[SQ] 83053747: MC 0 MPC 0 TR 0 PMINT 0 PBURN 0 PSYNC 0 TC 0 LT 0 MG 0 VD 0 VDP 0 VWD 0 VLOCK 0 VUNLOCK 0 VCLOSE 0 VMAX 0 VLOCKUP 0 VDECR 0 V3SWAP 0 V2SWAP 0 NFC 0 NFB 0 NFS 0 NFPEN 0 NFT 0 TF 2
[SQ] 83053748: MC 0 MPC 0 TR 0 PMINT 0 PBURN 0 PSYNC 0 TC 0 LT 0 MG 0 VD 0 VDP 0 VWD 0 VLOCK 0 VUNLOCK 0 VCLOSE 0 VMAX 0 VLOCKUP 0 VDECR 0 V3SWAP 0 V2SWAP 0 NFC 0 NFB 0 NFS 0 NFPEN 0 NFT 0 TF 2
[SQ] 83053749: MC 0 MPC 0 TR 0 PMINT 0 PBURN 0 PSYNC 0 TC 0 LT 0 MG 0 VD 0 VDP 0 VWD 0 VLOCK 0 VUNLOCK 0 VCLOSE 0 VMAX 0 VLOCKUP 0 VDECR 0 V3SWAP 0 V2SWAP 0 NFC 0 NFB 0 NFS 0 NFPEN 0 NFT 0 TF 0
[SQ] 83053750: MC 0 MPC 0 TR 0 PMINT 0 PBURN 0 PSYNC 0 TC 0 LT 0 MG 0 VD 0 VDP 0 VWD 0 VLOCK 0 VUNLOCK 0 VCLOSE 0 VMAX 0 VLOCKUP 0 VDECR 0 V3SWAP 0 V2SWAP 0 NFC 0 NFB 0 NFS 0 NFPEN 0 NFT 0 TF 0
[SQ] 83053751: MC 0 MPC 0 TR 0 PMINT 0 PBURN 0 PSYNC 0 TC 0 LT 0 MG 0 VD 0 VDP 0 VWD 0 VLOCK 0 VUNLOCK 0 VCLOSE 0 VMAX 0 VLOCKUP 0 VDECR 0 V3SWAP 0 V2SWAP 0 NFC 0 NFB 0 NFS 0 NFPEN 0 NFT 0 TF 4
[SQ] 83053752: MC 0 MPC 0 TR 0 PMINT 0 PBURN 0 PSYNC 0 TC 0 LT 0 MG 0 VD 0 VDP 0 VWD 0 VLOCK 0 VUNLOCK 0 VCLOSE 0 VMAX 0 VLOCKUP 0 VDECR 0 V3SWAP 0 V2SWAP 0 NFC 0 NFB 0 NFS 0 NFPEN 0 NFT 0 TF 0
[SQ] 83053753: MC 0 MPC 0 TR 0 PMINT 0 PBURN 0 PSYNC 0 TC 0 LT 0 MG 0 VD 0 VDP 0 VWD 0 VLOCK 0 VUNLOCK 0 VCLOSE 0 VMAX 0 VLOCKUP 0 VDECR 0 V3SWAP 0 V2SWAP 0 NFC 0 NFB 0 NFS 0 NFPEN 0 NFT 0 TF 0
[SQ] 83053754: MC 0 MPC 0 TR 0 PMINT 0 PBURN 0 PSYNC 0 TC 0 LT 0 MG 0 VD 0 VDP 0 VWD 0 VLOCK 0 VUNLOCK 0 VCLOSE 0 VMAX 0 VLOCKUP 0 VDECR 0 V3SWAP 0 V2SWAP 0 NFC 0 NFB 0 NFS 0 NFPEN 0 NFT 0 TF 0
[SQ] 83053755: MC 0 MPC 0 TR 0 PMINT 0 PBURN 0 PSYNC 0 TC 0 LT 0 MG 0 VD 0 VDP 0 VWD 0 VLOCK 0 VUNLOCK 0 VCLOSE 0 VMAX 0 VLOCKUP 0 VDECR 0 V3SWAP 0 V2SWAP 0 NFC 0 NFB 0 NFS 0 NFPEN 0 NFT 0 TF 2
[SQ] 83053756: MC 0 MPC 0 TR 0 PMINT 0 PBURN 0 PSYNC 0 TC 0 LT 0 MG 0 VD 0 VDP 0 VWD 0 VLOCK 0 VUNLOCK 0 VCLOSE 0 VMAX 0 VLOCKUP 0 VDECR 0 V3SWAP 0 V2SWAP 0 NFC 0 NFB 0 NFS 0 NFPEN 0 NFT 0 TF 0
[SQ] 83053757: MC 0 MPC 0 TR 0 PMINT 0 PBURN 0 PSYNC 0 TC 0 LT 0 MG 0 VD 0 VDP 0 VWD 0 VLOCK 0 VUNLOCK 0 VCLOSE 0 VMAX 0 VLOCKUP 0 VDECR 0 V3SWAP 0 V2SWAP 0 NFC 0 NFB 0 NFS 0 NFPEN 0 NFT 0 TF 0
[SQ] 83053758: MC 0 MPC 0 TR 0 PMINT 0 PBURN 0 PSYNC 0 TC 0 LT 0 MG 0 VD 0 VDP 0 VWD 0 VLOCK 0 VUNLOCK 0 VCLOSE 0 VMAX 0 VLOCKUP 0 VDECR 0 V3SWAP 0 V2SWAP 0 NFC 0 NFB 0 NFS 0 NFPEN 0 NFT 0 TF 1
[SQ] 83053759: MC 0 MPC 0 TR 0 PMINT 0 PBURN 0 PSYNC 0 TC 0 LT 0 MG 0 VD 0 VDP 0 VWD 0 VLOCK 0 VUNLOCK 0 VCLOSE 0 VMAX 0 VLOCKUP 0 VDECR 0 V3SWAP 0 V2SWAP 0 NFC 0 NFB 0 NFS 0 NFPEN 0 NFT 0 TF 0
[SQ] 83053760: MC 0 MPC 0 TR 0 PMINT 0 PBURN 0 PSYNC 0 TC 0 LT 0 MG 0 VD 0 VDP 0 VWD 0 VLOCK 0 VUNLOCK 0 VCLOSE 0 VMAX 0 VLOCKUP 0 VDECR 0 V3SWAP 1 V2SWAP 0 NFC 0 NFB 0 NFS 0 NFPEN 0 NFT 0 TF 6
[SQ] 83053761: MC 0 MPC 0 TR 0 PMINT 0 PBURN 0 PSYNC 0 TC 0 LT 0 MG 0 VD 0 VDP 0 VWD 0 VLOCK 0 VUNLOCK 0 VCLOSE 0 VMAX 0 VLOCKUP 0 VDECR 0 V3SWAP 0 V2SWAP 0 NFC 0 NFB 0 NFS 0 NFPEN 0 NFT 0 TF 0
[SQ] 83053762: MC 0 MPC 0 TR 0 PMINT 0 PBURN 0 PSYNC 0 TC 0 LT 0 MG 0 VD 0 VDP 0 VWD 0 VLOCK 0 VUNLOCK 0 VCLOSE 0 VMAX 0 VLOCKUP 0 VDECR 0 V3SWAP 0 V2SWAP 0 NFC 0 NFB 0 NFS 0 NFPEN 0 NFT 0 TF 0
[SQ] 83053763: MC 0 MPC 0 TR 0 PMINT 0 PBURN 0 PSYNC 0 TC 0 LT 0 MG 0 VD 0 VDP 0 VWD 0 VLOCK 0 VUNLOCK 0 VCLOSE 0 VMAX 0 VLOCKUP 0 VDECR 0 V3SWAP 0 V2SWAP 0 NFC 0 NFB 0 NFS 0 NFPEN 0 NFT 0 TF 2
[SQ] 83053764: MC 0 MPC 0 TR 0 PMINT 0 PBURN 0 PSYNC 0 TC 0 LT 0 MG 0 VD 0 VDP 0 VWD 0 VLOCK 0 VUNLOCK 0 VCLOSE 0 VMAX 0 VLOCKUP 0 VDECR 0 V3SWAP 0 V2SWAP 0 NFC 0 NFB 0 NFS 0 NFPEN 0 NFT 0 TF 0
[SQ] 83053765: MC 0 MPC 0 TR 0 PMINT 0 PBURN 0 PSYNC 0 TC 0 LT 0 MG 0 VD 0 VDP 0 VWD 0 VLOCK 0 VUNLOCK 0 VCLOSE 0 VMAX 0 VLOCKUP 0 VDECR 0 V3SWAP 0 V2SWAP 0 NFC 0 NFB 0 NFS 0 NFPEN 0 NFT 0 TF 0
[SQ] 83053766: MC 0 MPC 0 TR 0 PMINT 0 PBURN 0 PSYNC 0 TC 0 LT 0 MG 0 VD 0 VDP 0 VWD 0 VLOCK 0 VUNLOCK 0 VCLOSE 0 VMAX 0 VLOCKUP 0 VDECR 0 V3SWAP 0 V2SWAP 0 NFC 0 NFB 0 NFS 0 NFPEN 0 NFT 0 TF 0
[SQ] 83053767: MC 0 MPC 0 TR 0 PMINT 0 PBURN 0 PSYNC 0 TC 0 LT 0 MG 0 VD 0 VDP 0 VWD 0 VLOCK 0 VUNLOCK 0 VCLOSE 0 VMAX 0 VLOCKUP 0 VDECR 0 V3SWAP 0 V2SWAP 0 NFC 0 NFB 0 NFS 0 NFPEN 0 NFT 0 TF 2
[SQ] 83053768: MC 0 MPC 0 TR 0 PMINT 0 PBURN 0 PSYNC 0 TC 0 LT 0 MG 0 VD 0 VDP 0 VWD 0 VLOCK 0 VUNLOCK 0 VCLOSE 0 VMAX 0 VLOCKUP 0 VDECR 0 V3SWAP 0 V2SWAP 0 NFC 0 NFB 0 NFS 0 NFPEN 0 NFT 0 TF 0
[SQ] 83053769: MC 0 MPC 0 TR 0 PMINT 0 PBURN 0 PSYNC 0 TC 0 LT 0 MG 0 VD 0 VDP 0 VWD 0 VLOCK 0 VUNLOCK 0 VCLOSE 0 VMAX 0 VLOCKUP 0 VDECR 0 V3SWAP 0 V2SWAP 0 NFC 0 NFB 0 NFS 0 NFPEN 0 NFT 0 TF 0
[SQ] 83053770: MC 0 MPC 0 TR 0 PMINT 0 PBURN 0 PSYNC 0 TC 0 LT 0 MG 0 VD 0 VDP 0 VWD 0 VLOCK 0 VUNLOCK 0 VCLOSE 0 VMAX 0 VLOCKUP 0 VDECR 0 V3SWAP 0 V2SWAP 0 NFC 0 NFB 0 NFS 0 NFPEN 0 NFT 0 TF 0
[SQ] 83053771: MC 0 MPC 0 TR 0 PMINT 0 PBURN 0 PSYNC 0 TC 0 LT 0 MG 0 VD 0 VDP 0 VWD 0 VLOCK 0 VUNLOCK 0 VCLOSE 0 VMAX 0 VLOCKUP 0 VDECR 0 V3SWAP 0 V2SWAP 0 NFC 0 NFB 0 NFS 0 NFPEN 0 NFT 0 TF 0
[SQ] 83053772: MC 0 MPC 0 TR 0 PMINT 0 PBURN 0 PSYNC 0 TC 0 LT 0 MG 0 VD 0 VDP 0 VWD 0 VLOCK 0 VUNLOCK 0 VCLOSE 0 VMAX 0 VLOCKUP 0 VDECR 0 V3SWAP 0 V2SWAP 0 NFC 0 NFB 0 NFS 0 NFPEN 0 NFT 0 TF 0
[SQ] 83053773: MC 0 MPC 0 TR 0 PMINT 0 PBURN 0 PSYNC 0 TC 0 LT 0 MG 0 VD 0 VDP 0 VWD 0 VLOCK 0 VUNLOCK 0 VCLOSE 0 VMAX 0 VLOCKUP 0 VDECR 0 V3SWAP 0 V2SWAP 0 NFC 0 NFB 0 NFS 0 NFPEN 0 NFT 0 TF 2
[SQ] 83053774: MC 0 MPC 0 TR 0 PMINT 0 PBURN 0 PSYNC 0 TC 0 LT 0 MG 0 VD 0 VDP 0 VWD 0 VLOCK 0 VUNLOCK 0 VCLOSE 0 VMAX 0 VLOCKUP 0 VDECR 0 V3SWAP 1 V2SWAP 0 NFC 0 NFB 0 NFS 0 NFPEN 0 NFT 0 TF 3
[SQ] 83053775: MC 0 MPC 0 TR 0 PMINT 0 PBURN 0 PSYNC 0 TC 0 LT 0 MG 0 VD 0 VDP 0 VWD 0 VLOCK 0 VUNLOCK 0 VCLOSE 0 VMAX 0 VLOCKUP 0 VDECR 0 V3SWAP 0 V2SWAP 0 NFC 0 NFB 0 NFS 0 NFPEN 0 NFT 0 TF 0
[SQ] 83053776: MC 0 MPC 0 TR 0 PMINT 0 PBURN 0 PSYNC 0 TC 0 LT 0 MG 0 VD 0 VDP 0 VWD 0 VLOCK 0 VUNLOCK 0 VCLOSE 0 VMAX 0 VLOCKUP 0 VDECR 0 V3SWAP 0 V2SWAP 0 NFC 0 NFB 0 NFS 0 NFPEN 0 NFT 0 TF 0
[SQ] 83053777: MC 0 MPC 0 TR 0 PMINT 0 PBURN 0 PSYNC 0 TC 0 LT 0 MG 0 VD 0 VDP 0 VWD 0 VLOCK 0 VUNLOCK 0 VCLOSE 0 VMAX 0 VLOCKUP 0 VDECR 0 V3SWAP 0 V2SWAP 0 NFC 0 NFB 0 NFS 0 NFPEN 0 NFT 0 TF 1
[SQ] 83053778: MC 0 MPC 0 TR 0 PMINT 0 PBURN 0 PSYNC 0 TC 0 LT 0 MG 0 VD 0 VDP 0 VWD 0 VLOCK 0 VUNLOCK 0 VCLOSE 0 VMAX 0 VLOCKUP 0 VDECR 0 V3SWAP 0 V2SWAP 0 NFC 0 NFB 0 NFS 0 NFPEN 0 NFT 0 TF 8
[SQ] 83053779: MC 0 MPC 0 TR 0 PMINT 0 PBURN 0 PSYNC 0 TC 0 LT 0 MG 0 VD 0 VDP 0 VWD 0 VLOCK 0 VUNLOCK 0 VCLOSE 0 VMAX 0 VLOCKUP 0 VDECR 0 V3SWAP 0 V2SWAP 0 NFC 0 NFB 0 NFS 0 NFPEN 0 NFT 0 TF 0
[SQ] 83053780: MC 0 MPC 0 TR 0 PMINT 0 PBURN 0 PSYNC 0 TC 0 LT 0 MG 0 VD 0 VDP 0 VWD 0 VLOCK 0 VUNLOCK 0 VCLOSE 0 VMAX 0 VLOCKUP 0 VDECR 0 V3SWAP 0 V2SWAP 0 NFC 0 NFB 0 NFS 0 NFPEN 0 NFT 0 TF 0
[SQ] 83053781: MC 0 MPC 0 TR 0 PMINT 0 PBURN 0 PSYNC 0 TC 0 LT 0 MG 0 VD 0 VDP 0 VWD 0 VLOCK 0 VUNLOCK 0 VCLOSE 0 VMAX 0 VLOCKUP 0 VDECR 0 V3SWAP 0 V2SWAP 0 NFC 0 NFB 0 NFS 0 NFPEN 0 NFT 0 TF 2
[SQ] 83053782: MC 0 MPC 0 TR 0 PMINT 0 PBURN 0 PSYNC 0 TC 0 LT 0 MG 0 VD 0 VDP 0 VWD 0 VLOCK 0 VUNLOCK 0 VCLOSE 0 VMAX 0 VLOCKUP 0 VDECR 0 V3SWAP 0 V2SWAP 0 NFC 0 NFB 0 NFS 0 NFPEN 0 NFT 0 TF 0
[SQ] 83053783: MC 0 MPC 0 TR 0 PMINT 0 PBURN 0 PSYNC 0 TC 0 LT 0 MG 0 VD 0 VDP 0 VWD 0 VLOCK 0 VUNLOCK 0 VCLOSE 0 VMAX 0 VLOCKUP 0 VDECR 0 V3SWAP 0 V2SWAP 0 NFC 0 NFB 0 NFS 0 NFPEN 0 NFT 0 TF 9
[SQ] 83053784: MC 0 MPC 0 TR 0 PMINT 0 PBURN 0 PSYNC 0 TC 0 LT 0 MG 0 VD 0 VDP 0 VWD 0 VLOCK 0 VUNLOCK 0 VCLOSE 0 VMAX 0 VLOCKUP 0 VDECR 0 V3SWAP 0 V2SWAP 0 NFC 0 NFB 0 NFS 0 NFPEN 0 NFT 0 TF 0
[SQ] 83053785: MC 0 MPC 0 TR 0 PMINT 0 PBURN 0 PSYNC 0 TC 0 LT 0 MG 0 VD 0 VDP 0 VWD 0 VLOCK 0 VUNLOCK 0 VCLOSE 0 VMAX 0 VLOCKUP 0 VDECR 0 V3SWAP 0 V2SWAP 0 NFC 0 NFB 0 NFS 0 NFPEN 0 NFT 0 TF 0
[SQ] 83053786: MC 0 MPC 0 TR 0 PMINT 0 PBURN 0 PSYNC 0 TC 0 LT 0 MG 0 VD 0 VDP 0 VWD 0 VLOCK 0 VUNLOCK 0 VCLOSE 0 VMAX 0 VLOCKUP 0 VDECR 0 V3SWAP 0 V2SWAP 0 NFC 0 NFB 0 NFS 0 NFPEN 0 NFT 0 TF 6
[SQ] 83053787: MC 0 MPC 0 TR 0 PMINT 0 PBURN 0 PSYNC 0 TC 0 LT 0 MG 0 VD 0 VDP 0 VWD 0 VLOCK 0 VUNLOCK 0 VCLOSE 0 VMAX 0 VLOCKUP 0 VDECR 0 V3SWAP 0 V2SWAP 0 NFC 0 NFB 0 NFS 0 NFPEN 0 NFT 0 TF 0
[SQ] 83053788: MC 0 MPC 0 TR 0 PMINT 0 PBURN 0 PSYNC 0 TC 0 LT 0 MG 0 VD 0 VDP 0 VWD 0 VLOCK 0 VUNLOCK 0 VCLOSE 0 VMAX 0 VLOCKUP 0 VDECR 0 V3SWAP 0 V2SWAP 0 NFC 0 NFB 0 NFS 0 NFPEN 0 NFT 0 TF 2
[SQ] 83053789: MC 0 MPC 0 TR 0 PMINT 0 PBURN 0 PSYNC 0 TC 0 LT 0 MG 0 VD 0 VDP 0 VWD 0 VLOCK 0 VUNLOCK 0 VCLOSE 0 VMAX 0 VLOCKUP 0 VDECR 0 V3SWAP 0 V2SWAP 0 NFC 0 NFB 0 NFS 0 NFPEN 0 NFT 0 TF 0
[SQ] 83053790: MC 0 MPC 0 TR 0 PMINT 0 PBURN 0 PSYNC 0 TC 0 LT 0 MG 0 VD 0 VDP 0 VWD 0 VLOCK 0 VUNLOCK 0 VCLOSE 0 VMAX 0 VLOCKUP 0 VDECR 0 V3SWAP 0 V2SWAP 0 NFC 0 NFB 0 NFS 0 NFPEN 0 NFT 0 TF 0
[SQ] 83053791: MC 0 MPC 0 TR 0 PMINT 0 PBURN 0 PSYNC 0 TC 0 LT 0 MG 0 VD 0 VDP 0 VWD 0 VLOCK 0 VUNLOCK 0 VCLOSE 0 VMAX 0 VLOCKUP 0 VDECR 0 V3SWAP 0 V2SWAP 0 NFC 0 NFB 0 NFS 0 NFPEN 0 NFT 0 TF 0
[SQ] 83053792: MC 0 MPC 0 TR 0 PMINT 0 PBURN 0 PSYNC 0 TC 0 LT 0 MG 0 VD 0 VDP 0 VWD 0 VLOCK 0 VUNLOCK 0 VCLOSE 0 VMAX 0 VLOCKUP 0 VDECR 0 V3SWAP 0 V2SWAP 0 NFC 0 NFB 0 NFS 0 NFPEN 0 NFT 0 TF 0
[SQ] 83053793: MC 0 MPC 0 TR 0 PMINT 0 PBURN 0 PSYNC 0 TC 0 LT 0 MG 0 VD 0 VDP 0 VWD 0 VLOCK 0 VUNLOCK 0 VCLOSE 0 VMAX 0 VLOCKUP 0 VDECR 0 V3SWAP 0 V2SWAP 0 NFC 0 NFB 0 NFS 0 NFPEN 0 NFT 0 TF 0
[SQ] 83053794: MC 0 MPC 0 TR 0 PMINT 0 PBURN 0 PSYNC 0 TC 0 LT 0 MG 0 VD 0 VDP 0 VWD 0 VLOCK 0 VUNLOCK 0 VCLOSE 0 VMAX 0 VLOCKUP 0 VDECR 0 V3SWAP 0 V2SWAP 0 NFC 0 NFB 0 NFS 0 NFPEN 0 NFT 0 TF 2
[SQ] 83053795: MC 0 MPC 0 TR 0 PMINT 0 PBURN 0 PSYNC 0 TC 0 LT 0 MG 0 VD 0 VDP 0 VWD 0 VLOCK 0 VUNLOCK 0 VCLOSE 0 VMAX 0 VLOCKUP 0 VDECR 0 V3SWAP 0 V2SWAP 0 NFC 0 NFB 0 NFS 0 NFPEN 0 NFT 0 TF 0
[SQ] 83053796: MC 0 MPC 0 TR 0 PMINT 0 PBURN 0 PSYNC 0 TC 0 LT 0 MG 0 VD 0 VDP 0 VWD 0 VLOCK 0 VUNLOCK 0 VCLOSE 0 VMAX 0 VLOCKUP 0 VDECR 0 V3SWAP 1 V2SWAP 0 NFC 0 NFB 0 NFS 0 NFPEN 0 NFT 0 TF 3
[SQ] 83053797: MC 0 MPC 0 TR 0 PMINT 0 PBURN 0 PSYNC 0 TC 0 LT 0 MG 0 VD 0 VDP 0 VWD 0 VLOCK 0 VUNLOCK 0 VCLOSE 0 VMAX 0 VLOCKUP 0 VDECR 0 V3SWAP 0 V2SWAP 0 NFC 0 NFB 0 NFS 0 NFPEN 0 NFT 0 TF 0
[SQ] 83053798: MC 0 MPC 0 TR 0 PMINT 0 PBURN 0 PSYNC 0 TC 0 LT 0 MG 0 VD 0 VDP 0 VWD 0 VLOCK 0 VUNLOCK 0 VCLOSE 0 VMAX 0 VLOCKUP 0 VDECR 0 V3SWAP 0 V2SWAP 0 NFC 0 NFB 0 NFS 0 NFPEN 0 NFT 0 TF 0
[SQ] 83053799: MC 0 MPC 0 TR 0 PMINT 0 PBURN 0 PSYNC 0 TC 0 LT 0 MG 0 VD 0 VDP 0 VWD 0 VLOCK 0 VUNLOCK 0 VCLOSE 0 VMAX 0 VLOCKUP 0 VDECR 0 V3SWAP 0 V2SWAP 0 NFC 0 NFB 0 NFS 0 NFPEN 0 NFT 0 TF 0
[SQ] 83053800: MC 0 MPC 0 TR 0 PMINT 0 PBURN 0 PSYNC 0 TC 0 LT 0 MG 0 VD 0 VDP 0 VWD 0 VLOCK 0 VUNLOCK 0 VCLOSE 0 VMAX 0 VLOCKUP 0 VDECR 0 V3SWAP 0 V2SWAP 0 NFC 0 NFB 0 NFS 0 NFPEN 0 NFT 0 TF 1
[SQ] 83053801: MC 0 MPC 0 TR 0 PMINT 0 PBURN 0 PSYNC 0 TC 0 LT 0 MG 0 VD 0 VDP 0 VWD 0 VLOCK 0 VUNLOCK 0 VCLOSE 0 VMAX 0 VLOCKUP 0 VDECR 0 V3SWAP 0 V2SWAP 0 NFC 0 NFB 0 NFS 0 NFPEN 0 NFT 0 TF 0
[SQ] 83053802: MC 0 MPC 0 TR 0 PMINT 0 PBURN 0 PSYNC 0 TC 0 LT 0 MG 0 VD 0 VDP 0 VWD 0 VLOCK 0 VUNLOCK 0 VCLOSE 0 VMAX 0 VLOCKUP 0 VDECR 0 V3SWAP 0 V2SWAP 0 NFC 0 NFB 0 NFS 0 NFPEN 0 NFT 0 TF 0
[SQ] 83053803: MC 0 MPC 0 TR 0 PMINT 0 PBURN 0 PSYNC 0 TC 0 LT 0 MG 0 VD 0 VDP 0 VWD 0 VLOCK 0 VUNLOCK 0 VCLOSE 0 VMAX 0 VLOCKUP 0 VDECR 0 V3SWAP 0 V2SWAP 0 NFC 0 NFB 0 NFS 0 NFPEN 0 NFT 0 TF 0
[SQ] 83053804: MC 0 MPC 0 TR 0 PMINT 0 PBURN 0 PSYNC 0 TC 0 LT 0 MG 0 VD 0 VDP 0 VWD 0 VLOCK 0 VUNLOCK 0 VCLOSE 0 VMAX 0 VLOCKUP 0 VDECR 0 V3SWAP 0 V2SWAP 0 NFC 0 NFB 0 NFS 0 NFPEN 0 NFT 0 TF 0
[SQ] 83053805: MC 0 MPC 0 TR 0 PMINT 0 PBURN 0 PSYNC 0 TC 0 LT 0 MG 0 VD 0 VDP 0 VWD 0 VLOCK 0 VUNLOCK 0 VCLOSE 0 VMAX 0 VLOCKUP 0 VDECR 0 V3SWAP 0 V2SWAP 0 NFC 0 NFB 0 NFS 0 NFPEN 0 NFT 0 TF 0
[SQ] 83053806: MC 0 MPC 0 TR 0 PMINT 0 PBURN 0 PSYNC 0 TC 0 LT 0 MG 0 VD 0 VDP 0 VWD 0 VLOCK 0 VUNLOCK 0 VCLOSE 0 VMAX 0 VLOCKUP 0 VDECR 0 V3SWAP 0 V2SWAP 0 NFC 0 NFB 0 NFS 0 NFPEN 0 NFT 0 TF 0
[SQ] 83053807: MC 0 MPC 0 TR 0 PMINT 0 PBURN 0 PSYNC 0 TC 0 LT 0 MG 0 VD 0 VDP 0 VWD 0 VLOCK 0 VUNLOCK 0 VCLOSE 0 VMAX 0 VLOCKUP 0 VDECR 0 V3SWAP 0 V2SWAP 0 NFC 0 NFB 0 NFS 0 NFPEN 0 NFT 0 TF 0
[SQ] 83053808: MC 0 MPC 0 TR 0 PMINT 0 PBURN 0 PSYNC 0 TC 0 LT 0 MG 0 VD 0 VDP 0 VWD 0 VLOCK 0 VUNLOCK 0 VCLOSE 0 VMAX 0 VLOCKUP 0 VDECR 0 V3SWAP 0 V2SWAP 0 NFC 0 NFB 0 NFS 0 NFPEN 0 NFT 0 TF 0
[SQ] 83053809: MC 0 MPC 0 TR 0 PMINT 0 PBURN 0 PSYNC 0 TC 0 LT 0 MG 0 VD 0 VDP 0 VWD 0 VLOCK 0 VUNLOCK 0 VCLOSE 0 VMAX 0 VLOCKUP 0 VDECR 0 V3SWAP 0 V2SWAP 0 NFC 0 NFB 0 NFS 0 NFPEN 0 NFT 0 TF 0
[SQ] 83053810: MC 0 MPC 0 TR 0 PMINT 0 PBURN 0 PSYNC 0 TC 0 LT 0 MG 0 VD 0 VDP 0 VWD 0 VLOCK 0 VUNLOCK 0 VCLOSE 0 VMAX 0 VLOCKUP 0 VDECR 0 V3SWAP 1 V2SWAP 0 NFC 0 NFB 0 NFS 0 NFPEN 0 NFT 0 TF 3
[SQ] 83053811: MC 0 MPC 0 TR 0 PMINT 0 PBURN 0 PSYNC 0 TC 0 LT 0 MG 0 VD 0 VDP 0 VWD 0 VLOCK 0 VUNLOCK 0 VCLOSE 0 VMAX 0 VLOCKUP 0 VDECR 0 V3SWAP 0 V2SWAP 0 NFC 0 NFB 0 NFS 0 NFPEN 0 NFT 0 TF 2
[SQ] 83053812: MC 0 MPC 0 TR 0 PMINT 0 PBURN 0 PSYNC 0 TC 0 LT 0 MG 0 VD 0 VDP 0 VWD 0 VLOCK 0 VUNLOCK 0 VCLOSE 0 VMAX 0 VLOCKUP 0 VDECR 0 V3SWAP 0 V2SWAP 0 NFC 0 NFB 0 NFS 0 NFPEN 0 NFT 0 TF 0
[SQ] 83053813: MC 0 MPC 0 TR 0 PMINT 0 PBURN 0 PSYNC 0 TC 0 LT 0 MG 0 VD 0 VDP 0 VWD 0 VLOCK 0 VUNLOCK 0 VCLOSE 0 VMAX 0 VLOCKUP 0 VDECR 0 V3SWAP 0 V2SWAP 0 NFC 0 NFB 0 NFS 0 NFPEN 0 NFT 0 TF 0
[SQ] 83053814: MC 0 MPC 0 TR 0 PMINT 0 PBURN 0 PSYNC 0 TC 0 LT 0 MG 0 VD 0 VDP 0 VWD 0 VLOCK 0 VUNLOCK 0 VCLOSE 0 VMAX 0 VLOCKUP 0 VDECR 0 V3SWAP 0 V2SWAP 0 NFC 0 NFB 0 NFS 0 NFPEN 0 NFT 0 TF 0
[SQ] 83053815: MC 0 MPC 0 TR 0 PMINT 0 PBURN 0 PSYNC 0 TC 0 LT 0 MG 0 VD 0 VDP 0 VWD 0 VLOCK 0 VUNLOCK 0 VCLOSE 0 VMAX 0 VLOCKUP 0 VDECR 0 V3SWAP 0 V2SWAP 0 NFC 0 NFB 0 NFS 0 NFPEN 0 NFT 0 TF 0
[SQ] 83053816: MC 0 MPC 0 TR 0 PMINT 0 PBURN 0 PSYNC 0 TC 0 LT 0 MG 0 VD 0 VDP 0 VWD 0 VLOCK 0 VUNLOCK 0 VCLOSE 0 VMAX 0 VLOCKUP 0 VDECR 0 V3SWAP 0 V2SWAP 0 NFC 0 NFB 0 NFS 0 NFPEN 0 NFT 0 TF 0
[SQ] 83053817: MC 0 MPC 0 TR 0 PMINT 0 PBURN 0 PSYNC 0 TC 0 LT 0 MG 0 VD 0 VDP 0 VWD 0 VLOCK 0 VUNLOCK 0 VCLOSE 0 VMAX 0 VLOCKUP 0 VDECR 0 V3SWAP 0 V2SWAP 0 NFC 0 NFB 0 NFS 0 NFPEN 0 NFT 0 TF 0
[SQ] 83053818: MC 0 MPC 0 TR 0 PMINT 0 PBURN 0 PSYNC 0 TC 0 LT 0 MG 0 VD 0 VDP 0 VWD 0 VLOCK 0 VUNLOCK 0 VCLOSE 0 VMAX 0 VLOCKUP 0 VDECR 0 V3SWAP 0 V2SWAP 0 NFC 0 NFB 0 NFS 0 NFPEN 0 NFT 0 TF 2
[SQ] 83053819: MC 0 MPC 0 TR 0 PMINT 0 PBURN 0 PSYNC 0 TC 0 LT 0 MG 0 VD 0 VDP 0 VWD 0 VLOCK 0 VUNLOCK 0 VCLOSE 0 VMAX 0 VLOCKUP 0 VDECR 0 V3SWAP 0 V2SWAP 0 NFC 0 NFB 0 NFS 0 NFPEN 0 NFT 0 TF 0
[SQ] 83053820: MC 0 MPC 0 TR 0 PMINT 0 PBURN 0 PSYNC 0 TC 0 LT 0 MG 0 VD 0 VDP 0 VWD 0 VLOCK 0 VUNLOCK 0 VCLOSE 0 VMAX 0 VLOCKUP 0 VDECR 0 V3SWAP 0 V2SWAP 0 NFC 0 NFB 0 NFS 0 NFPEN 0 NFT 0 TF 0
[SQ] 83053821: MC 0 MPC 0 TR 0 PMINT 0 PBURN 0 PSYNC 0 TC 0 LT 0 MG 0 VD 0 VDP 0 VWD 0 VLOCK 0 VUNLOCK 0 VCLOSE 0 VMAX 0 VLOCKUP 0 VDECR 0 V3SWAP 0 V2SWAP 0 NFC 0 NFB 0 NFS 0 NFPEN 0 NFT 0 TF 0
[SQ] 83053822: MC 0 MPC 0 TR 0 PMINT 0 PBURN 0 PSYNC 0 TC 0 LT 0 MG 0 VD 0 VDP 0 VWD 0 VLOCK 0 VUNLOCK 0 VCLOSE 0 VMAX 0 VLOCKUP 0 VDECR 0 V3SWAP 0 V2SWAP 0 NFC 0 NFB 0 NFS 0 NFPEN 0 NFT 0 TF 0
[SQ] 83053823: MC 0 MPC 0 TR 0 PMINT 0 PBURN 0 PSYNC 0 TC 0 LT 0 MG 0 VD 0 VDP 0 VWD 0 VLOCK 0 VUNLOCK 0 VCLOSE 0 VMAX 0 VLOCKUP 0 VDECR 0 V3SWAP 0 V2SWAP 0 NFC 0 NFB 0 NFS 0 NFPEN 0 NFT 0 TF 0
[SQ] 83053824: MC 0 MPC 0 TR 0 PMINT 0 PBURN 0 PSYNC 0 TC 0 LT 0 MG 0 VD 0 VDP 0 VWD 0 VLOCK 0 VUNLOCK 0 VCLOSE 0 VMAX 0 VLOCKUP 0 VDECR 0 V3SWAP 0 V2SWAP 0 NFC 0 NFB 0 NFS 0 NFPEN 0 NFT 0 TF 0
[SQ] 83053825: MC 0 MPC 0 TR 0 PMINT 0 PBURN 0 PSYNC 0 TC 0 LT 0 MG 0 VD 0 VDP 0 VWD 0 VLOCK 0 VUNLOCK 0 VCLOSE 0 VMAX 0 VLOCKUP 0 VDECR 0 V3SWAP 0 V2SWAP 0 NFC 0 NFB 0 NFS 0 NFPEN 0 NFT 0 TF 2
[SQ] 83053826: MC 0 MPC 0 TR 0 PMINT 0 PBURN 0 PSYNC 0 TC 0 LT 0 MG 0 VD 0 VDP 0 VWD 0 VLOCK 0 VUNLOCK 0 VCLOSE 0 VMAX 0 VLOCKUP 0 VDECR 0 V3SWAP 0 V2SWAP 0 NFC 0 NFB 0 NFS 0 NFPEN 0 NFT 0 TF 2
[SQ] 83053827: MC 0 MPC 0 TR 0 PMINT 0 PBURN 0 PSYNC 0 TC 0 LT 0 MG 0 VD 0 VDP 0 VWD 0 VLOCK 0 VUNLOCK 0 VCLOSE 0 VMAX 0 VLOCKUP 0 VDECR 0 V3SWAP 0 V2SWAP 0 NFC 0 NFB 0 NFS 0 NFPEN 0 NFT 0 TF 0
[SQ] 83053828: MC 0 MPC 0 TR 0 PMINT 0 PBURN 0 PSYNC 0 TC 0 LT 0 MG 0 VD 0 VDP 0 VWD 0 VLOCK 0 VUNLOCK 0 VCLOSE 0 VMAX 0 VLOCKUP 0 VDECR 0 V3SWAP 0 V2SWAP 0 NFC 0 NFB 0 NFS 0 NFPEN 0 NFT 0 TF 2
[SQ] 83053829: MC 0 MPC 0 TR 0 PMINT 0 PBURN 0 PSYNC 0 TC 0 LT 0 MG 0 VD 0 VDP 0 VWD 0 VLOCK 0 VUNLOCK 0 VCLOSE 0 VMAX 0 VLOCKUP 0 VDECR 0 V3SWAP 0 V2SWAP 0 NFC 0 NFB 0 NFS 0 NFPEN 0 NFT 0 TF 2
[SQ] 83053830: MC 0 MPC 0 TR 0 PMINT 0 PBURN 0 PSYNC 0 TC 0 LT 0 MG 0 VD 0 VDP 0 VWD 0 VLOCK 0 VUNLOCK 0 VCLOSE 0 VMAX 0 VLOCKUP 0 VDECR 0 V3SWAP 0 V2SWAP 0 NFC 0 NFB 0 NFS 0 NFPEN 0 NFT 0 TF 0
[SQ] 83053831: MC 0 MPC 0 TR 0 PMINT 0 PBURN 0 PSYNC 0 TC 0 LT 0 MG 0 VD 0 VDP 0 VWD 0 VLOCK 0 VUNLOCK 0 VCLOSE 0 VMAX 0 VLOCKUP 0 VDECR 0 V3SWAP 0 V2SWAP 0 NFC 0 NFB 0 NFS 0 NFPEN 0 NFT 0 TF 0
[SQ] 83053832: MC 0 MPC 0 TR 0 PMINT 0 PBURN 0 PSYNC 0 TC 0 LT 0 MG 0 VD 0 VDP 0 VWD 0 VLOCK 0 VUNLOCK 0 VCLOSE 0 VMAX 0 VLOCKUP 0 VDECR 0 V3SWAP 1 V2SWAP 0 NFC 0 NFB 0 NFS 0 NFPEN 0 NFT 0 TF 3
[SQ] 83053833: MC 0 MPC 0 TR 0 PMINT 0 PBURN 0 PSYNC 0 TC 0 LT 0 MG 0 VD 0 VDP 0 VWD 0 VLOCK 0 VUNLOCK 0 VCLOSE 0 VMAX 0 VLOCKUP 0 VDECR 0 V3SWAP 0 V2SWAP 0 NFC 0 NFB 0 NFS 0 NFPEN 0 NFT 0 TF 0
[SQ] 83053834: MC 0 MPC 0 TR 0 PMINT 0 PBURN 0 PSYNC 0 TC 0 LT 0 MG 0 VD 0 VDP 0 VWD 0 VLOCK 0 VUNLOCK 0 VCLOSE 0 VMAX 0 VLOCKUP 0 VDECR 0 V3SWAP 0 V2SWAP 0 NFC 0 NFB 0 NFS 0 NFPEN 0 NFT 0 TF 2
[SQ] 83053835: MC 0 MPC 0 TR 0 PMINT 0 PBURN 0 PSYNC 0 TC 0 LT 0 MG 0 VD 0 VDP 0 VWD 0 VLOCK 0 VUNLOCK 0 VCLOSE 0 VMAX 0 VLOCKUP 0 VDECR 0 V3SWAP 0 V2SWAP 0 NFC 0 NFB 0 NFS 0 NFPEN 0 NFT 0 TF 0
[SQ] 83053836: MC 0 MPC 0 TR 0 PMINT 0 PBURN 0 PSYNC 0 TC 0 LT 0 MG 0 VD 0 VDP 0 VWD 0 VLOCK 0 VUNLOCK 0 VCLOSE 0 VMAX 0 VLOCKUP 0 VDECR 0 V3SWAP 0 V2SWAP 0 NFC 0 NFB 0 NFS 0 NFPEN 0 NFT 0 TF 0
[SQ] 83053837: MC 0 MPC 0 TR 0 PMINT 0 PBURN 0 PSYNC 0 TC 0 LT 0 MG 0 VD 0 VDP 0 VWD 0 VLOCK 0 VUNLOCK 0 VCLOSE 0 VMAX 0 VLOCKUP 0 VDECR 0 V3SWAP 0 V2SWAP 0 NFC 0 NFB 0 NFS 0 NFPEN 0 NFT 0 TF 0
[SQ] 83053838: MC 0 MPC 0 TR 0 PMINT 0 PBURN 0 PSYNC 0 TC 0 LT 0 MG 0 VD 0 VDP 0 VWD 0 VLOCK 0 VUNLOCK 0 VCLOSE 0 VMAX 0 VLOCKUP 0 VDECR 0 V3SWAP 0 V2SWAP 0 NFC 0 NFB 0 NFS 0 NFPEN 0 NFT 0 TF 2
[SQ] 83053839: MC 0 MPC 0 TR 0 PMINT 0 PBURN 0 PSYNC 0 TC 0 LT 0 MG 0 VD 0 VDP 0 VWD 0 VLOCK 0 VUNLOCK 0 VCLOSE 0 VMAX 0 VLOCKUP 0 VDECR 0 V3SWAP 0 V2SWAP 0 NFC 0 NFB 0 NFS 0 NFPEN 0 NFT 0 TF 2
[SQ] 83053840: MC 0 MPC 0 TR 0 PMINT 0 PBURN 0 PSYNC 0 TC 0 LT 0 MG 0 VD 0 VDP 0 VWD 0 VLOCK 0 VUNLOCK 0 VCLOSE 0 VMAX 0 VLOCKUP 0 VDECR 0 V3SWAP 0 V2SWAP 0 NFC 0 NFB 0 NFS 0 NFPEN 0 NFT 0 TF 0
[SQ] 83053841: MC 0 MPC 0 TR 0 PMINT 0 PBURN 0 PSYNC 0 TC 0 LT 0 MG 0 VD 0 VDP 0 VWD 0 VLOCK 0 VUNLOCK 0 VCLOSE 0 VMAX 0 VLOCKUP 0 VDECR 0 V3SWAP 0 V2SWAP 0 NFC 0 NFB 0 NFS 0 NFPEN 0 NFT 0 TF 2
[SQ] 83053842: MC 0 MPC 0 TR 0 PMINT 0 PBURN 0 PSYNC 0 TC 0 LT 0 MG 0 VD 0 VDP 0 VWD 0 VLOCK 0 VUNLOCK 0 VCLOSE 0 VMAX 0 VLOCKUP 0 VDECR 0 V3SWAP 0 V2SWAP 0 NFC 0 NFB 0 NFS 0 NFPEN 0 NFT 0 TF 2
[SQ] 83053843: MC 0 MPC 0 TR 0 PMINT 0 PBURN 0 PSYNC 0 TC 0 LT 0 MG 0 VD 0 VDP 0 VWD 0 VLOCK 0 VUNLOCK 0 VCLOSE 0 VMAX 0 VLOCKUP 0 VDECR 0 V3SWAP 0 V2SWAP 0 NFC 0 NFB 0 NFS 0 NFPEN 0 NFT 0 TF 2
[SQ] 83053844: MC 0 MPC 0 TR 0 PMINT 0 PBURN 0 PSYNC 0 TC 0 LT 0 MG 0 VD 0 VDP 0 VWD 0 VLOCK 0 VUNLOCK 0 VCLOSE 0 VMAX 0 VLOCKUP 0 VDECR 0 V3SWAP 0 V2SWAP 0 NFC 0 NFB 0 NFS 0 NFPEN 0 NFT 0 TF 0
[SQ] 83053845: MC 0 MPC 0 TR 0 PMINT 0 PBURN 0 PSYNC 0 TC 0 LT 0 MG 0 VD 0 VDP 0 VWD 0 VLOCK 0 VUNLOCK 0 VCLOSE 0 VMAX 0 VLOCKUP 0 VDECR 0 V3SWAP 0 V2SWAP 0 NFC 0 NFB 0 NFS 0 NFPEN 0 NFT 0 TF 6
[SQ] 83053846: MC 0 MPC 0 TR 0 PMINT 0 PBURN 0 PSYNC 0 TC 0 LT 0 MG 0 VD 0 VDP 0 VWD 0 VLOCK 0 VUNLOCK 0 VCLOSE 0 VMAX 0 VLOCKUP 0 VDECR 0 V3SWAP 1 V2SWAP 0 NFC 0 NFB 0 NFS 0 NFPEN 0 NFT 0 TF 12
[SQ] 83053847: MC 0 MPC 0 TR 0 PMINT 0 PBURN 0 PSYNC 0 TC 0 LT 0 MG 0 VD 0 VDP 0 VWD 0 VLOCK 0 VUNLOCK 0 VCLOSE 0 VMAX 0 VLOCKUP 0 VDECR 0 V3SWAP 0 V2SWAP 0 NFC 0 NFB 0 NFS 0 NFPEN 0 NFT 0 TF 2
[SQ] 83053848: MC 0 MPC 0 TR 0 PMINT 0 PBURN 0 PSYNC 0 TC 0 LT 0 MG 0 VD 0 VDP 0 VWD 0 VLOCK 0 VUNLOCK 0 VCLOSE 0 VMAX 0 VLOCKUP 0 VDECR 0 V3SWAP 0 V2SWAP 0 NFC 0 NFB 0 NFS 0 NFPEN 0 NFT 0 TF 6
[SQ] 83053849: MC 0 MPC 0 TR 0 PMINT 0 PBURN 0 PSYNC 0 TC 0 LT 0 MG 0 VD 0 VDP 0 VWD 0 VLOCK 0 VUNLOCK 0 VCLOSE 0 VMAX 0 VLOCKUP 0 VDECR 0 V3SWAP 0 V2SWAP 0 NFC 0 NFB 0 NFS 0 NFPEN 0 NFT 0 TF 1
[SQ] 83053850: MC 0 MPC 0 TR 0 PMINT 0 PBURN 0 PSYNC 0 TC 0 LT 0 MG 0 VD 0 VDP 0 VWD 0 VLOCK 0 VUNLOCK 0 VCLOSE 0 VMAX 0 VLOCKUP 0 VDECR 0 V3SWAP 0 V2SWAP 0 NFC 0 NFB 0 NFS 0 NFPEN 0 NFT 0 TF 0
[SQ] 83053851: MC 0 MPC 0 TR 0 PMINT 0 PBURN 0 PSYNC 0 TC 0 LT 0 MG 0 VD 0 VDP 0 VWD 0 VLOCK 0 VUNLOCK 0 VCLOSE 0 VMAX 0 VLOCKUP 0 VDECR 0 V3SWAP 0 V2SWAP 0 NFC 0 NFB 0 NFS 0 NFPEN 0 NFT 0 TF 0
[SQ] 83053852: MC 0 MPC 0 TR 0 PMINT 0 PBURN 0 PSYNC 0 TC 0 LT 0 MG 0 VD 0 VDP 0 VWD 0 VLOCK 0 VUNLOCK 0 VCLOSE 0 VMAX 0 VLOCKUP 0 VDECR 0 V3SWAP 0 V2SWAP 0 NFC 0 NFB 0 NFS 0 NFPEN 0 NFT 0 TF 0
[SQ] 83053853: MC 0 MPC 0 TR 0 PMINT 0 PBURN 0 PSYNC 0 TC 0 LT 0 MG 0 VD 0 VDP 0 VWD 0 VLOCK 0 VUNLOCK 0 VCLOSE 0 VMAX 0 VLOCKUP 0 VDECR 0 V3SWAP 0 V2SWAP 0 NFC 0 NFB 0 NFS 0 NFPEN 0 NFT 0 TF 0
[SQ] 83053854: MC 0 MPC 0 TR 0 PMINT 0 PBURN 0 PSYNC 0 TC 0 LT 0 MG 0 VD 0 VDP 0 VWD 0 VLOCK 0 VUNLOCK 0 VCLOSE 0 VMAX 0 VLOCKUP 0 VDECR 0 V3SWAP 0 V2SWAP 0 NFC 0 NFB 0 NFS 0 NFPEN 0 NFT 0 TF 0
[SQ] 83053855: MC 0 MPC 0 TR 0 PMINT 0 PBURN 0 PSYNC 0 TC 0 LT 0 MG 0 VD 0 VDP 0 VWD 0 VLOCK 0 VUNLOCK 0 VCLOSE 0 VMAX 0 VLOCKUP 0 VDECR 0 V3SWAP 0 V2SWAP 0 NFC 0 NFB 0 NFS 0 NFPEN 0 NFT 0 TF 0
[SQ] 83053856: MC 0 MPC 0 TR 0 PMINT 0 PBURN 0 PSYNC 0 TC 0 LT 0 MG 0 VD 0 VDP 0 VWD 0 VLOCK 0 VUNLOCK 0 VCLOSE 0 VMAX 0 VLOCKUP 0 VDECR 0 V3SWAP 0 V2SWAP 0 NFC 0 NFB 0 NFS 0 NFPEN 0 NFT 0 TF 6
[SQ] 83053857: MC 0 MPC 0 TR 0 PMINT 0 PBURN 0 PSYNC 0 TC 0 LT 0 MG 0 VD 0 VDP 0 VWD 0 VLOCK 0 VUNLOCK 0 VCLOSE 0 VMAX 0 VLOCKUP 0 VDECR 0 V3SWAP 0 V2SWAP 0 NFC 0 NFB 0 NFS 0 NFPEN 0 NFT 0 TF 0
[SQ] 83053858: MC 0 MPC 0 TR 0 PMINT 0 PBURN 0 PSYNC 0 TC 0 LT 0 MG 0 VD 0 VDP 0 VWD 0 VLOCK 0 VUNLOCK 0 VCLOSE 0 VMAX 0 VLOCKUP 0 VDECR 0 V3SWAP 0 V2SWAP 0 NFC 0 NFB 0 NFS 0 NFPEN 0 NFT 0 TF 6
[SQ] 83053859: MC 0 MPC 0 TR 0 PMINT 0 PBURN 0 PSYNC 0 TC 0 LT 0 MG 0 VD 0 VDP 0 VWD 0 VLOCK 0 VUNLOCK 0 VCLOSE 0 VMAX 0 VLOCKUP 0 VDECR 0 V3SWAP 0 V2SWAP 0 NFC 0 NFB 0 NFS 0 NFPEN 0 NFT 0 TF 0
[SQ] 83053860: MC 0 MPC 0 TR 0 PMINT 0 PBURN 0 PSYNC 0 TC 0 LT 0 MG 0 VD 0 VDP 0 VWD 0 VLOCK 0 VUNLOCK 0 VCLOSE 0 VMAX 0 VLOCKUP 0 VDECR 0 V3SWAP 0 V2SWAP 0 NFC 0 NFB 0 NFS 0 NFPEN 0 NFT 0 TF 0
[SQ] 83053861: MC 0 MPC 0 TR 0 PMINT 0 PBURN 0 PSYNC 0 TC 0 LT 0 MG 0 VD 0 VDP 0 VWD 0 VLOCK 0 VUNLOCK 0 VCLOSE 0 VMAX 0 VLOCKUP 0 VDECR 0 V3SWAP 0 V2SWAP 0 NFC 0 NFB 0 NFS 0 NFPEN 0 NFT 0 TF 0
[SQ] 83053862: MC 0 MPC 0 TR 0 PMINT 0 PBURN 0 PSYNC 0 TC 0 LT 0 MG 0 VD 0 VDP 0 VWD 0 VLOCK 0 VUNLOCK 0 VCLOSE 0 VMAX 0 VLOCKUP 0 VDECR 0 V3SWAP 0 V2SWAP 0 NFC 0 NFB 0 NFS 0 NFPEN 0 NFT 0 TF 0
[SQ] 83053863: MC 0 MPC 0 TR 0 PMINT 0 PBURN 0 PSYNC 0 TC 0 LT 0 MG 0 VD 0 VDP 0 VWD 0 VLOCK 0 VUNLOCK 0 VCLOSE 0 VMAX 0 VLOCKUP 0 VDECR 0 V3SWAP 0 V2SWAP 0 NFC 0 NFB 0 NFS 0 NFPEN 0 NFT 0 TF 0
[SQ] 83053864: MC 0 MPC 0 TR 0 PMINT 0 PBURN 0 PSYNC 0 TC 0 LT 0 MG 0 VD 0 VDP 0 VWD 0 VLOCK 0 VUNLOCK 0 VCLOSE 0 VMAX 0 VLOCKUP 0 VDECR 0 V3SWAP 0 V2SWAP 0 NFC 0 NFB 0 NFS 0 NFPEN 0 NFT 0 TF 0
[SQ] 83053865: MC 0 MPC 0 TR 0 PMINT 0 PBURN 0 PSYNC 0 TC 0 LT 0 MG 0 VD 0 VDP 0 VWD 0 VLOCK 0 VUNLOCK 0 VCLOSE 0 VMAX 0 VLOCKUP 0 VDECR 0 V3SWAP 0 V2SWAP 0 NFC 0 NFB 0 NFS 0 NFPEN 0 NFT 0 TF 0
[SQ] 83053866: MC 0 MPC 0 TR 0 PMINT 0 PBURN 0 PSYNC 0 TC 0 LT 0 MG 0 VD 0 VDP 0 VWD 0 VLOCK 0 VUNLOCK 0 VCLOSE 0 VMAX 0 VLOCKUP 0 VDECR 0 V3SWAP 0 V2SWAP 0 NFC 0 NFB 0 NFS 0 NFPEN 0 NFT 0 TF 0
[SQ] 83053867: MC 0 MPC 0 TR 0 PMINT 0 PBURN 0 PSYNC 0 TC 0 LT 0 MG 0 VD 0 VDP 0 VWD 0 VLOCK 0 VUNLOCK 0 VCLOSE 0 VMAX 0 VLOCKUP 0 VDECR 0 V3SWAP 1 V2SWAP 0 NFC 0 NFB 0 NFS 0 NFPEN 0 NFT 0 TF 5
[SQ] 83053868: MC 0 MPC 0 TR 0 PMINT 0 PBURN 0 PSYNC 0 TC 0 LT 0 MG 0 VD 0 VDP 0 VWD 0 VLOCK 0 VUNLOCK 0 VCLOSE 0 VMAX 0 VLOCKUP 0 VDECR 0 V3SWAP 0 V2SWAP 0 NFC 0 NFB 0 NFS 0 NFPEN 0 NFT 0 TF 0
[SQ] 83053869: MC 0 MPC 0 TR 0 PMINT 0 PBURN 0 PSYNC 0 TC 0 LT 0 MG 0 VD 0 VDP 0 VWD 0 VLOCK 0 VUNLOCK 0 VCLOSE 0 VMAX 0 VLOCKUP 0 VDECR 0 V3SWAP 0 V2SWAP 0 NFC 0 NFB 0 NFS 0 NFPEN 0 NFT 0 TF 0
[SQ] 83053870: MC 0 MPC 0 TR 0 PMINT 0 PBURN 0 PSYNC 0 TC 0 LT 0 MG 0 VD 0 VDP 0 VWD 0 VLOCK 0 VUNLOCK 0 VCLOSE 0 VMAX 0 VLOCKUP 0 VDECR 0 V3SWAP 0 V2SWAP 0 NFC 0 NFB 0 NFS 0 NFPEN 0 NFT 0 TF 0
[SQ] 83053871: MC 0 MPC 0 TR 0 PMINT 0 PBURN 0 PSYNC 0 TC 0 LT 0 MG 0 VD 0 VDP 0 VWD 0 VLOCK 0 VUNLOCK 0 VCLOSE 0 VMAX 0 VLOCKUP 0 VDECR 0 V3SWAP 0 V2SWAP 0 NFC 0 NFB 0 NFS 0 NFPEN 0 NFT 0 TF 0
[SQ] 83053872: MC 0 MPC 0 TR 0 PMINT 0 PBURN 0 PSYNC 0 TC 0 LT 0 MG 0 VD 0 VDP 0 VWD 0 VLOCK 0 VUNLOCK 0 VCLOSE 0 VMAX 0 VLOCKUP 0 VDECR 0 V3SWAP 0 V2SWAP 0 NFC 0 NFB 0 NFS 0 NFPEN 0 NFT 0 TF 0
[SQ] 83053873: MC 0 MPC 0 TR 0 PMINT 0 PBURN 0 PSYNC 0 TC 0 LT 0 MG 0 VD 0 VDP 0 VWD 0 VLOCK 0 VUNLOCK 0 VCLOSE 0 VMAX 0 VLOCKUP 0 VDECR 0 V3SWAP 0 V2SWAP 0 NFC 0 NFB 0 NFS 0 NFPEN 0 NFT 0 TF 0
[SQ] 83053874: MC 0 MPC 0 TR 0 PMINT 0 PBURN 0 PSYNC 0 TC 0 LT 0 MG 0 VD 0 VDP 0 VWD 0 VLOCK 0 VUNLOCK 0 VCLOSE 0 VMAX 0 VLOCKUP 0 VDECR 0 V3SWAP 0 V2SWAP 0 NFC 0 NFB 0 NFS 0 NFPEN 0 NFT 0 TF 0
[SQ] 83053875: MC 0 MPC 0 TR 0 PMINT 0 PBURN 0 PSYNC 0 TC 0 LT 0 MG 0 VD 0 VDP 0 VWD 0 VLOCK 0 VUNLOCK 0 VCLOSE 0 VMAX 0 VLOCKUP 0 VDECR 0 V3SWAP 0 V2SWAP 0 NFC 0 NFB 0 NFS 0 NFPEN 0 NFT 0 TF 2
[SQ] 83053876: MC 0 MPC 0 TR 0 PMINT 0 PBURN 0 PSYNC 0 TC 0 LT 0 MG 0 VD 0 VDP 0 VWD 0 VLOCK 0 VUNLOCK 0 VCLOSE 0 VMAX 0 VLOCKUP 0 VDECR 0 V3SWAP 0 V2SWAP 0 NFC 0 NFB 0 NFS 0 NFPEN 0 NFT 0 TF 0
[SQ] 83053877: MC 0 MPC 0 TR 0 PMINT 0 PBURN 0 PSYNC 0 TC 0 LT 0 MG 0 VD 0 VDP 0 VWD 0 VLOCK 0 VUNLOCK 0 VCLOSE 0 VMAX 0 VLOCKUP 0 VDECR 0 V3SWAP 0 V2SWAP 0 NFC 0 NFB 0 NFS 0 NFPEN 0 NFT 0 TF 0
[SQ] 83053878: MC 0 MPC 0 TR 0 PMINT 0 PBURN 0 PSYNC 0 TC 0 LT 0 MG 0 VD 0 VDP 0 VWD 0 VLOCK 0 VUNLOCK 0 VCLOSE 0 VMAX 0 VLOCKUP 0 VDECR 0 V3SWAP 0 V2SWAP 0 NFC 0 NFB 0 NFS 0 NFPEN 0 NFT 0 TF 0
[SQ] 83053879: MC 0 MPC 0 TR 0 PMINT 0 PBURN 0 PSYNC 0 TC 0 LT 0 MG 0 VD 0 VDP 0 VWD 0 VLOCK 0 VUNLOCK 0 VCLOSE 0 VMAX 0 VLOCKUP 0 VDECR 0 V3SWAP 0 V2SWAP 0 NFC 0 NFB 0 NFS 0 NFPEN 0 NFT 0 TF 0
[SQ] 83053880: MC 0 MPC 0 TR 0 PMINT 0 PBURN 0 PSYNC 0 TC 0 LT 0 MG 0 VD 0 VDP 0 VWD 0 VLOCK 0 VUNLOCK 0 VCLOSE 0 VMAX 0 VLOCKUP 0 VDECR 0 V3SWAP 0 V2SWAP 0 NFC 0 NFB 0 NFS 0 NFPEN 0 NFT 0 TF 0
[SQ] 83053881: MC 0 MPC 0 TR 0 PMINT 0 PBURN 0 PSYNC 0 TC 0 LT 0 MG 0 VD 0 VDP 0 VWD 0 VLOCK 0 VUNLOCK 0 VCLOSE 0 VMAX 0 VLOCKUP 0 VDECR 0 V3SWAP 1 V2SWAP 0 NFC 0 NFB 0 NFS 0 NFPEN 0 NFT 0 TF 3
[SQ] 83053882: MC 0 MPC 0 TR 0 PMINT 0 PBURN 0 PSYNC 0 TC 0 LT 0 MG 0 VD 0 VDP 0 VWD 0 VLOCK 0 VUNLOCK 0 VCLOSE 0 VMAX 0 VLOCKUP 0 VDECR 0 V3SWAP 0 V2SWAP 0 NFC 0 NFB 0 NFS 0 NFPEN 0 NFT 0 TF 0
[SQ] 83053883: MC 0 MPC 0 TR 0 PMINT 0 PBURN 0 PSYNC 0 TC 0 LT 0 MG 0 VD 0 VDP 0 VWD 0 VLOCK 0 VUNLOCK 0 VCLOSE 0 VMAX 0 VLOCKUP 0 VDECR 0 V3SWAP 0 V2SWAP 0 NFC 0 NFB 0 NFS 0 NFPEN 0 NFT 0 TF 0
[SQ] 83053884: MC 0 MPC 0 TR 0 PMINT 0 PBURN 0 PSYNC 0 TC 0 LT 0 MG 0 VD 0 VDP 0 VWD 0 VLOCK 0 VUNLOCK 0 VCLOSE 0 VMAX 0 VLOCKUP 0 VDECR 0 V3SWAP 0 V2SWAP 0 NFC 0 NFB 0 NFS 0 NFPEN 0 NFT 0 TF 0
[SQ] 83053885: MC 0 MPC 0 TR 0 PMINT 0 PBURN 0 PSYNC 0 TC 0 LT 0 MG 0 VD 0 VDP 0 VWD 0 VLOCK 0 VUNLOCK 0 VCLOSE 0 VMAX 0 VLOCKUP 0 VDECR 0 V3SWAP 0 V2SWAP 0 NFC 0 NFB 0 NFS 0 NFPEN 0 NFT 0 TF 0
[SQ] 83053886: MC 0 MPC 0 TR 0 PMINT 0 PBURN 0 PSYNC 0 TC 0 LT 0 MG 0 VD 0 VDP 0 VWD 0 VLOCK 0 VUNLOCK 0 VCLOSE 0 VMAX 0 VLOCKUP 0 VDECR 0 V3SWAP 0 V2SWAP 0 NFC 0 NFB 0 NFS 0 NFPEN 0 NFT 0 TF 0
[SQ] 83053887: MC 0 MPC 0 TR 0 PMINT 0 PBURN 0 PSYNC 0 TC 0 LT 0 MG 0 VD 0 VDP 0 VWD 0 VLOCK 0 VUNLOCK 0 VCLOSE 0 VMAX 0 VLOCKUP 0 VDECR 0 V3SWAP 0 V2SWAP 0 NFC 0 NFB 0 NFS 0 NFPEN 0 NFT 0 TF 1
[SQ] 83053888: MC 0 MPC 0 TR 0 PMINT 0 PBURN 0 PSYNC 0 TC 0 LT 0 MG 0 VD 0 VDP 0 VWD 0 VLOCK 0 VUNLOCK 0 VCLOSE 0 VMAX 0 VLOCKUP 0 VDECR 0 V3SWAP 0 V2SWAP 0 NFC 0 NFB 0 NFS 0 NFPEN 0 NFT 0 TF 0
[SQ] 83053889: MC 0 MPC 0 TR 0 PMINT 0 PBURN 0 PSYNC 0 TC 0 LT 0 MG 0 VD 0 VDP 0 VWD 0 VLOCK 0 VUNLOCK 0 VCLOSE 0 VMAX 0 VLOCKUP 0 VDECR 0 V3SWAP 0 V2SWAP 0 NFC 0 NFB 0 NFS 0 NFPEN 0 NFT 0 TF 0
[SQ] 83053890: MC 0 MPC 0 TR 0 PMINT 0 PBURN 0 PSYNC 0 TC 0 LT 0 MG 0 VD 0 VDP 0 VWD 0 VLOCK 0 VUNLOCK 0 VCLOSE 0 VMAX 0 VLOCKUP 0 VDECR 0 V3SWAP 0 V2SWAP 0 NFC 0 NFB 0 NFS 0 NFPEN 0 NFT 0 TF 0
[SQ] 83053891: MC 0 MPC 0 TR 0 PMINT 0 PBURN 0 PSYNC 0 TC 0 LT 0 MG 0 VD 0 VDP 0 VWD 0 VLOCK 0 VUNLOCK 0 VCLOSE 0 VMAX 0 VLOCKUP 0 VDECR 0 V3SWAP 1 V2SWAP 0 NFC 0 NFB 0 NFS 0 NFPEN 0 NFT 0 TF 5
[SQ] 83053892: MC 0 MPC 0 TR 0 PMINT 0 PBURN 0 PSYNC 0 TC 0 LT 0 MG 0 VD 0 VDP 0 VWD 0 VLOCK 0 VUNLOCK 0 VCLOSE 0 VMAX 0 VLOCKUP 0 VDECR 0 V3SWAP 0 V2SWAP 0 NFC 0 NFB 0 NFS 0 NFPEN 0 NFT 0 TF 3
[SQ] 83053893: MC 0 MPC 0 TR 0 PMINT 0 PBURN 0 PSYNC 0 TC 0 LT 0 MG 0 VD 0 VDP 0 VWD 0 VLOCK 0 VUNLOCK 0 VCLOSE 0 VMAX 0 VLOCKUP 0 VDECR 0 V3SWAP 0 V2SWAP 0 NFC 0 NFB 0 NFS 0 NFPEN 0 NFT 0 TF 0
[SQ] 83053894: MC 0 MPC 0 TR 0 PMINT 0 PBURN 0 PSYNC 0 TC 0 LT 0 MG 0 VD 0 VDP 0 VWD 0 VLOCK 0 VUNLOCK 0 VCLOSE 0 VMAX 0 VLOCKUP 0 VDECR 0 V3SWAP 0 V2SWAP 0 NFC 0 NFB 0 NFS 0 NFPEN 0 NFT 0 TF 2
[SQ] 83053895: MC 0 MPC 0 TR 0 PMINT 0 PBURN 0 PSYNC 0 TC 0 LT 0 MG 0 VD 0 VDP 0 VWD 0 VLOCK 0 VUNLOCK 0 VCLOSE 0 VMAX 0 VLOCKUP 0 VDECR 0 V3SWAP 0 V2SWAP 0 NFC 0 NFB 0 NFS 0 NFPEN 0 NFT 0 TF 0
[SQ] 83053896: MC 0 MPC 0 TR 0 PMINT 0 PBURN 0 PSYNC 0 TC 0 LT 0 MG 0 VD 0 VDP 0 VWD 0 VLOCK 0 VUNLOCK 0 VCLOSE 0 VMAX 0 VLOCKUP 0 VDECR 0 V3SWAP 0 V2SWAP 0 NFC 0 NFB 0 NFS 0 NFPEN 0 NFT 0 TF 0
[SQ] 83053897: MC 0 MPC 0 TR 0 PMINT 0 PBURN 0 PSYNC 0 TC 0 LT 0 MG 0 VD 0 VDP 0 VWD 0 VLOCK 0 VUNLOCK 0 VCLOSE 0 VMAX 0 VLOCKUP 0 VDECR 0 V3SWAP 0 V2SWAP 0 NFC 0 NFB 0 NFS 0 NFPEN 0 NFT 0 TF 2
[SQ] 83053898: MC 0 MPC 0 TR 0 PMINT 0 PBURN 0 PSYNC 0 TC 0 LT 0 MG 0 VD 0 VDP 0 VWD 0 VLOCK 0 VUNLOCK 0 VCLOSE 0 VMAX 0 VLOCKUP 0 VDECR 0 V3SWAP 0 V2SWAP 0 NFC 0 NFB 0 NFS 0 NFPEN 0 NFT 0 TF 0
[SQ] 83053899: MC 0 MPC 0 TR 0 PMINT 0 PBURN 0 PSYNC 0 TC 0 LT 0 MG 0 VD 0 VDP 0 VWD 0 VLOCK 0 VUNLOCK 0 VCLOSE 0 VMAX 0 VLOCKUP 0 VDECR 0 V3SWAP 0 V2SWAP 0 NFC 0 NFB 0 NFS 0 NFPEN 0 NFT 0 TF 2
[SQ] 83053900: MC 0 MPC 0 TR 0 PMINT 0 PBURN 0 PSYNC 0 TC 0 LT 0 MG 0 VD 0 VDP 0 VWD 0 VLOCK 0 VUNLOCK 0 VCLOSE 0 VMAX 0 VLOCKUP 0 VDECR 0 V3SWAP 0 V2SWAP 0 NFC 0 NFB 0 NFS 0 NFPEN 0 NFT 0 TF 0
[SQ] 83053901: MC 0 MPC 0 TR 0 PMINT 0 PBURN 0 PSYNC 0 TC 0 LT 0 MG 0 VD 0 VDP 0 VWD 0 VLOCK 0 VUNLOCK 0 VCLOSE 0 VMAX 0 VLOCKUP 0 VDECR 0 V3SWAP 0 V2SWAP 0 NFC 0 NFB 0 NFS 0 NFPEN 0 NFT 0 TF 3
[SQ] 83053902: MC 0 MPC 0 TR 0 PMINT 0 PBURN 0 PSYNC 0 TC 0 LT 0 MG 0 VD 0 VDP 0 VWD 0 VLOCK 0 VUNLOCK 0 VCLOSE 0 VMAX 0 VLOCKUP 0 VDECR 0 V3SWAP 0 V2SWAP 0 NFC 0 NFB 0 NFS 0 NFPEN 0 NFT 0 TF 0
[SQ] 83053903: MC 0 MPC 0 TR 0 PMINT 0 PBURN 0 PSYNC 0 TC 0 LT 0 MG 0 VD 0 VDP 0 VWD 0 VLOCK 0 VUNLOCK 0 VCLOSE 0 VMAX 0 VLOCKUP 0 VDECR 0 V3SWAP 1 V2SWAP 0 NFC 0 NFB 0 NFS 0 NFPEN 0 NFT 0 TF 5
[SQ] 83053904: MC 0 MPC 0 TR 0 PMINT 0 PBURN 0 PSYNC 0 TC 0 LT 0 MG 0 VD 0 VDP 0 VWD 0 VLOCK 0 VUNLOCK 0 VCLOSE 0 VMAX 0 VLOCKUP 0 VDECR 0 V3SWAP 0 V2SWAP 0 NFC 0 NFB 0 NFS 0 NFPEN 0 NFT 0 TF 0
[SQ] 83053905: MC 0 MPC 0 TR 0 PMINT 0 PBURN 0 PSYNC 0 TC 0 LT 0 MG 0 VD 0 VDP 0 VWD 0 VLOCK 0 VUNLOCK 0 VCLOSE 0 VMAX 0 VLOCKUP 0 VDECR 0 V3SWAP 0 V2SWAP 0 NFC 0 NFB 0 NFS 0 NFPEN 0 NFT 0 TF 2
[SQ] 83053906: MC 0 MPC 0 TR 0 PMINT 0 PBURN 0 PSYNC 0 TC 0 LT 0 MG 0 VD 0 VDP 0 VWD 0 VLOCK 0 VUNLOCK 0 VCLOSE 0 VMAX 0 VLOCKUP 0 VDECR 0 V3SWAP 0 V2SWAP 0 NFC 0 NFB 0 NFS 0 NFPEN 0 NFT 0 TF 2
[SQ] 83053907: MC 0 MPC 0 TR 0 PMINT 0 PBURN 0 PSYNC 0 TC 0 LT 0 MG 0 VD 0 VDP 0 VWD 0 VLOCK 0 VUNLOCK 0 VCLOSE 0 VMAX 0 VLOCKUP 0 VDECR 0 V3SWAP 0 V2SWAP 0 NFC 0 NFB 0 NFS 0 NFPEN 0 NFT 0 TF 0
[SQ] 83053908: MC 0 MPC 0 TR 0 PMINT 0 PBURN 0 PSYNC 0 TC 0 LT 0 MG 0 VD 0 VDP 0 VWD 0 VLOCK 0 VUNLOCK 0 VCLOSE 0 VMAX 0 VLOCKUP 0 VDECR 0 V3SWAP 0 V2SWAP 0 NFC 0 NFB 0 NFS 0 NFPEN 0 NFT 0 TF 4
[SQ] 83053909: MC 0 MPC 0 TR 0 PMINT 0 PBURN 0 PSYNC 0 TC 0 LT 0 MG 0 VD 0 VDP 0 VWD 0 VLOCK 0 VUNLOCK 0 VCLOSE 0 VMAX 0 VLOCKUP 0 VDECR 0 V3SWAP 0 V2SWAP 0 NFC 0 NFB 0 NFS 0 NFPEN 0 NFT 0 TF 3
[SQ] 83053910: MC 0 MPC 0 TR 0 PMINT 0 PBURN 0 PSYNC 0 TC 0 LT 0 MG 0 VD 0 VDP 0 VWD 0 VLOCK 0 VUNLOCK 0 VCLOSE 0 VMAX 0 VLOCKUP 0 VDECR 0 V3SWAP 0 V2SWAP 0 NFC 0 NFB 0 NFS 0 NFPEN 0 NFT 0 TF 2
[SQ] 83053911: MC 0 MPC 0 TR 0 PMINT 0 PBURN 0 PSYNC 0 TC 0 LT 0 MG 0 VD 0 VDP 0 VWD 0 VLOCK 0 VUNLOCK 0 VCLOSE 0 VMAX 0 VLOCKUP 0 VDECR 0 V3SWAP 0 V2SWAP 0 NFC 0 NFB 0 NFS 0 NFPEN 0 NFT 0 TF 0
[SQ] 83053912: MC 0 MPC 0 TR 0 PMINT 0 PBURN 0 PSYNC 0 TC 0 LT 0 MG 0 VD 0 VDP 0 VWD 0 VLOCK 0 VUNLOCK 0 VCLOSE 0 VMAX 0 VLOCKUP 0 VDECR 0 V3SWAP 0 V2SWAP 0 NFC 0 NFB 0 NFS 0 NFPEN 0 NFT 0 TF 1
[SQ] 83053913: MC 0 MPC 0 TR 0 PMINT 0 PBURN 0 PSYNC 0 TC 0 LT 0 MG 0 VD 0 VDP 0 VWD 0 VLOCK 0 VUNLOCK 0 VCLOSE 0 VMAX 0 VLOCKUP 0 VDECR 0 V3SWAP 0 V2SWAP 0 NFC 0 NFB 0 NFS 0 NFPEN 0 NFT 0 TF 2
[SQ] 83053914: MC 0 MPC 0 TR 0 PMINT 0 PBURN 0 PSYNC 0 TC 0 LT 0 MG 0 VD 0 VDP 0 VWD 0 VLOCK 0 VUNLOCK 0 VCLOSE 0 VMAX 0 VLOCKUP 0 VDECR 0 V3SWAP 0 V2SWAP 0 NFC 0 NFB 0 NFS 0 NFPEN 0 NFT 0 TF 0
[SQ] 83053915: MC 0 MPC 0 TR 0 PMINT 0 PBURN 0 PSYNC 0 TC 0 LT 0 MG 0 VD 0 VDP 0 VWD 0 VLOCK 0 VUNLOCK 0 VCLOSE 0 VMAX 0 VLOCKUP 0 VDECR 0 V3SWAP 1 V2SWAP 0 NFC 0 NFB 0 NFS 0 NFPEN 0 NFT 0 TF 3
[SQ] 83053916: MC 0 MPC 0 TR 0 PMINT 0 PBURN 0 PSYNC 0 TC 0 LT 0 MG 0 VD 0 VDP 0 VWD 0 VLOCK 0 VUNLOCK 0 VCLOSE 0 VMAX 0 VLOCKUP 0 VDECR 0 V3SWAP 0 V2SWAP 0 NFC 0 NFB 0 NFS 0 NFPEN 0 NFT 0 TF 5
[SQ] 83053917: MC 0 MPC 0 TR 0 PMINT 0 PBURN 0 PSYNC 0 TC 0 LT 0 MG 0 VD 0 VDP 0 VWD 0 VLOCK 0 VUNLOCK 0 VCLOSE 0 VMAX 0 VLOCKUP 0 VDECR 0 V3SWAP 0 V2SWAP 0 NFC 0 NFB 0 NFS 0 NFPEN 0 NFT 0 TF 1
[SQ] 83053918: MC 0 MPC 0 TR 0 PMINT 0 PBURN 0 PSYNC 0 TC 0 LT 0 MG 0 VD 0 VDP 0 VWD 0 VLOCK 0 VUNLOCK 0 VCLOSE 0 VMAX 0 VLOCKUP 0 VDECR 0 V3SWAP 0 V2SWAP 0 NFC 0 NFB 0 NFS 0 NFPEN 0 NFT 0 TF 0
[SQ] 83053919: MC 0 MPC 0 TR 0 PMINT 0 PBURN 0 PSYNC 0 TC 0 LT 0 MG 0 VD 0 VDP 0 VWD 0 VLOCK 0 VUNLOCK 0 VCLOSE 0 VMAX 0 VLOCKUP 0 VDECR 0 V3SWAP 0 V2SWAP 0 NFC 0 NFB 0 NFS 0 NFPEN 0 NFT 0 TF 0
[SQ] 83053920: MC 0 MPC 0 TR 0 PMINT 0 PBURN 0 PSYNC 0 TC 0 LT 0 MG 0 VD 0 VDP 0 VWD 0 VLOCK 0 VUNLOCK 0 VCLOSE 0 VMAX 0 VLOCKUP 0 VDECR 0 V3SWAP 0 V2SWAP 0 NFC 0 NFB 0 NFS 0 NFPEN 0 NFT 0 TF 10
[SQ] 83053921: MC 0 MPC 0 TR 0 PMINT 0 PBURN 0 PSYNC 0 TC 0 LT 0 MG 0 VD 0 VDP 0 VWD 0 VLOCK 0 VUNLOCK 0 VCLOSE 0 VMAX 0 VLOCKUP 0 VDECR 0 V3SWAP 1 V2SWAP 0 NFC 0 NFB 0 NFS 0 NFPEN 0 NFT 0 TF 22
[SQ] 83053922: MC 0 MPC 0 TR 0 PMINT 0 PBURN 0 PSYNC 0 TC 0 LT 0 MG 0 VD 0 VDP 0 VWD 0 VLOCK 0 VUNLOCK 0 VCLOSE 0 VMAX 0 VLOCKUP 0 VDECR 0 V3SWAP 0 V2SWAP 0 NFC 0 NFB 0 NFS 0 NFPEN 0 NFT 0 TF 2
[SQ] 83053923: MC 0 MPC 0 TR 0 PMINT 0 PBURN 0 PSYNC 0 TC 0 LT 0 MG 0 VD 0 VDP 0 VWD 0 VLOCK 0 VUNLOCK 0 VCLOSE 0 VMAX 0 VLOCKUP 0 VDECR 0 V3SWAP 0 V2SWAP 0 NFC 0 NFB 0 NFS 0 NFPEN 0 NFT 0 TF 7
[SQ] 83053924: MC 0 MPC 0 TR 0 PMINT 0 PBURN 0 PSYNC 0 TC 0 LT 0 MG 0 VD 0 VDP 0 VWD 0 VLOCK 0 VUNLOCK 0 VCLOSE 0 VMAX 0 VLOCKUP 0 VDECR 0 V3SWAP 0 V2SWAP 0 NFC 0 NFB 0 NFS 0 NFPEN 0 NFT 0 TF 4
[SQ] 83053925: MC 0 MPC 0 TR 0 PMINT 0 PBURN 0 PSYNC 0 TC 0 LT 0 MG 0 VD 0 VDP 0 VWD 0 VLOCK 0 VUNLOCK 0 VCLOSE 0 VMAX 0 VLOCKUP 0 VDECR 0 V3SWAP 0 V2SWAP 0 NFC 0 NFB 0 NFS 0 NFPEN 0 NFT 0 TF 2
[SQ] 83053926: MC 0 MPC 0 TR 0 PMINT 0 PBURN 0 PSYNC 0 TC 0 LT 0 MG 0 VD 0 VDP 0 VWD 0 VLOCK 0 VUNLOCK 0 VCLOSE 0 VMAX 0 VLOCKUP 0 VDECR 0 V3SWAP 0 V2SWAP 0 NFC 0 NFB 0 NFS 0 NFPEN 0 NFT 0 TF 2
[SQ] 83053927: MC 0 MPC 0 TR 0 PMINT 0 PBURN 0 PSYNC 0 TC 0 LT 0 MG 0 VD 0 VDP 0 VWD 0 VLOCK 0 VUNLOCK 0 VCLOSE 0 VMAX 0 VLOCKUP 0 VDECR 0 V3SWAP 0 V2SWAP 0 NFC 0 NFB 0 NFS 0 NFPEN 0 NFT 0 TF 0
[SQ] 83053928: MC 0 MPC 0 TR 0 PMINT 0 PBURN 0 PSYNC 0 TC 0 LT 0 MG 0 VD 0 VDP 0 VWD 0 VLOCK 0 VUNLOCK 0 VCLOSE 0 VMAX 0 VLOCKUP 0 VDECR 0 V3SWAP 0 V2SWAP 0 NFC 0 NFB 0 NFS 0 NFPEN 0 NFT 0 TF 1
[SQ] 83053929: MC 0 MPC 0 TR 0 PMINT 0 PBURN 0 PSYNC 0 TC 0 LT 0 MG 0 VD 0 VDP 0 VWD 0 VLOCK 0 VUNLOCK 0 VCLOSE 0 VMAX 0 VLOCKUP 0 VDECR 0 V3SWAP 0 V2SWAP 0 NFC 0 NFB 0 NFS 0 NFPEN 0 NFT 0 TF 0
[SQ] 83053930: MC 0 MPC 0 TR 0 PMINT 0 PBURN 0 PSYNC 0 TC 0 LT 0 MG 0 VD 0 VDP 0 VWD 0 VLOCK 0 VUNLOCK 0 VCLOSE 0 VMAX 0 VLOCKUP 0 VDECR 0 V3SWAP 0 V2SWAP 0 NFC 0 NFB 0 NFS 0 NFPEN 0 NFT 0 TF 0
[SQ] 83053931: MC 0 MPC 0 TR 0 PMINT 0 PBURN 0 PSYNC 0 TC 0 LT 0 MG 0 VD 0 VDP 0 VWD 0 VLOCK 0 VUNLOCK 0 VCLOSE 0 VMAX 0 VLOCKUP 0 VDECR 0 V3SWAP 0 V2SWAP 0 NFC 0 NFB 0 NFS 0 NFPEN 0 NFT 0 TF 0
[SQ] 83053932: MC 0 MPC 0 TR 0 PMINT 0 PBURN 0 PSYNC 0 TC 0 LT 0 MG 0 VD 0 VDP 0 VWD 0 VLOCK 0 VUNLOCK 0 VCLOSE 0 VMAX 0 VLOCKUP 0 VDECR 0 V3SWAP 0 V2SWAP 0 NFC 0 NFB 0 NFS 0 NFPEN 0 NFT 0 TF 0
[SQ] 83053933: MC 0 MPC 0 TR 0 PMINT 0 PBURN 0 PSYNC 0 TC 0 LT 0 MG 0 VD 0 VDP 0 VWD 0 VLOCK 0 VUNLOCK 0 VCLOSE 0 VMAX 0 VLOCKUP 0 VDECR 0 V3SWAP 2 V2SWAP 0 NFC 0 NFB 0 NFS 0 NFPEN 0 NFT 0 TF 32
[SQ] 83053934: MC 0 MPC 0 TR 0 PMINT 0 PBURN 0 PSYNC 0 TC 0 LT 0 MG 0 VD 0 VDP 0 VWD 0 VLOCK 0 VUNLOCK 0 VCLOSE 0 VMAX 0 VLOCKUP 0 VDECR 0 V3SWAP 0 V2SWAP 0 NFC 0 NFB 0 NFS 0 NFPEN 0 NFT 0 TF 6
[SQ] 83053935: MC 0 MPC 0 TR 0 PMINT 0 PBURN 0 PSYNC 0 TC 0 LT 0 MG 0 VD 0 VDP 0 VWD 0 VLOCK 0 VUNLOCK 0 VCLOSE 0 VMAX 0 VLOCKUP 0 VDECR 0 V3SWAP 0 V2SWAP 0 NFC 0 NFB 0 NFS 0 NFPEN 0 NFT 0 TF 0
[SQ] 83053936: MC 0 MPC 0 TR 0 PMINT 0 PBURN 0 PSYNC 0 TC 0 LT 0 MG 0 VD 0 VDP 0 VWD 0 VLOCK 0 VUNLOCK 0 VCLOSE 0 VMAX 0 VLOCKUP 0 VDECR 0 V3SWAP 1 V2SWAP 0 NFC 0 NFB 0 NFS 0 NFPEN 0 NFT 0 TF 4
[SQ] 83053937: MC 0 MPC 0 TR 0 PMINT 0 PBURN 0 PSYNC 0 TC 0 LT 0 MG 0 VD 0 VDP 0 VWD 0 VLOCK 0 VUNLOCK 0 VCLOSE 0 VMAX 0 VLOCKUP 0 VDECR 0 V3SWAP 0 V2SWAP 0 NFC 0 NFB 0 NFS 0 NFPEN 0 NFT 0 TF 6
[SQ] 83053938: MC 0 MPC 0 TR 0 PMINT 0 PBURN 0 PSYNC 0 TC 0 LT 0 MG 0 VD 0 VDP 0 VWD 0 VLOCK 0 VUNLOCK 0 VCLOSE 0 VMAX 0 VLOCKUP 0 VDECR 0 V3SWAP 0 V2SWAP 0 NFC 0 NFB 0 NFS 0 NFPEN 0 NFT 0 TF 0
[SQ] 83053939: MC 0 MPC 0 TR 0 PMINT 0 PBURN 0 PSYNC 0 TC 0 LT 0 MG 0 VD 0 VDP 0 VWD 0 VLOCK 0 VUNLOCK 0 VCLOSE 0 VMAX 0 VLOCKUP 0 VDECR 0 V3SWAP 0 V2SWAP 0 NFC 0 NFB 0 NFS 0 NFPEN 0 NFT 0 TF 0
[SQ] 83053940: MC 0 MPC 0 TR 0 PMINT 0 PBURN 0 PSYNC 0 TC 0 LT 0 MG 0 VD 0 VDP 0 VWD 0 VLOCK 0 VUNLOCK 0 VCLOSE 0 VMAX 0 VLOCKUP 0 VDECR 0 V3SWAP 0 V2SWAP 0 NFC 0 NFB 0 NFS 0 NFPEN 0 NFT 0 TF 0
[SQ] 83053941: MC 0 MPC 0 TR 0 PMINT 0 PBURN 0 PSYNC 0 TC 0 LT 0 MG 0 VD 0 VDP 0 VWD 0 VLOCK 0 VUNLOCK 0 VCLOSE 0 VMAX 0 VLOCKUP 0 VDECR 0 V3SWAP 0 V2SWAP 0 NFC 0 NFB 0 NFS 0 NFPEN 0 NFT 0 TF 0
[SQ] 83053942: MC 0 MPC 0 TR 0 PMINT 0 PBURN 0 PSYNC 0 TC 0 LT 0 MG 0 VD 0 VDP 0 VWD 0 VLOCK 0 VUNLOCK 0 VCLOSE 0 VMAX 0 VLOCKUP 0 VDECR 0 V3SWAP 0 V2SWAP 0 NFC 0 NFB 0 NFS 0 NFPEN 0 NFT 0 TF 4
[SQ] 83053943: MC 0 MPC 0 TR 0 PMINT 0 PBURN 0 PSYNC 0 TC 0 LT 0 MG 0 VD 0 VDP 0 VWD 0 VLOCK 0 VUNLOCK 0 VCLOSE 0 VMAX 0 VLOCKUP 0 VDECR 0 V3SWAP 0 V2SWAP 0 NFC 0 NFB 0 NFS 0 NFPEN 0 NFT 0 TF 1
[SQ] 83053944: MC 0 MPC 0 TR 0 PMINT 0 PBURN 0 PSYNC 0 TC 0 LT 0 MG 0 VD 0 VDP 0 VWD 0 VLOCK 0 VUNLOCK 0 VCLOSE 0 VMAX 0 VLOCKUP 0 VDECR 0 V3SWAP 0 V2SWAP 0 NFC 0 NFB 0 NFS 0 NFPEN 0 NFT 0 TF 0
[SQ] 83053945: MC 0 MPC 0 TR 0 PMINT 0 PBURN 0 PSYNC 0 TC 0 LT 0 MG 0 VD 0 VDP 0 VWD 0 VLOCK 0 VUNLOCK 0 VCLOSE 0 VMAX 0 VLOCKUP 0 VDECR 0 V3SWAP 0 V2SWAP 0 NFC 0 NFB 0 NFS 0 NFPEN 0 NFT 0 TF 0
[SQ] 83053946: MC 0 MPC 0 TR 0 PMINT 0 PBURN 0 PSYNC 0 TC 0 LT 0 MG 0 VD 0 VDP 0 VWD 0 VLOCK 0 VUNLOCK 0 VCLOSE 0 VMAX 0 VLOCKUP 0 VDECR 0 V3SWAP 0 V2SWAP 0 NFC 0 NFB 0 NFS 0 NFPEN 0 NFT 0 TF 0
[SQ] 83053947: MC 0 MPC 0 TR 0 PMINT 0 PBURN 0 PSYNC 0 TC 0 LT 0 MG 0 VD 0 VDP 0 VWD 0 VLOCK 0 VUNLOCK 0 VCLOSE 0 VMAX 0 VLOCKUP 0 VDECR 0 V3SWAP 0 V2SWAP 0 NFC 0 NFB 0 NFS 0 NFPEN 0 NFT 0 TF 0
[SQ] 83053948: MC 0 MPC 0 TR 0 PMINT 0 PBURN 0 PSYNC 0 TC 0 LT 0 MG 0 VD 0 VDP 0 VWD 0 VLOCK 0 VUNLOCK 0 VCLOSE 0 VMAX 0 VLOCKUP 0 VDECR 0 V3SWAP 0 V2SWAP 0 NFC 0 NFB 0 NFS 0 NFPEN 0 NFT 0 TF 0
[SQ] 83053949: MC 0 MPC 0 TR 0 PMINT 0 PBURN 0 PSYNC 0 TC 0 LT 0 MG 0 VD 0 VDP 0 VWD 0 VLOCK 0 VUNLOCK 0 VCLOSE 0 VMAX 0 VLOCKUP 0 VDECR 0 V3SWAP 0 V2SWAP 0 NFC 0 NFB 0 NFS 0 NFPEN 0 NFT 0 TF 0
[SQ] 83053950: MC 0 MPC 0 TR 0 PMINT 0 PBURN 0 PSYNC 0 TC 0 LT 0 MG 0 VD 0 VDP 0 VWD 0 VLOCK 0 VUNLOCK 0 VCLOSE 0 VMAX 0 VLOCKUP 0 VDECR 0 V3SWAP 1 V2SWAP 0 NFC 0 NFB 0 NFS 0 NFPEN 0 NFT 0 TF 3
[SQ] 83053951: MC 0 MPC 0 TR 0 PMINT 0 PBURN 0 PSYNC 0 TC 0 LT 0 MG 0 VD 0 VDP 0 VWD 0 VLOCK 0 VUNLOCK 0 VCLOSE 0 VMAX 0 VLOCKUP 0 VDECR 0 V3SWAP 0 V2SWAP 0 NFC 0 NFB 0 NFS 0 NFPEN 0 NFT 0 TF 7
[SQ] 83053952: MC 0 MPC 0 TR 0 PMINT 0 PBURN 0 PSYNC 0 TC 0 LT 0 MG 0 VD 0 VDP 0 VWD 0 VLOCK 0 VUNLOCK 0 VCLOSE 0 VMAX 0 VLOCKUP 0 VDECR 0 V3SWAP 0 V2SWAP 0 NFC 0 NFB 0 NFS 0 NFPEN 0 NFT 0 TF 0
[SQ] 83053953: MC 0 MPC 0 TR 0 PMINT 0 PBURN 0 PSYNC 0 TC 0 LT 0 MG 0 VD 0 VDP 0 VWD 0 VLOCK 0 VUNLOCK 0 VCLOSE 0 VMAX 0 VLOCKUP 0 VDECR 0 V3SWAP 0 V2SWAP 0 NFC 0 NFB 0 NFS 0 NFPEN 0 NFT 0 TF 0
[SQ] 83053954: MC 0 MPC 0 TR 0 PMINT 0 PBURN 0 PSYNC 0 TC 0 LT 0 MG 0 VD 0 VDP 0 VWD 0 VLOCK 0 VUNLOCK 0 VCLOSE 0 VMAX 0 VLOCKUP 0 VDECR 0 V3SWAP 0 V2SWAP 0 NFC 0 NFB 0 NFS 0 NFPEN 0 NFT 0 TF 0
[SQ] 83053955: MC 0 MPC 0 TR 0 PMINT 0 PBURN 0 PSYNC 0 TC 0 LT 0 MG 0 VD 0 VDP 0 VWD 0 VLOCK 0 VUNLOCK 0 VCLOSE 0 VMAX 0 VLOCKUP 0 VDECR 0 V3SWAP 0 V2SWAP 0 NFC 0 NFB 0 NFS 0 NFPEN 0 NFT 0 TF 1
[SQ] 83053956: MC 0 MPC 0 TR 0 PMINT 0 PBURN 0 PSYNC 0 TC 0 LT 0 MG 0 VD 0 VDP 0 VWD 0 VLOCK 0 VUNLOCK 0 VCLOSE 0 VMAX 0 VLOCKUP 0 VDECR 0 V3SWAP 0 V2SWAP 0 NFC 0 NFB 0 NFS 0 NFPEN 0 NFT 0 TF 0
[SQ] 83053957: MC 0 MPC 0 TR 0 PMINT 0 PBURN 0 PSYNC 0 TC 0 LT 0 MG 0 VD 0 VDP 0 VWD 0 VLOCK 0 VUNLOCK 0 VCLOSE 0 VMAX 0 VLOCKUP 0 VDECR 0 V3SWAP 0 V2SWAP 0 NFC 0 NFB 0 NFS 0 NFPEN 0 NFT 0 TF 0
[SQ] 83053958: MC 0 MPC 0 TR 0 PMINT 0 PBURN 0 PSYNC 0 TC 0 LT 0 MG 0 VD 0 VDP 0 VWD 0 VLOCK 0 VUNLOCK 0 VCLOSE 0 VMAX 0 VLOCKUP 0 VDECR 0 V3SWAP 0 V2SWAP 0 NFC 0 NFB 0 NFS 0 NFPEN 0 NFT 0 TF 0
[SQ] 83053959: MC 0 MPC 0 TR 0 PMINT 0 PBURN 0 PSYNC 0 TC 0 LT 0 MG 0 VD 0 VDP 0 VWD 0 VLOCK 0 VUNLOCK 0 VCLOSE 0 VMAX 0 VLOCKUP 0 VDECR 0 V3SWAP 0 V2SWAP 0 NFC 0 NFB 0 NFS 0 NFPEN 0 NFT 0 TF 0
[SQ] 83053960: MC 0 MPC 0 TR 0 PMINT 0 PBURN 0 PSYNC 0 TC 0 LT 0 MG 0 VD 0 VDP 0 VWD 0 VLOCK 0 VUNLOCK 0 VCLOSE 0 VMAX 0 VLOCKUP 0 VDECR 0 V3SWAP 0 V2SWAP 0 NFC 0 NFB 0 NFS 0 NFPEN 0 NFT 0 TF 0
[SQ] 83053961: MC 0 MPC 0 TR 0 PMINT 0 PBURN 0 PSYNC 0 TC 0 LT 0 MG 0 VD 0 VDP 0 VWD 0 VLOCK 0 VUNLOCK 0 VCLOSE 0 VMAX 0 VLOCKUP 0 VDECR 0 V3SWAP 0 V2SWAP 0 NFC 0 NFB 0 NFS 0 NFPEN 0 NFT 0 TF 0
[SQ] 83053962: MC 0 MPC 0 TR 0 PMINT 0 PBURN 0 PSYNC 0 TC 0 LT 0 MG 0 VD 0 VDP 0 VWD 0 VLOCK 0 VUNLOCK 0 VCLOSE 0 VMAX 0 VLOCKUP 0 VDECR 0 V3SWAP 0 V2SWAP 0 NFC 0 NFB 0 NFS 0 NFPEN 0 NFT 0 TF 0
[SQ] 83053963: MC 0 MPC 0 TR 0 PMINT 0 PBURN 0 PSYNC 0 TC 0 LT 0 MG 0 VD 0 VDP 0 VWD 0 VLOCK 0 VUNLOCK 0 VCLOSE 0 VMAX 0 VLOCKUP 0 VDECR 0 V3SWAP 0 V2SWAP 0 NFC 0 NFB 0 NFS 0 NFPEN 0 NFT 0 TF 1
[SQ] 83053964: MC 0 MPC 0 TR 0 PMINT 0 PBURN 0 PSYNC 0 TC 0 LT 0 MG 0 VD 0 VDP 0 VWD 0 VLOCK 0 VUNLOCK 0 VCLOSE 0 VMAX 0 VLOCKUP 0 VDECR 0 V3SWAP 0 V2SWAP 0 NFC 0 NFB 0 NFS 0 NFPEN 0 NFT 0 TF 0
[SQ] 83053965: MC 0 MPC 0 TR 0 PMINT 0 PBURN 0 PSYNC 0 TC 0 LT 0 MG 0 VD 0 VDP 0 VWD 0 VLOCK 0 VUNLOCK 0 VCLOSE 0 VMAX 0 VLOCKUP 0 VDECR 0 V3SWAP 0 V2SWAP 0 NFC 0 NFB 0 NFS 0 NFPEN 0 NFT 0 TF 2
[SQ] 83053966: MC 0 MPC 0 TR 0 PMINT 0 PBURN 0 PSYNC 0 TC 0 LT 0 MG 0 VD 0 VDP 0 VWD 0 VLOCK 0 VUNLOCK 0 VCLOSE 0 VMAX 0 VLOCKUP 0 VDECR 0 V3SWAP 0 V2SWAP 0 NFC 0 NFB 0 NFS 0 NFPEN 0 NFT 0 TF 0
[SQ] 83053967: MC 0 MPC 0 TR 0 PMINT 0 PBURN 0 PSYNC 0 TC 0 LT 0 MG 0 VD 0 VDP 0 VWD 0 VLOCK 0 VUNLOCK 0 VCLOSE 0 VMAX 0 VLOCKUP 0 VDECR 0 V3SWAP 0 V2SWAP 0 NFC 0 NFB 0 NFS 0 NFPEN 0 NFT 0 TF 0
[SQ] 83053968: MC 0 MPC 0 TR 0 PMINT 0 PBURN 0 PSYNC 0 TC 0 LT 0 MG 0 VD 0 VDP 0 VWD 0 VLOCK 0 VUNLOCK 0 VCLOSE 0 VMAX 0 VLOCKUP 0 VDECR 0 V3SWAP 0 V2SWAP 0 NFC 0 NFB 0 NFS 0 NFPEN 0 NFT 0 TF 2
[SQ] 83053969: MC 0 MPC 0 TR 0 PMINT 0 PBURN 0 PSYNC 0 TC 0 LT 0 MG 0 VD 0 VDP 0 VWD 0 VLOCK 0 VUNLOCK 0 VCLOSE 0 VMAX 0 VLOCKUP 0 VDECR 0 V3SWAP 0 V2SWAP 0 NFC 0 NFB 0 NFS 0 NFPEN 0 NFT 0 TF 0
[SQ] 83053970: MC 0 MPC 0 TR 0 PMINT 0 PBURN 0 PSYNC 0 TC 0 LT 0 MG 0 VD 0 VDP 0 VWD 0 VLOCK 0 VUNLOCK 0 VCLOSE 0 VMAX 0 VLOCKUP 0 VDECR 0 V3SWAP 0 V2SWAP 0 NFC 0 NFB 0 NFS 0 NFPEN 0 NFT 0 TF 15
[SQ] 83053971: MC 0 MPC 0 TR 0 PMINT 0 PBURN 0 PSYNC 0 TC 0 LT 0 MG 0 VD 0 VDP 0 VWD 0 VLOCK 0 VUNLOCK 0 VCLOSE 0 VMAX 0 VLOCKUP 0 VDECR 0 V3SWAP 0 V2SWAP 0 NFC 0 NFB 0 NFS 0 NFPEN 0 NFT 0 TF 0
[SQ] 83053972: MC 0 MPC 0 TR 0 PMINT 0 PBURN 0 PSYNC 0 TC 0 LT 0 MG 0 VD 0 VDP 0 VWD 0 VLOCK 0 VUNLOCK 0 VCLOSE 0 VMAX 0 VLOCKUP 0 VDECR 0 V3SWAP 1 V2SWAP 0 NFC 0 NFB 0 NFS 0 NFPEN 0 NFT 0 TF 3
[SQ] 83053973: MC 0 MPC 0 TR 0 PMINT 0 PBURN 0 PSYNC 0 TC 0 LT 0 MG 0 VD 0 VDP 0 VWD 0 VLOCK 0 VUNLOCK 0 VCLOSE 0 VMAX 0 VLOCKUP 0 VDECR 0 V3SWAP 0 V2SWAP 0 NFC 0 NFB 0 NFS 0 NFPEN 0 NFT 0 TF 0
[SQ] 83053974: MC 0 MPC 0 TR 0 PMINT 0 PBURN 0 PSYNC 0 TC 0 LT 0 MG 0 VD 0 VDP 0 VWD 0 VLOCK 0 VUNLOCK 0 VCLOSE 0 VMAX 0 VLOCKUP 0 VDECR 0 V3SWAP 0 V2SWAP 0 NFC 0 NFB 0 NFS 0 NFPEN 0 NFT 0 TF 0
[SQ] 83053975: MC 0 MPC 0 TR 0 PMINT 0 PBURN 0 PSYNC 0 TC 0 LT 0 MG 0 VD 0 VDP 0 VWD 0 VLOCK 0 VUNLOCK 0 VCLOSE 0 VMAX 0 VLOCKUP 0 VDECR 0 V3SWAP 0 V2SWAP 0 NFC 0 NFB 0 NFS 0 NFPEN 0 NFT 0 TF 2
[SQ] 83053976: MC 0 MPC 0 TR 0 PMINT 0 PBURN 0 PSYNC 0 TC 0 LT 0 MG 0 VD 0 VDP 0 VWD 0 VLOCK 0 VUNLOCK 0 VCLOSE 0 VMAX 0 VLOCKUP 0 VDECR 0 V3SWAP 0 V2SWAP 0 NFC 0 NFB 0 NFS 0 NFPEN 0 NFT 0 TF 0
[SQ] 83053977: MC 0 MPC 0 TR 0 PMINT 0 PBURN 0 PSYNC 0 TC 0 LT 0 MG 0 VD 0 VDP 0 VWD 0 VLOCK 0 VUNLOCK 0 VCLOSE 0 VMAX 0 VLOCKUP 0 VDECR 0 V3SWAP 0 V2SWAP 0 NFC 0 NFB 0 NFS 0 NFPEN 0 NFT 0 TF 1
[SQ] 83053978: MC 0 MPC 0 TR 0 PMINT 0 PBURN 0 PSYNC 0 TC 0 LT 0 MG 0 VD 0 VDP 0 VWD 0 VLOCK 0 VUNLOCK 0 VCLOSE 0 VMAX 0 VLOCKUP 0 VDECR 0 V3SWAP 0 V2SWAP 0 NFC 0 NFB 0 NFS 0 NFPEN 0 NFT 0 TF 0
[SQ] 83053979: MC 0 MPC 0 TR 0 PMINT 0 PBURN 0 PSYNC 0 TC 0 LT 0 MG 0 VD 0 VDP 0 VWD 0 VLOCK 0 VUNLOCK 0 VCLOSE 0 VMAX 0 VLOCKUP 0 VDECR 0 V3SWAP 0 V2SWAP 0 NFC 0 NFB 0 NFS 0 NFPEN 0 NFT 0 TF 0
[SQ] 83053980: MC 0 MPC 0 TR 0 PMINT 0 PBURN 0 PSYNC 0 TC 0 LT 0 MG 0 VD 0 VDP 0 VWD 0 VLOCK 0 VUNLOCK 0 VCLOSE 0 VMAX 0 VLOCKUP 0 VDECR 0 V3SWAP 0 V2SWAP 0 NFC 0 NFB 0 NFS 0 NFPEN 0 NFT 0 TF 0
[SQ] 83053981: MC 0 MPC 0 TR 0 PMINT 0 PBURN 0 PSYNC 0 TC 0 LT 0 MG 0 VD 0 VDP 0 VWD 0 VLOCK 0 VUNLOCK 0 VCLOSE 0 VMAX 0 VLOCKUP 0 VDECR 0 V3SWAP 0 V2SWAP 0 NFC 0 NFB 0 NFS 0 NFPEN 0 NFT 0 TF 2
[SQ] 83053982: MC 0 MPC 0 TR 0 PMINT 0 PBURN 0 PSYNC 0 TC 0 LT 0 MG 0 VD 0 VDP 0 VWD 0 VLOCK 0 VUNLOCK 0 VCLOSE 0 VMAX 0 VLOCKUP 0 VDECR 0 V3SWAP 0 V2SWAP 0 NFC 0 NFB 0 NFS 0 NFPEN 0 NFT 0 TF 0
[SQ] 83053983: MC 0 MPC 0 TR 0 PMINT 0 PBURN 0 PSYNC 0 TC 0 LT 0 MG 0 VD 0 VDP 0 VWD 0 VLOCK 0 VUNLOCK 0 VCLOSE 0 VMAX 0 VLOCKUP 0 VDECR 0 V3SWAP 0 V2SWAP 0 NFC 0 NFB 0 NFS 0 NFPEN 0 NFT 0 TF 1
[SQ] 83053984: MC 0 MPC 0 TR 0 PMINT 0 PBURN 0 PSYNC 0 TC 0 LT 0 MG 0 VD 0 VDP 0 VWD 0 VLOCK 0 VUNLOCK 0 VCLOSE 0 VMAX 0 VLOCKUP 0 VDECR 0 V3SWAP 0 V2SWAP 0 NFC 0 NFB 0 NFS 0 NFPEN 0 NFT 0 TF 0
[SQ] 83053985: MC 0 MPC 0 TR 0 PMINT 0 PBURN 0 PSYNC 0 TC 0 LT 0 MG 0 VD 0 VDP 0 VWD 0 VLOCK 0 VUNLOCK 0 VCLOSE 0 VMAX 0 VLOCKUP 0 VDECR 0 V3SWAP 1 V2SWAP 0 NFC 0 NFB 0 NFS 0 NFPEN 0 NFT 0 TF 3
[SQ] 83053986: MC 0 MPC 0 TR 0 PMINT 0 PBURN 0 PSYNC 0 TC 0 LT 0 MG 0 VD 0 VDP 0 VWD 0 VLOCK 0 VUNLOCK 0 VCLOSE 0 VMAX 0 VLOCKUP 0 VDECR 0 V3SWAP 0 V2SWAP 0 NFC 0 NFB 0 NFS 0 NFPEN 0 NFT 0 TF 0
[SQ] 83053987: MC 0 MPC 0 TR 0 PMINT 0 PBURN 0 PSYNC 0 TC 0 LT 0 MG 0 VD 0 VDP 0 VWD 0 VLOCK 0 VUNLOCK 0 VCLOSE 0 VMAX 0 VLOCKUP 0 VDECR 0 V3SWAP 0 V2SWAP 0 NFC 0 NFB 0 NFS 0 NFPEN 0 NFT 0 TF 0
[SQ] 83053988: MC 0 MPC 0 TR 0 PMINT 0 PBURN 0 PSYNC 0 TC 0 LT 0 MG 0 VD 0 VDP 0 VWD 0 VLOCK 0 VUNLOCK 0 VCLOSE 0 VMAX 0 VLOCKUP 0 VDECR 0 V3SWAP 0 V2SWAP 0 NFC 0 NFB 0 NFS 0 NFPEN 0 NFT 0 TF 0
[SQ] 83053989: MC 0 MPC 0 TR 0 PMINT 0 PBURN 0 PSYNC 0 TC 0 LT 0 MG 0 VD 0 VDP 0 VWD 0 VLOCK 0 VUNLOCK 0 VCLOSE 0 VMAX 0 VLOCKUP 0 VDECR 0 V3SWAP 0 V2SWAP 0 NFC 0 NFB 0 NFS 0 NFPEN 0 NFT 0 TF 0
[SQ] 83053990: MC 0 MPC 0 TR 0 PMINT 0 PBURN 0 PSYNC 0 TC 0 LT 0 MG 0 VD 0 VDP 0 VWD 0 VLOCK 0 VUNLOCK 0 VCLOSE 0 VMAX 0 VLOCKUP 0 VDECR 0 V3SWAP 0 V2SWAP 0 NFC 0 NFB 0 NFS 0 NFPEN 0 NFT 0 TF 3
[SQ] 83053991: MC 0 MPC 0 TR 0 PMINT 0 PBURN 0 PSYNC 0 TC 0 LT 0 MG 0 VD 0 VDP 0 VWD 0 VLOCK 0 VUNLOCK 0 VCLOSE 0 VMAX 0 VLOCKUP 0 VDECR 0 V3SWAP 0 V2SWAP 0 NFC 0 NFB 0 NFS 0 NFPEN 0 NFT 0 TF 0
[SQ] 83053992: MC 0 MPC 0 TR 0 PMINT 0 PBURN 0 PSYNC 0 TC 0 LT 0 MG 0 VD 0 VDP 0 VWD 0 VLOCK 0 VUNLOCK 0 VCLOSE 0 VMAX 0 VLOCKUP 0 VDECR 0 V3SWAP 0 V2SWAP 0 NFC 0 NFB 0 NFS 0 NFPEN 0 NFT 0 TF 0
[SQ] 83053993: MC 0 MPC 0 TR 0 PMINT 0 PBURN 0 PSYNC 0 TC 0 LT 0 MG 0 VD 0 VDP 0 VWD 0 VLOCK 0 VUNLOCK 0 VCLOSE 0 VMAX 0 VLOCKUP 0 VDECR 0 V3SWAP 0 V2SWAP 0 NFC 0 NFB 0 NFS 0 NFPEN 0 NFT 0 TF 0
[SQ] 83053994: MC 0 MPC 0 TR 0 PMINT 0 PBURN 0 PSYNC 0 TC 0 LT 0 MG 0 VD 0 VDP 0 VWD 0 VLOCK 0 VUNLOCK 0 VCLOSE 0 VMAX 0 VLOCKUP 0 VDECR 0 V3SWAP 0 V2SWAP 0 NFC 0 NFB 0 NFS 0 NFPEN 0 NFT 0 TF 0
[SQ] 83053995: MC 0 MPC 0 TR 0 PMINT 0 PBURN 0 PSYNC 0 TC 0 LT 0 MG 0 VD 0 VDP 0 VWD 0 VLOCK 0 VUNLOCK 0 VCLOSE 0 VMAX 0 VLOCKUP 0 VDECR 0 V3SWAP 0 V2SWAP 0 NFC 0 NFB 0 NFS 0 NFPEN 0 NFT 0 TF 2
[SQ] 83053996: MC 0 MPC 0 TR 0 PMINT 0 PBURN 0 PSYNC 0 TC 0 LT 0 MG 0 VD 0 VDP 0 VWD 0 VLOCK 0 VUNLOCK 0 VCLOSE 0 VMAX 0 VLOCKUP 0 VDECR 0 V3SWAP 0 V2SWAP 0 NFC 0 NFB 0 NFS 0 NFPEN 0 NFT 0 TF 0
[SQ] 83053997: MC 0 MPC 0 TR 0 PMINT 0 PBURN 0 PSYNC 0 TC 0 LT 0 MG 0 VD 0 VDP 0 VWD 0 VLOCK 0 VUNLOCK 0 VCLOSE 0 VMAX 0 VLOCKUP 0 VDECR 0 V3SWAP 0 V2SWAP 0 NFC 0 NFB 0 NFS 0 NFPEN 0 NFT 0 TF 0
[SQ] 83053998: MC 0 MPC 0 TR 0 PMINT 0 PBURN 0 PSYNC 0 TC 0 LT 0 MG 0 VD 0 VDP 0 VWD 0 VLOCK 0 VUNLOCK 0 VCLOSE 0 VMAX 0 VLOCKUP 0 VDECR 0 V3SWAP 0 V2SWAP 0 NFC 0 NFB 0 NFS 0 NFPEN 0 NFT 0 TF 0
[SQ] 83053999: MC 0 MPC 0 TR 0 PMINT 0 PBURN 0 PSYNC 0 TC 0 LT 0 MG 0 VD 0 VDP 0 VWD 0 VLOCK 0 VUNLOCK 0 VCLOSE 0 VMAX 0 VLOCKUP 0 VDECR 0 V3SWAP 0 V2SWAP 0 NFC 0 NFB 0 NFS 0 NFPEN 0 NFT 0 TF 0
[SQ] 83054000: MC 0 MPC 0 TR 0 PMINT 0 PBURN 0 PSYNC 0 TC 0 LT 0 MG 0 VD 0 VDP 0 VWD 0 VLOCK 0 VUNLOCK 0 VCLOSE 0 VMAX 0 VLOCKUP 0 VDECR 0 V3SWAP 0 V2SWAP 0 NFC 0 NFB 0 NFS 0 NFPEN 0 NFT 0 TF 0
[SQ] 83054001: MC 0 MPC 0 TR 0 PMINT 0 PBURN 0 PSYNC 0 TC 0 LT 0 MG 0 VD 0 VDP 0 VWD 0 VLOCK 0 VUNLOCK 0 VCLOSE 0 VMAX 0 VLOCKUP 0 VDECR 0 V3SWAP 0 V2SWAP 0 NFC 0 NFB 0 NFS 0 NFPEN 0 NFT 0 TF 0
[SQ] 83054002: MC 0 MPC 0 TR 0 PMINT 0 PBURN 0 PSYNC 0 TC 0 LT 0 MG 0 VD 0 VDP 0 VWD 0 VLOCK 0 VUNLOCK 0 VCLOSE 0 VMAX 0 VLOCKUP 0 VDECR 0 V3SWAP 0 V2SWAP 0 NFC 0 NFB 0 NFS 0 NFPEN 0 NFT 0 TF 0
[SQ] 83054003: MC 0 MPC 0 TR 0 PMINT 0 PBURN 0 PSYNC 0 TC 0 LT 0 MG 0 VD 0 VDP 0 VWD 0 VLOCK 0 VUNLOCK 0 VCLOSE 0 VMAX 0 VLOCKUP 0 VDECR 0 V3SWAP 0 V2SWAP 0 NFC 0 NFB 0 NFS 0 NFPEN 0 NFT 0 TF 1
[SQ] 83054004: MC 0 MPC 0 TR 0 PMINT 0 PBURN 0 PSYNC 0 TC 0 LT 0 MG 0 VD 0 VDP 0 VWD 0 VLOCK 0 VUNLOCK 0 VCLOSE 0 VMAX 0 VLOCKUP 0 VDECR 0 V3SWAP 0 V2SWAP 0 NFC 0 NFB 0 NFS 0 NFPEN 0 NFT 0 TF 0
[SQ] 83054005: MC 0 MPC 0 TR 0 PMINT 0 PBURN 0 PSYNC 0 TC 0 LT 0 MG 0 VD 0 VDP 0 VWD 0 VLOCK 0 VUNLOCK 0 VCLOSE 0 VMAX 0 VLOCKUP 0 VDECR 0 V3SWAP 0 V2SWAP 0 NFC 0 NFB 0 NFS 0 NFPEN 0 NFT 0 TF 0
[SQ] 83054006: MC 0 MPC 0 TR 0 PMINT 0 PBURN 0 PSYNC 0 TC 0 LT 0 MG 0 VD 0 VDP 0 VWD 0 VLOCK 0 VUNLOCK 0 VCLOSE 0 VMAX 0 VLOCKUP 0 VDECR 0 V3SWAP 0 V2SWAP 0 NFC 0 NFB 0 NFS 0 NFPEN 0 NFT 0 TF 6
[SQ] 83054007: MC 0 MPC 0 TR 0 PMINT 0 PBURN 0 PSYNC 0 TC 0 LT 0 MG 0 VD 0 VDP 0 VWD 0 VLOCK 0 VUNLOCK 0 VCLOSE 0 VMAX 0 VLOCKUP 0 VDECR 0 V3SWAP 0 V2SWAP 0 NFC 0 NFB 0 NFS 0 NFPEN 0 NFT 0 TF 0
[SQ] 83054008: MC 0 MPC 0 TR 0 PMINT 0 PBURN 0 PSYNC 0 TC 0 LT 0 MG 0 VD 0 VDP 0 VWD 0 VLOCK 0 VUNLOCK 0 VCLOSE 0 VMAX 0 VLOCKUP 0 VDECR 0 V3SWAP 1 V2SWAP 0 NFC 0 NFB 0 NFS 0 NFPEN 0 NFT 0 TF 9
[SQ] 83054009: MC 0 MPC 0 TR 0 PMINT 0 PBURN 0 PSYNC 0 TC 0 LT 0 MG 0 VD 0 VDP 0 VWD 0 VLOCK 0 VUNLOCK 0 VCLOSE 0 VMAX 0 VLOCKUP 0 VDECR 0 V3SWAP 0 V2SWAP 0 NFC 0 NFB 0 NFS 0 NFPEN 0 NFT 0 TF 0
[SQ] 83054010: MC 0 MPC 0 TR 0 PMINT 0 PBURN 0 PSYNC 0 TC 0 LT 0 MG 0 VD 0 VDP 0 VWD 0 VLOCK 0 VUNLOCK 0 VCLOSE 0 VMAX 0 VLOCKUP 0 VDECR 0 V3SWAP 3 V2SWAP 0 NFC 0 NFB 0 NFS 0 NFPEN 0 NFT 0 TF 11
[SQ] 83054011: MC 0 MPC 0 TR 0 PMINT 0 PBURN 0 PSYNC 0 TC 0 LT 0 MG 0 VD 0 VDP 0 VWD 0 VLOCK 0 VUNLOCK 0 VCLOSE 0 VMAX 0 VLOCKUP 0 VDECR 0 V3SWAP 0 V2SWAP 0 NFC 0 NFB 0 NFS 0 NFPEN 0 NFT 0 TF 0
[SQ] 83054012: MC 0 MPC 0 TR 0 PMINT 0 PBURN 0 PSYNC 0 TC 0 LT 0 MG 0 VD 0 VDP 0 VWD 0 VLOCK 0 VUNLOCK 0 VCLOSE 0 VMAX 0 VLOCKUP 0 VDECR 0 V3SWAP 0 V2SWAP 0 NFC 0 NFB 0 NFS 0 NFPEN 0 NFT 0 TF 0
[SQ] 83054013: MC 0 MPC 0 TR 0 PMINT 0 PBURN 0 PSYNC 0 TC 0 LT 0 MG 0 VD 0 VDP 0 VWD 0 VLOCK 0 VUNLOCK 0 VCLOSE 0 VMAX 0 VLOCKUP 0 VDECR 0 V3SWAP 0 V2SWAP 0 NFC 0 NFB 0 NFS 0 NFPEN 0 NFT 0 TF 0
[SQ] 83054014: MC 0 MPC 0 TR 0 PMINT 0 PBURN 0 PSYNC 0 TC 0 LT 0 MG 0 VD 0 VDP 0 VWD 0 VLOCK 0 VUNLOCK 0 VCLOSE 0 VMAX 0 VLOCKUP 0 VDECR 0 V3SWAP 0 V2SWAP 0 NFC 0 NFB 0 NFS 0 NFPEN 0 NFT 0 TF 0
[SQ] 83054015: MC 0 MPC 0 TR 0 PMINT 0 PBURN 0 PSYNC 0 TC 0 LT 0 MG 0 VD 0 VDP 0 VWD 0 VLOCK 0 VUNLOCK 0 VCLOSE 0 VMAX 0 VLOCKUP 0 VDECR 0 V3SWAP 0 V2SWAP 0 NFC 0 NFB 0 NFS 0 NFPEN 0 NFT 0 TF 0
[SQ] 83054016: MC 0 MPC 0 TR 0 PMINT 0 PBURN 0 PSYNC 0 TC 0 LT 0 MG 0 VD 0 VDP 0 VWD 0 VLOCK 0 VUNLOCK 0 VCLOSE 0 VMAX 0 VLOCKUP 0 VDECR 0 V3SWAP 0 V2SWAP 0 NFC 0 NFB 0 NFS 0 NFPEN 0 NFT 0 TF 0
[SQ] 83054017: MC 0 MPC 0 TR 0 PMINT 0 PBURN 0 PSYNC 0 TC 0 LT 0 MG 0 VD 0 VDP 0 VWD 0 VLOCK 0 VUNLOCK 0 VCLOSE 0 VMAX 0 VLOCKUP 0 VDECR 0 V3SWAP 0 V2SWAP 0 NFC 0 NFB 0 NFS 0 NFPEN 0 NFT 0 TF 0
[SQ] 83054018: MC 0 MPC 0 TR 0 PMINT 0 PBURN 0 PSYNC 0 TC 0 LT 0 MG 0 VD 0 VDP 0 VWD 0 VLOCK 0 VUNLOCK 0 VCLOSE 0 VMAX 0 VLOCKUP 0 VDECR 0 V3SWAP 0 V2SWAP 0 NFC 0 NFB 0 NFS 0 NFPEN 0 NFT 0 TF 0
[SQ] 83054019: MC 0 MPC 0 TR 0 PMINT 0 PBURN 0 PSYNC 0 TC 0 LT 0 MG 0 VD 0 VDP 0 VWD 0 VLOCK 0 VUNLOCK 0 VCLOSE 0 VMAX 0 VLOCKUP 0 VDECR 0 V3SWAP 0 V2SWAP 0 NFC 0 NFB 0 NFS 0 NFPEN 0 NFT 0 TF 0
[SQ] 83054020: MC 0 MPC 0 TR 0 PMINT 0 PBURN 0 PSYNC 0 TC 0 LT 0 MG 0 VD 0 VDP 0 VWD 0 VLOCK 0 VUNLOCK 0 VCLOSE 0 VMAX 0 VLOCKUP 0 VDECR 0 V3SWAP 0 V2SWAP 0 NFC 0 NFB 0 NFS 0 NFPEN 0 NFT 0 TF 0
[SQ] 83054021: MC 0 MPC 0 TR 0 PMINT 0 PBURN 0 PSYNC 0 TC 0 LT 0 MG 0 VD 0 VDP 0 VWD 0 VLOCK 0 VUNLOCK 0 VCLOSE 0 VMAX 0 VLOCKUP 0 VDECR 0 V3SWAP 1 V2SWAP 0 NFC 0 NFB 0 NFS 0 NFPEN 0 NFT 0 TF 3
[SQ] 83054022: MC 0 MPC 0 TR 0 PMINT 0 PBURN 0 PSYNC 0 TC 0 LT 0 MG 0 VD 0 VDP 0 VWD 0 VLOCK 0 VUNLOCK 0 VCLOSE 0 VMAX 0 VLOCKUP 0 VDECR 0 V3SWAP 0 V2SWAP 0 NFC 0 NFB 0 NFS 0 NFPEN 0 NFT 0 TF 0
[SQ] 83054023: MC 0 MPC 0 TR 0 PMINT 0 PBURN 0 PSYNC 0 TC 0 LT 0 MG 0 VD 0 VDP 0 VWD 0 VLOCK 0 VUNLOCK 0 VCLOSE 0 VMAX 0 VLOCKUP 0 VDECR 0 V3SWAP 0 V2SWAP 0 NFC 0 NFB 0 NFS 0 NFPEN 0 NFT 0 TF 0
[SQ] 83054024: MC 0 MPC 0 TR 0 PMINT 0 PBURN 0 PSYNC 0 TC 0 LT 0 MG 0 VD 0 VDP 0 VWD 0 VLOCK 0 VUNLOCK 0 VCLOSE 0 VMAX 0 VLOCKUP 0 VDECR 0 V3SWAP 0 V2SWAP 0 NFC 0 NFB 0 NFS 0 NFPEN 0 NFT 0 TF 0
[SQ] 83054025: MC 0 MPC 0 TR 0 PMINT 0 PBURN 0 PSYNC 0 TC 0 LT 0 MG 0 VD 0 VDP 0 VWD 0 VLOCK 0 VUNLOCK 0 VCLOSE 0 VMAX 0 VLOCKUP 0 VDECR 0 V3SWAP 0 V2SWAP 0 NFC 0 NFB 0 NFS 0 NFPEN 0 NFT 0 TF 0
[SQ] 83054026: MC 0 MPC 0 TR 0 PMINT 0 PBURN 0 PSYNC 0 TC 0 LT 0 MG 0 VD 0 VDP 0 VWD 0 VLOCK 0 VUNLOCK 0 VCLOSE 0 VMAX 0 VLOCKUP 0 VDECR 0 V3SWAP 0 V2SWAP 0 NFC 0 NFB 0 NFS 0 NFPEN 0 NFT 0 TF 0
[SQ] 83054027: MC 0 MPC 0 TR 0 PMINT 0 PBURN 0 PSYNC 0 TC 0 LT 0 MG 0 VD 0 VDP 0 VWD 0 VLOCK 0 VUNLOCK 0 VCLOSE 0 VMAX 0 VLOCKUP 0 VDECR 0 V3SWAP 0 V2SWAP 0 NFC 0 NFB 0 NFS 0 NFPEN 0 NFT 0 TF 0
[SQ] 83054028: MC 0 MPC 0 TR 0 PMINT 0 PBURN 0 PSYNC 0 TC 0 LT 0 MG 0 VD 0 VDP 0 VWD 0 VLOCK 0 VUNLOCK 0 VCLOSE 0 VMAX 0 VLOCKUP 0 VDECR 0 V3SWAP 0 V2SWAP 0 NFC 0 NFB 0 NFS 0 NFPEN 0 NFT 0 TF 0
[SQ] 83054029: MC 0 MPC 0 TR 0 PMINT 0 PBURN 0 PSYNC 0 TC 0 LT 0 MG 0 VD 0 VDP 0 VWD 0 VLOCK 0 VUNLOCK 0 VCLOSE 0 VMAX 0 VLOCKUP 0 VDECR 0 V3SWAP 0 V2SWAP 0 NFC 0 NFB 0 NFS 0 NFPEN 0 NFT 0 TF 0
[SQ] 83054030: MC 0 MPC 0 TR 0 PMINT 0 PBURN 0 PSYNC 0 TC 0 LT 0 MG 0 VD 0 VDP 0 VWD 0 VLOCK 0 VUNLOCK 0 VCLOSE 0 VMAX 0 VLOCKUP 0 VDECR 0 V3SWAP 0 V2SWAP 0 NFC 0 NFB 0 NFS 0 NFPEN 0 NFT 0 TF 1
[SQ] 83054031: MC 0 MPC 0 TR 0 PMINT 0 PBURN 0 PSYNC 0 TC 0 LT 0 MG 0 VD 0 VDP 0 VWD 0 VLOCK 0 VUNLOCK 0 VCLOSE 0 VMAX 0 VLOCKUP 0 VDECR 0 V3SWAP 0 V2SWAP 0 NFC 0 NFB 0 NFS 0 NFPEN 0 NFT 0 TF 0
[SQ] 83054032: MC 0 MPC 0 TR 0 PMINT 0 PBURN 0 PSYNC 0 TC 0 LT 0 MG 0 VD 0 VDP 0 VWD 0 VLOCK 0 VUNLOCK 0 VCLOSE 0 VMAX 0 VLOCKUP 0 VDECR 0 V3SWAP 0 V2SWAP 0 NFC 0 NFB 0 NFS 0 NFPEN 0 NFT 0 TF 0
[SQ] 83054033: MC 0 MPC 0 TR 0 PMINT 0 PBURN 0 PSYNC 0 TC 0 LT 0 MG 0 VD 0 VDP 0 VWD 0 VLOCK 0 VUNLOCK 0 VCLOSE 0 VMAX 0 VLOCKUP 0 VDECR 0 V3SWAP 0 V2SWAP 0 NFC 0 NFB 0 NFS 0 NFPEN 0 NFT 0 TF 0
[SQ] 83054034: MC 0 MPC 0 TR 0 PMINT 0 PBURN 0 PSYNC 0 TC 0 LT 0 MG 0 VD 0 VDP 0 VWD 0 VLOCK 0 VUNLOCK 0 VCLOSE 0 VMAX 0 VLOCKUP 0 VDECR 0 V3SWAP 0 V2SWAP 0 NFC 0 NFB 0 NFS 0 NFPEN 0 NFT 0 TF 0
[SQ] 83054035: MC 0 MPC 0 TR 0 PMINT 0 PBURN 0 PSYNC 0 TC 0 LT 0 MG 0 VD 0 VDP 0 VWD 0 VLOCK 0 VUNLOCK 0 VCLOSE 0 VMAX 0 VLOCKUP 0 VDECR 0 V3SWAP 0 V2SWAP 0 NFC 0 NFB 0 NFS 0 NFPEN 0 NFT 0 TF 0
[SQ] 83054036: MC 0 MPC 0 TR 0 PMINT 0 PBURN 0 PSYNC 0 TC 0 LT 0 MG 0 VD 0 VDP 0 VWD 0 VLOCK 0 VUNLOCK 0 VCLOSE 0 VMAX 0 VLOCKUP 0 VDECR 0 V3SWAP 0 V2SWAP 0 NFC 0 NFB 0 NFS 0 NFPEN 0 NFT 0 TF 0
[SQ] 83054037: MC 0 MPC 0 TR 0 PMINT 0 PBURN 0 PSYNC 0 TC 0 LT 0 MG 0 VD 0 VDP 0 VWD 0 VLOCK 0 VUNLOCK 0 VCLOSE 0 VMAX 0 VLOCKUP 0 VDECR 0 V3SWAP 0 V2SWAP 0 NFC 0 NFB 0 NFS 0 NFPEN 0 NFT 0 TF 0
[SQ] 83054038: MC 0 MPC 0 TR 0 PMINT 0 PBURN 0 PSYNC 0 TC 0 LT 0 MG 0 VD 0 VDP 0 VWD 0 VLOCK 0 VUNLOCK 0 VCLOSE 0 VMAX 0 VLOCKUP 0 VDECR 0 V3SWAP 0 V2SWAP 0 NFC 0 NFB 0 NFS 0 NFPEN 0 NFT 0 TF 0
[SQ] 83054039: MC 0 MPC 0 TR 0 PMINT 0 PBURN 0 PSYNC 0 TC 0 LT 0 MG 0 VD 0 VDP 0 VWD 0 VLOCK 0 VUNLOCK 0 VCLOSE 0 VMAX 0 VLOCKUP 0 VDECR 0 V3SWAP 0 V2SWAP 0 NFC 0 NFB 0 NFS 0 NFPEN 0 NFT 0 TF 0
[SQ] 83054040: MC 0 MPC 0 TR 0 PMINT 0 PBURN 0 PSYNC 0 TC 0 LT 0 MG 0 VD 0 VDP 0 VWD 0 VLOCK 0 VUNLOCK 0 VCLOSE 0 VMAX 0 VLOCKUP 0 VDECR 0 V3SWAP 0 V2SWAP 0 NFC 0 NFB 0 NFS 0 NFPEN 0 NFT 0 TF 0
[SQ] 83054041: MC 0 MPC 0 TR 0 PMINT 0 PBURN 0 PSYNC 0 TC 0 LT 0 MG 0 VD 0 VDP 0 VWD 0 VLOCK 0 VUNLOCK 0 VCLOSE 0 VMAX 0 VLOCKUP 0 VDECR 0 V3SWAP 0 V2SWAP 0 NFC 0 NFB 0 NFS 0 NFPEN 0 NFT 0 TF 0
[SQ] 83054042: MC 0 MPC 0 TR 0 PMINT 0 PBURN 0 PSYNC 0 TC 0 LT 0 MG 0 VD 0 VDP 0 VWD 0 VLOCK 0 VUNLOCK 0 VCLOSE 0 VMAX 0 VLOCKUP 0 VDECR 0 V3SWAP 0 V2SWAP 0 NFC 0 NFB 0 NFS 0 NFPEN 0 NFT 0 TF 0
[SQ] 83054043: MC 0 MPC 0 TR 0 PMINT 0 PBURN 0 PSYNC 0 TC 0 LT 0 MG 0 VD 0 VDP 0 VWD 0 VLOCK 0 VUNLOCK 0 VCLOSE 0 VMAX 0 VLOCKUP 0 VDECR 0 V3SWAP 0 V2SWAP 0 NFC 0 NFB 0 NFS 0 NFPEN 0 NFT 0 TF 0
[SQ] 83054044: MC 0 MPC 0 TR 0 PMINT 0 PBURN 0 PSYNC 0 TC 0 LT 0 MG 0 VD 0 VDP 0 VWD 0 VLOCK 0 VUNLOCK 0 VCLOSE 0 VMAX 0 VLOCKUP 0 VDECR 0 V3SWAP 0 V2SWAP 0 NFC 0 NFB 0 NFS 0 NFPEN 0 NFT 0 TF 1
[SQ] 83054045: MC 0 MPC 0 TR 0 PMINT 0 PBURN 0 PSYNC 0 TC 0 LT 0 MG 0 VD 0 VDP 0 VWD 0 VLOCK 0 VUNLOCK 0 VCLOSE 0 VMAX 0 VLOCKUP 0 VDECR 0 V3SWAP 1 V2SWAP 0 NFC 0 NFB 0 NFS 0 NFPEN 0 NFT 0 TF 5
[SQ] 83054046: MC 0 MPC 0 TR 0 PMINT 0 PBURN 0 PSYNC 0 TC 0 LT 0 MG 0 VD 0 VDP 0 VWD 0 VLOCK 0 VUNLOCK 0 VCLOSE 0 VMAX 0 VLOCKUP 0 VDECR 0 V3SWAP 0 V2SWAP 0 NFC 0 NFB 0 NFS 0 NFPEN 0 NFT 0 TF 0
[SQ] 83054047: MC 0 MPC 0 TR 0 PMINT 0 PBURN 0 PSYNC 0 TC 0 LT 0 MG 0 VD 0 VDP 0 VWD 0 VLOCK 0 VUNLOCK 0 VCLOSE 0 VMAX 0 VLOCKUP 0 VDECR 0 V3SWAP 0 V2SWAP 0 NFC 0 NFB 0 NFS 0 NFPEN 0 NFT 0 TF 0
[SQ] 83054048: MC 0 MPC 0 TR 0 PMINT 0 PBURN 0 PSYNC 0 TC 0 LT 0 MG 0 VD 0 VDP 0 VWD 0 VLOCK 0 VUNLOCK 0 VCLOSE 0 VMAX 0 VLOCKUP 0 VDECR 0 V3SWAP 0 V2SWAP 0 NFC 0 NFB 0 NFS 0 NFPEN 0 NFT 0 TF 0
[SQ] 83054049: MC 0 MPC 0 TR 0 PMINT 0 PBURN 0 PSYNC 0 TC 0 LT 0 MG 0 VD 0 VDP 0 VWD 0 VLOCK 0 VUNLOCK 0 VCLOSE 0 VMAX 0 VLOCKUP 0 VDECR 0 V3SWAP 0 V2SWAP 0 NFC 0 NFB 0 NFS 0 NFPEN 0 NFT 0 TF 0
[SQ] 83054050: MC 0 MPC 0 TR 0 PMINT 0 PBURN 0 PSYNC 0 TC 0 LT 0 MG 0 VD 0 VDP 0 VWD 0 VLOCK 0 VUNLOCK 0 VCLOSE 0 VMAX 0 VLOCKUP 0 VDECR 0 V3SWAP 0 V2SWAP 0 NFC 0 NFB 0 NFS 0 NFPEN 0 NFT 0 TF 0
[SQ] 83054051: MC 0 MPC 0 TR 0 PMINT 0 PBURN 0 PSYNC 0 TC 0 LT 0 MG 0 VD 0 VDP 0 VWD 0 VLOCK 0 VUNLOCK 0 VCLOSE 0 VMAX 0 VLOCKUP 0 VDECR 0 V3SWAP 0 V2SWAP 0 NFC 0 NFB 0 NFS 0 NFPEN 0 NFT 0 TF 4
[SQ] 83054052: MC 0 MPC 0 TR 0 PMINT 0 PBURN 0 PSYNC 0 TC 0 LT 0 MG 0 VD 0 VDP 0 VWD 0 VLOCK 0 VUNLOCK 0 VCLOSE 0 VMAX 0 VLOCKUP 0 VDECR 0 V3SWAP 0 V2SWAP 0 NFC 0 NFB 0 NFS 0 NFPEN 0 NFT 0 TF 0
[SQ] 83054053: MC 0 MPC 0 TR 0 PMINT 0 PBURN 0 PSYNC 0 TC 0 LT 0 MG 0 VD 0 VDP 0 VWD 0 VLOCK 0 VUNLOCK 0 VCLOSE 0 VMAX 0 VLOCKUP 0 VDECR 0 V3SWAP 1 V2SWAP 0 NFC 0 NFB 0 NFS 0 NFPEN 0 NFT 0 TF 3
[SQ] 83054054: MC 0 MPC 0 TR 0 PMINT 0 PBURN 0 PSYNC 0 TC 0 LT 0 MG 0 VD 0 VDP 0 VWD 0 VLOCK 0 VUNLOCK 0 VCLOSE 0 VMAX 0 VLOCKUP 0 VDECR 0 V3SWAP 0 V2SWAP 0 NFC 0 NFB 0 NFS 0 NFPEN 0 NFT 0 TF 3
[SQ] 83054055: MC 0 MPC 0 TR 0 PMINT 0 PBURN 0 PSYNC 0 TC 0 LT 0 MG 0 VD 0 VDP 0 VWD 0 VLOCK 0 VUNLOCK 0 VCLOSE 0 VMAX 0 VLOCKUP 0 VDECR 0 V3SWAP 0 V2SWAP 0 NFC 0 NFB 0 NFS 0 NFPEN 0 NFT 0 TF 0
[SQ] 83054056: MC 0 MPC 0 TR 0 PMINT 0 PBURN 0 PSYNC 0 TC 0 LT 0 MG 0 VD 0 VDP 0 VWD 0 VLOCK 0 VUNLOCK 0 VCLOSE 0 VMAX 0 VLOCKUP 0 VDECR 0 V3SWAP 0 V2SWAP 0 NFC 0 NFB 0 NFS 0 NFPEN 0 NFT 0 TF 2
[SQ] 83054057: MC 0 MPC 0 TR 0 PMINT 0 PBURN 0 PSYNC 0 TC 0 LT 0 MG 0 VD 0 VDP 0 VWD 0 VLOCK 0 VUNLOCK 0 VCLOSE 0 VMAX 0 VLOCKUP 0 VDECR 0 V3SWAP 0 V2SWAP 0 NFC 0 NFB 0 NFS 0 NFPEN 0 NFT 0 TF 1
[SQ] 83054058: MC 0 MPC 0 TR 0 PMINT 0 PBURN 0 PSYNC 0 TC 0 LT 0 MG 0 VD 0 VDP 0 VWD 0 VLOCK 0 VUNLOCK 0 VCLOSE 0 VMAX 0 VLOCKUP 0 VDECR 0 V3SWAP 0 V2SWAP 0 NFC 0 NFB 0 NFS 0 NFPEN 0 NFT 0 TF 0
[SQ] 83054059: MC 0 MPC 0 TR 0 PMINT 0 PBURN 0 PSYNC 0 TC 0 LT 0 MG 0 VD 0 VDP 0 VWD 0 VLOCK 0 VUNLOCK 0 VCLOSE 0 VMAX 0 VLOCKUP 0 VDECR 0 V3SWAP 1 V2SWAP 0 NFC 0 NFB 0 NFS 0 NFPEN 0 NFT 0 TF 5
[SQ] 83054060: MC 0 MPC 0 TR 0 PMINT 0 PBURN 0 PSYNC 0 TC 0 LT 0 MG 0 VD 0 VDP 0 VWD 0 VLOCK 0 VUNLOCK 0 VCLOSE 0 VMAX 0 VLOCKUP 0 VDECR 0 V3SWAP 0 V2SWAP 0 NFC 0 NFB 0 NFS 0 NFPEN 0 NFT 0 TF 1
[SQ] 83054061: MC 0 MPC 0 TR 0 PMINT 0 PBURN 0 PSYNC 0 TC 0 LT 0 MG 0 VD 0 VDP 0 VWD 0 VLOCK 0 VUNLOCK 0 VCLOSE 0 VMAX 0 VLOCKUP 0 VDECR 0 V3SWAP 0 V2SWAP 0 NFC 0 NFB 0 NFS 0 NFPEN 0 NFT 0 TF 0
[SQ] 83054062: MC 0 MPC 0 TR 0 PMINT 0 PBURN 0 PSYNC 0 TC 0 LT 0 MG 0 VD 0 VDP 0 VWD 0 VLOCK 0 VUNLOCK 0 VCLOSE 0 VMAX 0 VLOCKUP 0 VDECR 0 V3SWAP 0 V2SWAP 0 NFC 0 NFB 0 NFS 0 NFPEN 0 NFT 0 TF 0
[SQ] 83054063: MC 0 MPC 0 TR 0 PMINT 0 PBURN 0 PSYNC 0 TC 0 LT 0 MG 0 VD 0 VDP 0 VWD 0 VLOCK 0 VUNLOCK 0 VCLOSE 0 VMAX 0 VLOCKUP 0 VDECR 0 V3SWAP 0 V2SWAP 0 NFC 0 NFB 0 NFS 0 NFPEN 0 NFT 0 TF 0
[SQ] 83054064: MC 0 MPC 0 TR 0 PMINT 0 PBURN 0 PSYNC 0 TC 0 LT 0 MG 0 VD 0 VDP 0 VWD 0 VLOCK 0 VUNLOCK 0 VCLOSE 0 VMAX 0 VLOCKUP 0 VDECR 0 V3SWAP 0 V2SWAP 0 NFC 0 NFB 0 NFS 0 NFPEN 0 NFT 0 TF 0
[SQ] 83054065: MC 0 MPC 0 TR 0 PMINT 0 PBURN 0 PSYNC 0 TC 0 LT 0 MG 0 VD 0 VDP 0 VWD 0 VLOCK 0 VUNLOCK 0 VCLOSE 0 VMAX 0 VLOCKUP 0 VDECR 0 V3SWAP 0 V2SWAP 0 NFC 0 NFB 0 NFS 0 NFPEN 0 NFT 0 TF 0
[SQ] 83054066: MC 0 MPC 0 TR 0 PMINT 0 PBURN 0 PSYNC 0 TC 0 LT 0 MG 0 VD 0 VDP 0 VWD 0 VLOCK 0 VUNLOCK 0 VCLOSE 0 VMAX 0 VLOCKUP 0 VDECR 0 V3SWAP 0 V2SWAP 0 NFC 0 NFB 0 NFS 0 NFPEN 0 NFT 0 TF 0
[SQ] 83054067: MC 0 MPC 0 TR 0 PMINT 0 PBURN 0 PSYNC 0 TC 0 LT 0 MG 0 VD 0 VDP 0 VWD 0 VLOCK 0 VUNLOCK 0 VCLOSE 0 VMAX 0 VLOCKUP 0 VDECR 0 V3SWAP 0 V2SWAP 0 NFC 0 NFB 0 NFS 0 NFPEN 0 NFT 0 TF 2
[SQ] 83054068: MC 0 MPC 0 TR 0 PMINT 0 PBURN 0 PSYNC 0 TC 0 LT 0 MG 0 VD 0 VDP 0 VWD 0 VLOCK 0 VUNLOCK 0 VCLOSE 0 VMAX 0 VLOCKUP 0 VDECR 0 V3SWAP 0 V2SWAP 0 NFC 0 NFB 0 NFS 0 NFPEN 0 NFT 0 TF 0
[SQ] 83054069: MC 0 MPC 0 TR 0 PMINT 0 PBURN 0 PSYNC 0 TC 0 LT 0 MG 0 VD 0 VDP 0 VWD 0 VLOCK 0 VUNLOCK 0 VCLOSE 0 VMAX 0 VLOCKUP 0 VDECR 0 V3SWAP 0 V2SWAP 0 NFC 0 NFB 0 NFS 0 NFPEN 0 NFT 0 TF 1
[SQ] 83054070: MC 0 MPC 0 TR 0 PMINT 0 PBURN 0 PSYNC 0 TC 0 LT 0 MG 0 VD 0 VDP 0 VWD 0 VLOCK 0 VUNLOCK 0 VCLOSE 0 VMAX 0 VLOCKUP 0 VDECR 0 V3SWAP 0 V2SWAP 0 NFC 0 NFB 0 NFS 0 NFPEN 0 NFT 0 TF 3
[SQ] 83054071: MC 0 MPC 0 TR 0 PMINT 0 PBURN 0 PSYNC 0 TC 0 LT 0 MG 0 VD 0 VDP 0 VWD 0 VLOCK 0 VUNLOCK 0 VCLOSE 0 VMAX 0 VLOCKUP 0 VDECR 0 V3SWAP 0 V2SWAP 0 NFC 0 NFB 0 NFS 0 NFPEN 0 NFT 0 TF 0
[SQ] 83054072: MC 0 MPC 0 TR 0 PMINT 0 PBURN 0 PSYNC 0 TC 0 LT 0 MG 0 VD 0 VDP 0 VWD 0 VLOCK 0 VUNLOCK 0 VCLOSE 0 VMAX 0 VLOCKUP 0 VDECR 0 V3SWAP 0 V2SWAP 0 NFC 0 NFB 0 NFS 0 NFPEN 0 NFT 0 TF 2
[SQ] 83054073: MC 0 MPC 0 TR 0 PMINT 0 PBURN 0 PSYNC 0 TC 0 LT 0 MG 0 VD 0 VDP 0 VWD 0 VLOCK 0 VUNLOCK 0 VCLOSE 0 VMAX 0 VLOCKUP 0 VDECR 0 V3SWAP 0 V2SWAP 0 NFC 0 NFB 0 NFS 0 NFPEN 0 NFT 0 TF 0
[SQ] 83054074: MC 0 MPC 0 TR 0 PMINT 0 PBURN 0 PSYNC 0 TC 0 LT 0 MG 0 VD 0 VDP 0 VWD 0 VLOCK 0 VUNLOCK 0 VCLOSE 0 VMAX 0 VLOCKUP 0 VDECR 0 V3SWAP 0 V2SWAP 0 NFC 0 NFB 0 NFS 0 NFPEN 0 NFT 0 TF 0
[SQ] 83054075: MC 0 MPC 0 TR 0 PMINT 0 PBURN 0 PSYNC 0 TC 0 LT 0 MG 0 VD 0 VDP 0 VWD 0 VLOCK 0 VUNLOCK 0 VCLOSE 0 VMAX 0 VLOCKUP 0 VDECR 0 V3SWAP 0 V2SWAP 0 NFC 0 NFB 0 NFS 0 NFPEN 0 NFT 0 TF 2
[SQ] 83054076: MC 0 MPC 0 TR 0 PMINT 0 PBURN 0 PSYNC 0 TC 0 LT 0 MG 0 VD 0 VDP 0 VWD 0 VLOCK 0 VUNLOCK 0 VCLOSE 0 VMAX 0 VLOCKUP 0 VDECR 0 V3SWAP 0 V2SWAP 0 NFC 0 NFB 0 NFS 0 NFPEN 0 NFT 0 TF 0
[SQ] 83054077: MC 0 MPC 0 TR 0 PMINT 0 PBURN 0 PSYNC 0 TC 0 LT 0 MG 0 VD 0 VDP 0 VWD 0 VLOCK 0 VUNLOCK 0 VCLOSE 0 VMAX 0 VLOCKUP 0 VDECR 0 V3SWAP 0 V2SWAP 0 NFC 0 NFB 0 NFS 0 NFPEN 0 NFT 0 TF 0
[SQ] 83054078: MC 0 MPC 0 TR 0 PMINT 0 PBURN 0 PSYNC 0 TC 0 LT 0 MG 0 VD 0 VDP 0 VWD 0 VLOCK 0 VUNLOCK 0 VCLOSE 0 VMAX 0 VLOCKUP 0 VDECR 0 V3SWAP 0 V2SWAP 0 NFC 0 NFB 0 NFS 0 NFPEN 0 NFT 0 TF 0
[SQ] 83054079: MC 0 MPC 0 TR 0 PMINT 0 PBURN 0 PSYNC 0 TC 0 LT 0 MG 0 VD 0 VDP 0 VWD 0 VLOCK 0 VUNLOCK 0 VCLOSE 0 VMAX 0 VLOCKUP 0 VDECR 0 V3SWAP 0 V2SWAP 0 NFC 0 NFB 0 NFS 0 NFPEN 0 NFT 0 TF 0
[SQ] 83054080: MC 0 MPC 0 TR 0 PMINT 0 PBURN 0 PSYNC 0 TC 0 LT 0 MG 0 VD 0 VDP 0 VWD 0 VLOCK 0 VUNLOCK 0 VCLOSE 0 VMAX 0 VLOCKUP 0 VDECR 0 V3SWAP 0 V2SWAP 0 NFC 0 NFB 0 NFS 0 NFPEN 0 NFT 0 TF 2
[SQ] 83054081: MC 0 MPC 0 TR 0 PMINT 0 PBURN 0 PSYNC 0 TC 0 LT 0 MG 0 VD 0 VDP 0 VWD 0 VLOCK 0 VUNLOCK 0 VCLOSE 0 VMAX 0 VLOCKUP 0 VDECR 0 V3SWAP 0 V2SWAP 0 NFC 0 NFB 0 NFS 0 NFPEN 0 NFT 0 TF 0
[SQ] 83054082: MC 0 MPC 0 TR 0 PMINT 0 PBURN 0 PSYNC 0 TC 0 LT 0 MG 0 VD 0 VDP 0 VWD 0 VLOCK 0 VUNLOCK 0 VCLOSE 0 VMAX 0 VLOCKUP 0 VDECR 0 V3SWAP 1 V2SWAP 0 NFC 0 NFB 0 NFS 0 NFPEN 0 NFT 0 TF 3
[SQ] 83054083: MC 0 MPC 0 TR 0 PMINT 0 PBURN 0 PSYNC 0 TC 0 LT 0 MG 0 VD 0 VDP 0 VWD 0 VLOCK 0 VUNLOCK 0 VCLOSE 0 VMAX 0 VLOCKUP 0 VDECR 0 V3SWAP 0 V2SWAP 0 NFC 0 NFB 0 NFS 0 NFPEN 0 NFT 0 TF 0
[SQ] 83054084: MC 0 MPC 0 TR 0 PMINT 0 PBURN 0 PSYNC 0 TC 0 LT 0 MG 0 VD 0 VDP 0 VWD 0 VLOCK 0 VUNLOCK 0 VCLOSE 0 VMAX 0 VLOCKUP 0 VDECR 0 V3SWAP 0 V2SWAP 0 NFC 0 NFB 0 NFS 0 NFPEN 0 NFT 0 TF 0
[SQ] 83054085: MC 0 MPC 0 TR 0 PMINT 0 PBURN 0 PSYNC 0 TC 0 LT 0 MG 0 VD 0 VDP 0 VWD 0 VLOCK 0 VUNLOCK 0 VCLOSE 0 VMAX 0 VLOCKUP 0 VDECR 0 V3SWAP 0 V2SWAP 0 NFC 0 NFB 0 NFS 0 NFPEN 0 NFT 0 TF 0
[SQ] 83054086: MC 0 MPC 0 TR 0 PMINT 0 PBURN 0 PSYNC 0 TC 0 LT 0 MG 0 VD 0 VDP 0 VWD 0 VLOCK 0 VUNLOCK 0 VCLOSE 0 VMAX 0 VLOCKUP 0 VDECR 0 V3SWAP 0 V2SWAP 0 NFC 0 NFB 0 NFS 0 NFPEN 0 NFT 0 TF 0
[SQ] 83054087: MC 0 MPC 0 TR 0 PMINT 0 PBURN 0 PSYNC 0 TC 0 LT 0 MG 0 VD 0 VDP 0 VWD 0 VLOCK 0 VUNLOCK 0 VCLOSE 0 VMAX 0 VLOCKUP 0 VDECR 0 V3SWAP 0 V2SWAP 0 NFC 0 NFB 0 NFS 0 NFPEN 0 NFT 0 TF 0
[SQ] 83054088: MC 0 MPC 0 TR 0 PMINT 0 PBURN 0 PSYNC 0 TC 0 LT 0 MG 0 VD 0 VDP 0 VWD 0 VLOCK 0 VUNLOCK 0 VCLOSE 0 VMAX 0 VLOCKUP 0 VDECR 0 V3SWAP 0 V2SWAP 0 NFC 0 NFB 0 NFS 0 NFPEN 0 NFT 0 TF 0
[SQ] 83054089: MC 0 MPC 0 TR 0 PMINT 0 PBURN 0 PSYNC 0 TC 0 LT 0 MG 0 VD 0 VDP 0 VWD 0 VLOCK 0 VUNLOCK 0 VCLOSE 0 VMAX 0 VLOCKUP 0 VDECR 0 V3SWAP 0 V2SWAP 0 NFC 0 NFB 0 NFS 0 NFPEN 0 NFT 0 TF 6
[SQ] 83054090: MC 0 MPC 0 TR 0 PMINT 0 PBURN 0 PSYNC 0 TC 0 LT 0 MG 0 VD 0 VDP 0 VWD 0 VLOCK 0 VUNLOCK 0 VCLOSE 0 VMAX 0 VLOCKUP 0 VDECR 0 V3SWAP 0 V2SWAP 0 NFC 0 NFB 0 NFS 0 NFPEN 0 NFT 0 TF 3
[SQ] 83054091: MC 0 MPC 0 TR 0 PMINT 0 PBURN 0 PSYNC 0 TC 0 LT 0 MG 0 VD 0 VDP 0 VWD 0 VLOCK 0 VUNLOCK 0 VCLOSE 0 VMAX 0 VLOCKUP 0 VDECR 0 V3SWAP 0 V2SWAP 0 NFC 0 NFB 0 NFS 0 NFPEN 0 NFT 0 TF 0
[SQ] 83054092: MC 0 MPC 0 TR 0 PMINT 0 PBURN 0 PSYNC 0 TC 0 LT 0 MG 0 VD 0 VDP 0 VWD 0 VLOCK 0 VUNLOCK 0 VCLOSE 0 VMAX 0 VLOCKUP 0 VDECR 0 V3SWAP 0 V2SWAP 0 NFC 0 NFB 0 NFS 0 NFPEN 0 NFT 0 TF 6
[SQ] 83054093: MC 0 MPC 0 TR 0 PMINT 0 PBURN 0 PSYNC 0 TC 0 LT 0 MG 0 VD 0 VDP 0 VWD 0 VLOCK 0 VUNLOCK 0 VCLOSE 0 VMAX 0 VLOCKUP 0 VDECR 0 V3SWAP 0 V2SWAP 0 NFC 0 NFB 0 NFS 0 NFPEN 0 NFT 0 TF 0
[SQ] 83054094: MC 0 MPC 0 TR 0 PMINT 0 PBURN 0 PSYNC 0 TC 0 LT 0 MG 0 VD 0 VDP 0 VWD 0 VLOCK 0 VUNLOCK 0 VCLOSE 0 VMAX 0 VLOCKUP 0 VDECR 0 V3SWAP 0 V2SWAP 0 NFC 0 NFB 0 NFS 0 NFPEN 0 NFT 0 TF 0
[SQ] 83054095: MC 0 MPC 0 TR 0 PMINT 0 PBURN 0 PSYNC 0 TC 0 LT 0 MG 0 VD 0 VDP 0 VWD 0 VLOCK 0 VUNLOCK 0 VCLOSE 0 VMAX 0 VLOCKUP 0 VDECR 0 V3SWAP 1 V2SWAP 0 NFC 0 NFB 0 NFS 0 NFPEN 0 NFT 0 TF 4
[SQ] 83054096: MC 0 MPC 0 TR 0 PMINT 0 PBURN 0 PSYNC 0 TC 0 LT 0 MG 0 VD 0 VDP 0 VWD 0 VLOCK 0 VUNLOCK 0 VCLOSE 0 VMAX 0 VLOCKUP 0 VDECR 0 V3SWAP 0 V2SWAP 0 NFC 0 NFB 0 NFS 0 NFPEN 0 NFT 0 TF 1
[SQ] 83054097: MC 0 MPC 0 TR 0 PMINT 0 PBURN 0 PSYNC 0 TC 0 LT 0 MG 0 VD 0 VDP 0 VWD 0 VLOCK 0 VUNLOCK 0 VCLOSE 0 VMAX 0 VLOCKUP 0 VDECR 0 V3SWAP 0 V2SWAP 0 NFC 0 NFB 0 NFS 0 NFPEN 0 NFT 0 TF 0
[SQ] 83054098: MC 0 MPC 0 TR 0 PMINT 0 PBURN 0 PSYNC 0 TC 0 LT 0 MG 0 VD 0 VDP 0 VWD 0 VLOCK 0 VUNLOCK 0 VCLOSE 0 VMAX 0 VLOCKUP 0 VDECR 0 V3SWAP 0 V2SWAP 0 NFC 0 NFB 0 NFS 0 NFPEN 0 NFT 0 TF 0
[SQ] 83054099: MC 0 MPC 0 TR 0 PMINT 0 PBURN 0 PSYNC 0 TC 0 LT 0 MG 0 VD 0 VDP 0 VWD 0 VLOCK 0 VUNLOCK 0 VCLOSE 0 VMAX 0 VLOCKUP 0 VDECR 0 V3SWAP 0 V2SWAP 0 NFC 0 NFB 0 NFS 0 NFPEN 0 NFT 0 TF 0
[SQ] 83054100: MC 0 MPC 0 TR 0 PMINT 0 PBURN 0 PSYNC 0 TC 0 LT 0 MG 0 VD 0 VDP 0 VWD 0 VLOCK 0 VUNLOCK 0 VCLOSE 0 VMAX 0 VLOCKUP 0 VDECR 0 V3SWAP 0 V2SWAP 0 NFC 0 NFB 0 NFS 0 NFPEN 0 NFT 0 TF 0
[SQ] 83054101: MC 0 MPC 0 TR 0 PMINT 0 PBURN 0 PSYNC 0 TC 0 LT 0 MG 0 VD 0 VDP 0 VWD 0 VLOCK 0 VUNLOCK 0 VCLOSE 0 VMAX 0 VLOCKUP 0 VDECR 0 V3SWAP 0 V2SWAP 0 NFC 0 NFB 0 NFS 0 NFPEN 0 NFT 0 TF 0
[SQ] 83054102: MC 0 MPC 0 TR 0 PMINT 0 PBURN 0 PSYNC 0 TC 0 LT 0 MG 0 VD 0 VDP 0 VWD 0 VLOCK 0 VUNLOCK 0 VCLOSE 0 VMAX 0 VLOCKUP 0 VDECR 0 V3SWAP 0 V2SWAP 0 NFC 0 NFB 0 NFS 0 NFPEN 0 NFT 0 TF 0
[SQ] 83054103: MC 0 MPC 0 TR 0 PMINT 0 PBURN 0 PSYNC 0 TC 0 LT 0 MG 0 VD 0 VDP 0 VWD 0 VLOCK 0 VUNLOCK 0 VCLOSE 0 VMAX 0 VLOCKUP 0 VDECR 0 V3SWAP 0 V2SWAP 0 NFC 0 NFB 0 NFS 0 NFPEN 0 NFT 0 TF 0
[SQ] 83054104: MC 0 MPC 0 TR 0 PMINT 0 PBURN 0 PSYNC 0 TC 0 LT 0 MG 0 VD 0 VDP 0 VWD 0 VLOCK 0 VUNLOCK 0 VCLOSE 0 VMAX 0 VLOCKUP 0 VDECR 0 V3SWAP 0 V2SWAP 0 NFC 0 NFB 0 NFS 0 NFPEN 0 NFT 0 TF 0
[SQ] 83054105: MC 0 MPC 0 TR 0 PMINT 0 PBURN 0 PSYNC 0 TC 0 LT 0 MG 0 VD 0 VDP 0 VWD 0 VLOCK 0 VUNLOCK 0 VCLOSE 0 VMAX 0 VLOCKUP 0 VDECR 0 V3SWAP 0 V2SWAP 0 NFC 0 NFB 0 NFS 0 NFPEN 0 NFT 0 TF 0
[SQ] 83054106: MC 0 MPC 0 TR 0 PMINT 0 PBURN 0 PSYNC 0 TC 0 LT 0 MG 0 VD 0 VDP 0 VWD 0 VLOCK 0 VUNLOCK 0 VCLOSE 0 VMAX 0 VLOCKUP 0 VDECR 0 V3SWAP 0 V2SWAP 0 NFC 0 NFB 0 NFS 0 NFPEN 0 NFT 0 TF 0
[SQ] 83054107: MC 0 MPC 0 TR 0 PMINT 0 PBURN 0 PSYNC 0 TC 0 LT 0 MG 0 VD 0 VDP 0 VWD 0 VLOCK 0 VUNLOCK 0 VCLOSE 0 VMAX 0 VLOCKUP 0 VDECR 0 V3SWAP 0 V2SWAP 0 NFC 0 NFB 0 NFS 0 NFPEN 0 NFT 0 TF 2
[SQ] 83054108: MC 0 MPC 0 TR 0 PMINT 0 PBURN 0 PSYNC 0 TC 0 LT 0 MG 0 VD 0 VDP 0 VWD 0 VLOCK 0 VUNLOCK 0 VCLOSE 0 VMAX 0 VLOCKUP 0 VDECR 0 V3SWAP 0 V2SWAP 0 NFC 0 NFB 0 NFS 0 NFPEN 0 NFT 0 TF 0
[SQ] 83054109: MC 0 MPC 0 TR 0 PMINT 0 PBURN 0 PSYNC 0 TC 0 LT 0 MG 0 VD 0 VDP 0 VWD 0 VLOCK 0 VUNLOCK 0 VCLOSE 0 VMAX 0 VLOCKUP 0 VDECR 0 V3SWAP 0 V2SWAP 0 NFC 0 NFB 0 NFS 0 NFPEN 0 NFT 0 TF 0
[SQ] 83054110: MC 0 MPC 0 TR 0 PMINT 0 PBURN 0 PSYNC 0 TC 0 LT 0 MG 0 VD 0 VDP 0 VWD 0 VLOCK 0 VUNLOCK 0 VCLOSE 0 VMAX 0 VLOCKUP 0 VDECR 0 V3SWAP 0 V2SWAP 0 NFC 0 NFB 0 NFS 0 NFPEN 0 NFT 0 TF 0
[SQ] 83054111: MC 0 MPC 0 TR 0 PMINT 0 PBURN 0 PSYNC 0 TC 0 LT 0 MG 0 VD 0 VDP 0 VWD 0 VLOCK 0 VUNLOCK 0 VCLOSE 0 VMAX 0 VLOCKUP 0 VDECR 0 V3SWAP 0 V2SWAP 0 NFC 0 NFB 0 NFS 0 NFPEN 0 NFT 0 TF 0
[SQ] 83054112: MC 0 MPC 0 TR 0 PMINT 0 PBURN 0 PSYNC 0 TC 0 LT 0 MG 0 VD 0 VDP 0 VWD 0 VLOCK 0 VUNLOCK 0 VCLOSE 0 VMAX 0 VLOCKUP 0 VDECR 0 V3SWAP 0 V2SWAP 0 NFC 0 NFB 0 NFS 0 NFPEN 0 NFT 0 TF 0
[SQ] 83054113: MC 0 MPC 0 TR 0 PMINT 0 PBURN 0 PSYNC 0 TC 0 LT 0 MG 0 VD 0 VDP 0 VWD 0 VLOCK 0 VUNLOCK 0 VCLOSE 0 VMAX 0 VLOCKUP 0 VDECR 0 V3SWAP 0 V2SWAP 0 NFC 0 NFB 0 NFS 0 NFPEN 0 NFT 0 TF 0
[SQ] 83054114: MC 0 MPC 0 TR 0 PMINT 0 PBURN 0 PSYNC 0 TC 0 LT 0 MG 0 VD 0 VDP 0 VWD 0 VLOCK 0 VUNLOCK 0 VCLOSE 0 VMAX 0 VLOCKUP 0 VDECR 0 V3SWAP 0 V2SWAP 0 NFC 0 NFB 0 NFS 0 NFPEN 0 NFT 0 TF 0
[SQ] 83054115: MC 0 MPC 0 TR 0 PMINT 0 PBURN 0 PSYNC 0 TC 0 LT 0 MG 0 VD 0 VDP 0 VWD 0 VLOCK 0 VUNLOCK 0 VCLOSE 0 VMAX 0 VLOCKUP 0 VDECR 0 V3SWAP 0 V2SWAP 0 NFC 0 NFB 0 NFS 0 NFPEN 0 NFT 0 TF 0
[SQ] 83054116: MC 0 MPC 0 TR 0 PMINT 0 PBURN 0 PSYNC 0 TC 0 LT 0 MG 0 VD 0 VDP 0 VWD 0 VLOCK 0 VUNLOCK 0 VCLOSE 0 VMAX 0 VLOCKUP 0 VDECR 0 V3SWAP 0 V2SWAP 0 NFC 0 NFB 0 NFS 0 NFPEN 0 NFT 0 TF 0
[SQ] 83054117: MC 0 MPC 0 TR 0 PMINT 0 PBURN 0 PSYNC 0 TC 0 LT 0 MG 0 VD 0 VDP 0 VWD 0 VLOCK 0 VUNLOCK 0 VCLOSE 0 VMAX 0 VLOCKUP 0 VDECR 0 V3SWAP 1 V2SWAP 0 NFC 0 NFB 0 NFS 0 NFPEN 0 NFT 0 TF 3
[SQ] 83054118: MC 0 MPC 0 TR 0 PMINT 0 PBURN 0 PSYNC 0 TC 0 LT 0 MG 0 VD 0 VDP 0 VWD 0 VLOCK 0 VUNLOCK 0 VCLOSE 0 VMAX 0 VLOCKUP 0 VDECR 0 V3SWAP 0 V2SWAP 0 NFC 0 NFB 0 NFS 0 NFPEN 0 NFT 0 TF 0
[SQ] 83054119: MC 0 MPC 0 TR 0 PMINT 0 PBURN 0 PSYNC 0 TC 0 LT 0 MG 0 VD 0 VDP 0 VWD 0 VLOCK 0 VUNLOCK 0 VCLOSE 0 VMAX 0 VLOCKUP 0 VDECR 0 V3SWAP 0 V2SWAP 0 NFC 0 NFB 0 NFS 0 NFPEN 0 NFT 0 TF 0
[SQ] 83054120: MC 0 MPC 0 TR 0 PMINT 0 PBURN 0 PSYNC 0 TC 0 LT 0 MG 0 VD 0 VDP 0 VWD 0 VLOCK 0 VUNLOCK 0 VCLOSE 0 VMAX 0 VLOCKUP 0 VDECR 0 V3SWAP 0 V2SWAP 0 NFC 0 NFB 0 NFS 0 NFPEN 0 NFT 0 TF 0
[SQ] 83054121: MC 0 MPC 0 TR 0 PMINT 0 PBURN 0 PSYNC 0 TC 0 LT 0 MG 0 VD 0 VDP 0 VWD 0 VLOCK 0 VUNLOCK 0 VCLOSE 0 VMAX 0 VLOCKUP 0 VDECR 0 V3SWAP 0 V2SWAP 0 NFC 0 NFB 0 NFS 0 NFPEN 0 NFT 0 TF 0
[SQ] 83054122: MC 0 MPC 0 TR 0 PMINT 0 PBURN 0 PSYNC 0 TC 0 LT 0 MG 0 VD 0 VDP 0 VWD 0 VLOCK 0 VUNLOCK 0 VCLOSE 0 VMAX 0 VLOCKUP 0 VDECR 0 V3SWAP 0 V2SWAP 0 NFC 0 NFB 0 NFS 0 NFPEN 0 NFT 0 TF 0
[SQ] 83054123: MC 0 MPC 0 TR 0 PMINT 0 PBURN 0 PSYNC 0 TC 0 LT 0 MG 0 VD 0 VDP 0 VWD 0 VLOCK 0 VUNLOCK 0 VCLOSE 0 VMAX 0 VLOCKUP 0 VDECR 0 V3SWAP 0 V2SWAP 0 NFC 0 NFB 0 NFS 0 NFPEN 0 NFT 0 TF 0
[SQ] 83054124: MC 0 MPC 0 TR 0 PMINT 0 PBURN 0 PSYNC 0 TC 0 LT 0 MG 0 VD 0 VDP 0 VWD 0 VLOCK 0 VUNLOCK 0 VCLOSE 0 VMAX 0 VLOCKUP 0 VDECR 0 V3SWAP 0 V2SWAP 0 NFC 0 NFB 0 NFS 0 NFPEN 0 NFT 0 TF 0
[SQ] 83054125: MC 0 MPC 0 TR 0 PMINT 0 PBURN 0 PSYNC 0 TC 0 LT 0 MG 0 VD 0 VDP 0 VWD 0 VLOCK 0 VUNLOCK 0 VCLOSE 0 VMAX 0 VLOCKUP 0 VDECR 0 V3SWAP 0 V2SWAP 0 NFC 0 NFB 0 NFS 0 NFPEN 0 NFT 0 TF 0
[SQ] 83054126: MC 0 MPC 0 TR 0 PMINT 0 PBURN 0 PSYNC 0 TC 0 LT 0 MG 0 VD 0 VDP 0 VWD 0 VLOCK 0 VUNLOCK 0 VCLOSE 0 VMAX 0 VLOCKUP 0 VDECR 0 V3SWAP 0 V2SWAP 0 NFC 0 NFB 0 NFS 0 NFPEN 0 NFT 0 TF 0
[SQ] 83054127: MC 0 MPC 0 TR 0 PMINT 0 PBURN 0 PSYNC 0 TC 0 LT 0 MG 0 VD 0 VDP 0 VWD 0 VLOCK 0 VUNLOCK 0 VCLOSE 0 VMAX 0 VLOCKUP 0 VDECR 0 V3SWAP 0 V2SWAP 0 NFC 0 NFB 0 NFS 0 NFPEN 0 NFT 0 TF 0
[SQ] 83054128: MC 0 MPC 0 TR 0 PMINT 0 PBURN 0 PSYNC 0 TC 0 LT 0 MG 0 VD 0 VDP 0 VWD 0 VLOCK 0 VUNLOCK 0 VCLOSE 0 VMAX 0 VLOCKUP 0 VDECR 0 V3SWAP 0 V2SWAP 0 NFC 0 NFB 0 NFS 0 NFPEN 0 NFT 0 TF 0
[SQ] 83054129: MC 0 MPC 0 TR 0 PMINT 0 PBURN 0 PSYNC 0 TC 0 LT 0 MG 0 VD 0 VDP 0 VWD 0 VLOCK 0 VUNLOCK 0 VCLOSE 0 VMAX 0 VLOCKUP 0 VDECR 0 V3SWAP 0 V2SWAP 0 NFC 0 NFB 0 NFS 0 NFPEN 0 NFT 0 TF 0
[SQ] 83054130: MC 0 MPC 0 TR 0 PMINT 0 PBURN 0 PSYNC 0 TC 0 LT 0 MG 0 VD 0 VDP 0 VWD 0 VLOCK 0 VUNLOCK 0 VCLOSE 0 VMAX 0 VLOCKUP 0 VDECR 0 V3SWAP 0 V2SWAP 0 NFC 0 NFB 0 NFS 0 NFPEN 0 NFT 0 TF 0
[SQ] 83054131: MC 0 MPC 0 TR 0 PMINT 0 PBURN 0 PSYNC 0 TC 0 LT 0 MG 0 VD 0 VDP 0 VWD 0 VLOCK 0 VUNLOCK 0 VCLOSE 0 VMAX 0 VLOCKUP 0 VDECR 0 V3SWAP 1 V2SWAP 0 NFC 0 NFB 0 NFS 0 NFPEN 0 NFT 0 TF 3
[SQ] 83054132: MC 0 MPC 0 TR 0 PMINT 0 PBURN 0 PSYNC 0 TC 0 LT 0 MG 0 VD 0 VDP 0 VWD 0 VLOCK 0 VUNLOCK 0 VCLOSE 0 VMAX 0 VLOCKUP 0 VDECR 0 V3SWAP 0 V2SWAP 0 NFC 0 NFB 0 NFS 0 NFPEN 0 NFT 0 TF 0
[SQ] 83054133: MC 0 MPC 0 TR 0 PMINT 0 PBURN 0 PSYNC 0 TC 0 LT 0 MG 0 VD 0 VDP 0 VWD 0 VLOCK 0 VUNLOCK 0 VCLOSE 0 VMAX 0 VLOCKUP 0 VDECR 0 V3SWAP 0 V2SWAP 0 NFC 0 NFB 0 NFS 0 NFPEN 0 NFT 0 TF 0
[SQ] 83054134: MC 0 MPC 0 TR 0 PMINT 0 PBURN 0 PSYNC 0 TC 0 LT 0 MG 0 VD 0 VDP 0 VWD 0 VLOCK 0 VUNLOCK 0 VCLOSE 0 VMAX 0 VLOCKUP 0 VDECR 0 V3SWAP 0 V2SWAP 0 NFC 0 NFB 0 NFS 0 NFPEN 0 NFT 0 TF 2
[SQ] 83054135: MC 0 MPC 0 TR 0 PMINT 0 PBURN 0 PSYNC 0 TC 0 LT 0 MG 0 VD 0 VDP 0 VWD 0 VLOCK 0 VUNLOCK 0 VCLOSE 0 VMAX 0 VLOCKUP 0 VDECR 0 V3SWAP 0 V2SWAP 0 NFC 0 NFB 0 NFS 0 NFPEN 0 NFT 0 TF 2
[SQ] 83054136: MC 0 MPC 0 TR 0 PMINT 0 PBURN 0 PSYNC 0 TC 0 LT 0 MG 0 VD 0 VDP 0 VWD 0 VLOCK 0 VUNLOCK 0 VCLOSE 0 VMAX 0 VLOCKUP 0 VDECR 0 V3SWAP 0 V2SWAP 0 NFC 0 NFB 0 NFS 0 NFPEN 0 NFT 0 TF 2
[SQ] 83054137: MC 0 MPC 0 TR 0 PMINT 0 PBURN 0 PSYNC 0 TC 0 LT 0 MG 0 VD 0 VDP 0 VWD 0 VLOCK 0 VUNLOCK 0 VCLOSE 0 VMAX 0 VLOCKUP 0 VDECR 0 V3SWAP 0 V2SWAP 0 NFC 0 NFB 0 NFS 0 NFPEN 0 NFT 0 TF 0
[SQ] 83054138: MC 0 MPC 0 TR 0 PMINT 0 PBURN 0 PSYNC 0 TC 0 LT 0 MG 0 VD 0 VDP 0 VWD 0 VLOCK 0 VUNLOCK 0 VCLOSE 0 VMAX 0 VLOCKUP 0 VDECR 0 V3SWAP 0 V2SWAP 0 NFC 0 NFB 0 NFS 0 NFPEN 0 NFT 0 TF 2
[SQ] 83054139: MC 0 MPC 0 TR 0 PMINT 0 PBURN 0 PSYNC 0 TC 0 LT 0 MG 0 VD 0 VDP 0 VWD 0 VLOCK 0 VUNLOCK 0 VCLOSE 0 VMAX 0 VLOCKUP 0 VDECR 0 V3SWAP 0 V2SWAP 0 NFC 0 NFB 0 NFS 0 NFPEN 0 NFT 0 TF 0
[SQ] 83054140: MC 0 MPC 0 TR 0 PMINT 0 PBURN 0 PSYNC 0 TC 0 LT 0 MG 0 VD 0 VDP 0 VWD 0 VLOCK 0 VUNLOCK 0 VCLOSE 0 VMAX 0 VLOCKUP 0 VDECR 0 V3SWAP 0 V2SWAP 0 NFC 0 NFB 0 NFS 0 NFPEN 0 NFT 0 TF 0
[SQ] 83054141: MC 0 MPC 0 TR 0 PMINT 0 PBURN 0 PSYNC 0 TC 0 LT 0 MG 0 VD 0 VDP 0 VWD 0 VLOCK 0 VUNLOCK 0 VCLOSE 0 VMAX 0 VLOCKUP 0 VDECR 0 V3SWAP 0 V2SWAP 0 NFC 0 NFB 0 NFS 0 NFPEN 0 NFT 0 TF 0
[SQ] 83054142: MC 0 MPC 0 TR 0 PMINT 0 PBURN 0 PSYNC 0 TC 0 LT 0 MG 0 VD 0 VDP 0 VWD 0 VLOCK 0 VUNLOCK 0 VCLOSE 0 VMAX 0 VLOCKUP 0 VDECR 0 V3SWAP 0 V2SWAP 0 NFC 0 NFB 0 NFS 0 NFPEN 0 NFT 0 TF 0
[SQ] 83054143: MC 0 MPC 0 TR 0 PMINT 0 PBURN 0 PSYNC 0 TC 0 LT 0 MG 0 VD 0 VDP 0 VWD 0 VLOCK 0 VUNLOCK 0 VCLOSE 0 VMAX 0 VLOCKUP 0 VDECR 0 V3SWAP 0 V2SWAP 0 NFC 0 NFB 0 NFS 0 NFPEN 0 NFT 0 TF 0
[SQ] 83054144: MC 0 MPC 0 TR 0 PMINT 0 PBURN 0 PSYNC 0 TC 0 LT 0 MG 0 VD 0 VDP 0 VWD 0 VLOCK 0 VUNLOCK 0 VCLOSE 0 VMAX 0 VLOCKUP 0 VDECR 0 V3SWAP 0 V2SWAP 0 NFC 0 NFB 0 NFS 0 NFPEN 0 NFT 0 TF 2
[SQ] 83054145: MC 0 MPC 0 TR 0 PMINT 0 PBURN 0 PSYNC 0 TC 0 LT 0 MG 0 VD 0 VDP 0 VWD 0 VLOCK 0 VUNLOCK 0 VCLOSE 0 VMAX 0 VLOCKUP 0 VDECR 0 V3SWAP 0 V2SWAP 0 NFC 0 NFB 0 NFS 0 NFPEN 0 NFT 0 TF 0
[SQ] 83054146: MC 0 MPC 0 TR 0 PMINT 0 PBURN 0 PSYNC 0 TC 0 LT 0 MG 0 VD 0 VDP 0 VWD 0 VLOCK 0 VUNLOCK 0 VCLOSE 0 VMAX 0 VLOCKUP 0 VDECR 0 V3SWAP 0 V2SWAP 0 NFC 0 NFB 0 NFS 0 NFPEN 0 NFT 0 TF 0
[SQ] 83054147: MC 0 MPC 0 TR 0 PMINT 0 PBURN 0 PSYNC 0 TC 0 LT 0 MG 0 VD 0 VDP 0 VWD 0 VLOCK 0 VUNLOCK 0 VCLOSE 0 VMAX 0 VLOCKUP 0 VDECR 0 V3SWAP 0 V2SWAP 0 NFC 0 NFB 0 NFS 0 NFPEN 0 NFT 0 TF 0
[SQ] 83054148: MC 0 MPC 0 TR 0 PMINT 0 PBURN 0 PSYNC 0 TC 0 LT 0 MG 0 VD 0 VDP 0 VWD 0 VLOCK 0 VUNLOCK 0 VCLOSE 0 VMAX 0 VLOCKUP 0 VDECR 0 V3SWAP 0 V2SWAP 0 NFC 0 NFB 0 NFS 0 NFPEN 0 NFT 0 TF 0
[SQ] 83054149: MC 0 MPC 0 TR 0 PMINT 0 PBURN 0 PSYNC 0 TC 0 LT 0 MG 0 VD 0 VDP 0 VWD 0 VLOCK 0 VUNLOCK 0 VCLOSE 0 VMAX 0 VLOCKUP 0 VDECR 0 V3SWAP 0 V2SWAP 0 NFC 0 NFB 0 NFS 0 NFPEN 0 NFT 0 TF 2
[SQ] 83054150: MC 0 MPC 0 TR 0 PMINT 0 PBURN 0 PSYNC 0 TC 0 LT 0 MG 0 VD 0 VDP 0 VWD 0 VLOCK 0 VUNLOCK 0 VCLOSE 0 VMAX 0 VLOCKUP 0 VDECR 0 V3SWAP 0 V2SWAP 0 NFC 0 NFB 0 NFS 0 NFPEN 0 NFT 0 TF 0
[SQ] 83054151: MC 0 MPC 0 TR 0 PMINT 0 PBURN 0 PSYNC 0 TC 0 LT 0 MG 0 VD 0 VDP 0 VWD 0 VLOCK 0 VUNLOCK 0 VCLOSE 0 VMAX 0 VLOCKUP 0 VDECR 0 V3SWAP 0 V2SWAP 0 NFC 0 NFB 0 NFS 0 NFPEN 0 NFT 0 TF 0
[SQ] 83054152: MC 0 MPC 0 TR 0 PMINT 0 PBURN 0 PSYNC 0 TC 0 LT 0 MG 0 VD 0 VDP 0 VWD 0 VLOCK 0 VUNLOCK 0 VCLOSE 0 VMAX 0 VLOCKUP 0 VDECR 0 V3SWAP 0 V2SWAP 0 NFC 0 NFB 0 NFS 0 NFPEN 0 NFT 0 TF 0
[SQ] 83054153: MC 0 MPC 0 TR 0 PMINT 0 PBURN 0 PSYNC 0 TC 0 LT 0 MG 0 VD 0 VDP 0 VWD 0 VLOCK 0 VUNLOCK 0 VCLOSE 0 VMAX 0 VLOCKUP 0 VDECR 0 V3SWAP 0 V2SWAP 0 NFC 0 NFB 0 NFS 0 NFPEN 0 NFT 0 TF 0
[SQ] 83054154: MC 0 MPC 0 TR 0 PMINT 0 PBURN 0 PSYNC 0 TC 0 LT 0 MG 0 VD 0 VDP 0 VWD 0 VLOCK 0 VUNLOCK 0 VCLOSE 0 VMAX 0 VLOCKUP 0 VDECR 0 V3SWAP 1 V2SWAP 0 NFC 0 NFB 0 NFS 0 NFPEN 0 NFT 0 TF 3
[SQ] 83054155: MC 0 MPC 0 TR 0 PMINT 0 PBURN 0 PSYNC 0 TC 0 LT 0 MG 0 VD 0 VDP 0 VWD 0 VLOCK 0 VUNLOCK 0 VCLOSE 0 VMAX 0 VLOCKUP 0 VDECR 0 V3SWAP 0 V2SWAP 0 NFC 0 NFB 0 NFS 0 NFPEN 0 NFT 0 TF 0
[SQ] 83054156: MC 0 MPC 0 TR 0 PMINT 0 PBURN 0 PSYNC 0 TC 0 LT 0 MG 0 VD 0 VDP 0 VWD 0 VLOCK 0 VUNLOCK 0 VCLOSE 0 VMAX 0 VLOCKUP 0 VDECR 0 V3SWAP 0 V2SWAP 0 NFC 0 NFB 0 NFS 0 NFPEN 0 NFT 0 TF 0
[SQ] 83054157: MC 0 MPC 0 TR 0 PMINT 0 PBURN 0 PSYNC 0 TC 0 LT 0 MG 0 VD 0 VDP 0 VWD 0 VLOCK 0 VUNLOCK 0 VCLOSE 0 VMAX 0 VLOCKUP 0 VDECR 0 V3SWAP 0 V2SWAP 0 NFC 0 NFB 0 NFS 0 NFPEN 0 NFT 0 TF 0
[SQ] 83054158: MC 0 MPC 0 TR 0 PMINT 0 PBURN 0 PSYNC 0 TC 0 LT 0 MG 0 VD 0 VDP 0 VWD 0 VLOCK 0 VUNLOCK 0 VCLOSE 0 VMAX 0 VLOCKUP 0 VDECR 0 V3SWAP 0 V2SWAP 0 NFC 0 NFB 0 NFS 0 NFPEN 0 NFT 0 TF 0
[SQ] 83054159: MC 0 MPC 0 TR 0 PMINT 0 PBURN 0 PSYNC 0 TC 0 LT 0 MG 0 VD 0 VDP 0 VWD 0 VLOCK 0 VUNLOCK 0 VCLOSE 0 VMAX 0 VLOCKUP 0 VDECR 0 V3SWAP 0 V2SWAP 0 NFC 0 NFB 0 NFS 0 NFPEN 0 NFT 0 TF 0
[SQ] 83054160: MC 0 MPC 0 TR 0 PMINT 0 PBURN 0 PSYNC 0 TC 0 LT 0 MG 0 VD 0 VDP 0 VWD 0 VLOCK 0 VUNLOCK 0 VCLOSE 0 VMAX 0 VLOCKUP 0 VDECR 0 V3SWAP 0 V2SWAP 0 NFC 0 NFB 0 NFS 0 NFPEN 0 NFT 0 TF 6
[SQ] 83054161: MC 0 MPC 0 TR 0 PMINT 0 PBURN 0 PSYNC 0 TC 0 LT 0 MG 0 VD 0 VDP 0 VWD 0 VLOCK 0 VUNLOCK 0 VCLOSE 0 VMAX 0 VLOCKUP 0 VDECR 0 V3SWAP 0 V2SWAP 0 NFC 0 NFB 0 NFS 0 NFPEN 0 NFT 0 TF 0
[SQ] 83054162: MC 0 MPC 0 TR 0 PMINT 0 PBURN 0 PSYNC 0 TC 0 LT 0 MG 0 VD 0 VDP 0 VWD 0 VLOCK 0 VUNLOCK 0 VCLOSE 0 VMAX 0 VLOCKUP 0 VDECR 0 V3SWAP 0 V2SWAP 0 NFC 0 NFB 0 NFS 0 NFPEN 0 NFT 0 TF 0
[SQ] 83054163: MC 0 MPC 0 TR 0 PMINT 0 PBURN 0 PSYNC 0 TC 0 LT 0 MG 0 VD 0 VDP 0 VWD 0 VLOCK 0 VUNLOCK 0 VCLOSE 0 VMAX 0 VLOCKUP 0 VDECR 0 V3SWAP 0 V2SWAP 0 NFC 0 NFB 0 NFS 0 NFPEN 0 NFT 0 TF 6
[SQ] 83054164: MC 0 MPC 0 TR 0 PMINT 0 PBURN 0 PSYNC 0 TC 0 LT 0 MG 0 VD 0 VDP 0 VWD 0 VLOCK 0 VUNLOCK 0 VCLOSE 0 VMAX 0 VLOCKUP 0 VDECR 0 V3SWAP 0 V2SWAP 0 NFC 0 NFB 0 NFS 0 NFPEN 0 NFT 0 TF 0
[SQ] 83054165: MC 0 MPC 0 TR 0 PMINT 0 PBURN 0 PSYNC 0 TC 0 LT 0 MG 0 VD 0 VDP 0 VWD 0 VLOCK 0 VUNLOCK 0 VCLOSE 0 VMAX 0 VLOCKUP 0 VDECR 0 V3SWAP 0 V2SWAP 0 NFC 0 NFB 0 NFS 0 NFPEN 0 NFT 0 TF 0
[SQ] 83054166: MC 0 MPC 0 TR 0 PMINT 0 PBURN 0 PSYNC 0 TC 0 LT 0 MG 0 VD 0 VDP 0 VWD 0 VLOCK 0 VUNLOCK 0 VCLOSE 0 VMAX 0 VLOCKUP 0 VDECR 0 V3SWAP 0 V2SWAP 0 NFC 0 NFB 0 NFS 0 NFPEN 0 NFT 0 TF 0
[SQ] 83054167: MC 0 MPC 0 TR 0 PMINT 0 PBURN 0 PSYNC 0 TC 0 LT 0 MG 0 VD 0 VDP 0 VWD 0 VLOCK 0 VUNLOCK 0 VCLOSE 0 VMAX 0 VLOCKUP 0 VDECR 0 V3SWAP 0 V2SWAP 0 NFC 0 NFB 0 NFS 0 NFPEN 0 NFT 0 TF 0
[SQ] 83054168: MC 0 MPC 0 TR 0 PMINT 0 PBURN 0 PSYNC 0 TC 0 LT 0 MG 0 VD 0 VDP 0 VWD 0 VLOCK 0 VUNLOCK 0 VCLOSE 0 VMAX 0 VLOCKUP 0 VDECR 0 V3SWAP 1 V2SWAP 0 NFC 0 NFB 0 NFS 0 NFPEN 0 NFT 0 TF 3
[SQ] 83054169: MC 0 MPC 0 TR 0 PMINT 0 PBURN 0 PSYNC 0 TC 0 LT 0 MG 0 VD 0 VDP 0 VWD 0 VLOCK 0 VUNLOCK 0 VCLOSE 0 VMAX 0 VLOCKUP 0 VDECR 0 V3SWAP 0 V2SWAP 0 NFC 0 NFB 0 NFS 0 NFPEN 0 NFT 0 TF 0
[SQ] 83054170: MC 0 MPC 0 TR 0 PMINT 0 PBURN 0 PSYNC 0 TC 0 LT 0 MG 0 VD 0 VDP 0 VWD 0 VLOCK 0 VUNLOCK 0 VCLOSE 0 VMAX 0 VLOCKUP 0 VDECR 0 V3SWAP 0 V2SWAP 0 NFC 0 NFB 0 NFS 0 NFPEN 0 NFT 0 TF 0
[SQ] 83054171: MC 0 MPC 0 TR 0 PMINT 0 PBURN 0 PSYNC 0 TC 0 LT 0 MG 0 VD 0 VDP 0 VWD 0 VLOCK 0 VUNLOCK 0 VCLOSE 0 VMAX 0 VLOCKUP 0 VDECR 0 V3SWAP 0 V2SWAP 0 NFC 0 NFB 0 NFS 0 NFPEN 0 NFT 0 TF 0
[SQ] 83054172: MC 0 MPC 0 TR 0 PMINT 0 PBURN 0 PSYNC 0 TC 0 LT 0 MG 0 VD 0 VDP 0 VWD 0 VLOCK 0 VUNLOCK 0 VCLOSE 0 VMAX 0 VLOCKUP 0 VDECR 0 V3SWAP 0 V2SWAP 0 NFC 0 NFB 0 NFS 0 NFPEN 0 NFT 0 TF 0
[SQ] 83054173: MC 0 MPC 0 TR 0 PMINT 0 PBURN 0 PSYNC 0 TC 0 LT 0 MG 0 VD 0 VDP 0 VWD 0 VLOCK 0 VUNLOCK 0 VCLOSE 0 VMAX 0 VLOCKUP 0 VDECR 0 V3SWAP 0 V2SWAP 0 NFC 0 NFB 0 NFS 0 NFPEN 0 NFT 0 TF 0
[SQ] 83054174: MC 0 MPC 0 TR 0 PMINT 0 PBURN 0 PSYNC 0 TC 0 LT 0 MG 0 VD 0 VDP 0 VWD 0 VLOCK 0 VUNLOCK 0 VCLOSE 0 VMAX 0 VLOCKUP 0 VDECR 0 V3SWAP 0 V2SWAP 0 NFC 0 NFB 0 NFS 0 NFPEN 0 NFT 0 TF 2
[SQ] 83054175: MC 0 MPC 0 TR 0 PMINT 0 PBURN 0 PSYNC 0 TC 0 LT 0 MG 0 VD 0 VDP 0 VWD 0 VLOCK 0 VUNLOCK 0 VCLOSE 0 VMAX 0 VLOCKUP 0 VDECR 0 V3SWAP 0 V2SWAP 0 NFC 0 NFB 0 NFS 0 NFPEN 0 NFT 0 TF 0
[SQ] 83054176: MC 0 MPC 0 TR 0 PMINT 0 PBURN 0 PSYNC 0 TC 0 LT 0 MG 0 VD 0 VDP 0 VWD 0 VLOCK 0 VUNLOCK 0 VCLOSE 0 VMAX 0 VLOCKUP 0 VDECR 0 V3SWAP 0 V2SWAP 0 NFC 0 NFB 0 NFS 0 NFPEN 0 NFT 0 TF 0
[SQ] 83054177: MC 0 MPC 0 TR 0 PMINT 0 PBURN 0 PSYNC 0 TC 0 LT 0 MG 0 VD 0 VDP 0 VWD 0 VLOCK 0 VUNLOCK 0 VCLOSE 0 VMAX 0 VLOCKUP 0 VDECR 0 V3SWAP 0 V2SWAP 0 NFC 0 NFB 0 NFS 0 NFPEN 0 NFT 0 TF 0
[SQ] 83054178: MC 0 MPC 0 TR 0 PMINT 0 PBURN 0 PSYNC 0 TC 0 LT 0 MG 0 VD 0 VDP 0 VWD 0 VLOCK 0 VUNLOCK 0 VCLOSE 0 VMAX 0 VLOCKUP 0 VDECR 0 V3SWAP 0 V2SWAP 0 NFC 0 NFB 0 NFS 0 NFPEN 0 NFT 0 TF 0
[SQ] 83054179: MC 0 MPC 0 TR 0 PMINT 0 PBURN 0 PSYNC 0 TC 0 LT 0 MG 0 VD 0 VDP 0 VWD 0 VLOCK 0 VUNLOCK 0 VCLOSE 0 VMAX 0 VLOCKUP 0 VDECR 0 V3SWAP 0 V2SWAP 0 NFC 0 NFB 0 NFS 0 NFPEN 0 NFT 0 TF 0
[SQ] 83054180: MC 0 MPC 0 TR 0 PMINT 0 PBURN 0 PSYNC 0 TC 0 LT 0 MG 0 VD 0 VDP 0 VWD 0 VLOCK 0 VUNLOCK 0 VCLOSE 0 VMAX 0 VLOCKUP 0 VDECR 0 V3SWAP 0 V2SWAP 0 NFC 0 NFB 0 NFS 0 NFPEN 0 NFT 0 TF 5
[SQ] 83054181: MC 0 MPC 0 TR 0 PMINT 0 PBURN 0 PSYNC 0 TC 0 LT 0 MG 0 VD 0 VDP 0 VWD 0 VLOCK 0 VUNLOCK 0 VCLOSE 0 VMAX 0 VLOCKUP 0 VDECR 0 V3SWAP 0 V2SWAP 0 NFC 0 NFB 0 NFS 0 NFPEN 0 NFT 0 TF 0
[SQ] 83054182: MC 0 MPC 0 TR 0 PMINT 0 PBURN 0 PSYNC 0 TC 0 LT 0 MG 0 VD 0 VDP 0 VWD 0 VLOCK 0 VUNLOCK 0 VCLOSE 0 VMAX 0 VLOCKUP 0 VDECR 0 V3SWAP 0 V2SWAP 0 NFC 0 NFB 0 NFS 0 NFPEN 0 NFT 0 TF 0
[SQ] 83054183: MC 0 MPC 0 TR 0 PMINT 0 PBURN 0 PSYNC 0 TC 0 LT 0 MG 0 VD 0 VDP 0 VWD 0 VLOCK 0 VUNLOCK 0 VCLOSE 0 VMAX 0 VLOCKUP 0 VDECR 0 V3SWAP 0 V2SWAP 0 NFC 0 NFB 0 NFS 0 NFPEN 0 NFT 0 TF 2
[SQ] 83054184: MC 0 MPC 0 TR 0 PMINT 0 PBURN 0 PSYNC 0 TC 0 LT 0 MG 0 VD 0 VDP 0 VWD 0 VLOCK 0 VUNLOCK 0 VCLOSE 0 VMAX 0 VLOCKUP 0 VDECR 0 V3SWAP 0 V2SWAP 0 NFC 0 NFB 0 NFS 0 NFPEN 0 NFT 0 TF 5
[SQ] 83054185: MC 0 MPC 0 TR 0 PMINT 0 PBURN 0 PSYNC 0 TC 0 LT 0 MG 0 VD 0 VDP 0 VWD 0 VLOCK 0 VUNLOCK 0 VCLOSE 0 VMAX 0 VLOCKUP 0 VDECR 0 V3SWAP 0 V2SWAP 0 NFC 0 NFB 0 NFS 0 NFPEN 0 NFT 0 TF 0
[SQ] 83054186: MC 0 MPC 0 TR 0 PMINT 0 PBURN 0 PSYNC 0 TC 0 LT 0 MG 0 VD 0 VDP 0 VWD 0 VLOCK 0 VUNLOCK 0 VCLOSE 0 VMAX 0 VLOCKUP 0 VDECR 0 V3SWAP 0 V2SWAP 0 NFC 0 NFB 0 NFS 0 NFPEN 0 NFT 0 TF 3
[SQ] 83054187: MC 0 MPC 0 TR 0 PMINT 0 PBURN 0 PSYNC 0 TC 0 LT 0 MG 0 VD 0 VDP 0 VWD 0 VLOCK 0 VUNLOCK 0 VCLOSE 0 VMAX 0 VLOCKUP 0 VDECR 0 V3SWAP 0 V2SWAP 0 NFC 0 NFB 0 NFS 0 NFPEN 0 NFT 0 TF 0
[SQ] 83054188: MC 0 MPC 0 TR 0 PMINT 0 PBURN 0 PSYNC 0 TC 0 LT 0 MG 0 VD 0 VDP 0 VWD 0 VLOCK 0 VUNLOCK 0 VCLOSE 0 VMAX 0 VLOCKUP 0 VDECR 0 V3SWAP 0 V2SWAP 0 NFC 0 NFB 0 NFS 0 NFPEN 0 NFT 0 TF 0
[SQ] 83054189: MC 0 MPC 0 TR 0 PMINT 0 PBURN 0 PSYNC 0 TC 0 LT 0 MG 0 VD 0 VDP 0 VWD 0 VLOCK 0 VUNLOCK 0 VCLOSE 0 VMAX 0 VLOCKUP 0 VDECR 0 V3SWAP 0 V2SWAP 0 NFC 0 NFB 0 NFS 0 NFPEN 0 NFT 0 TF 0
[SQ] 83054190: MC 0 MPC 0 TR 0 PMINT 0 PBURN 0 PSYNC 0 TC 0 LT 0 MG 0 VD 0 VDP 0 VWD 0 VLOCK 0 VUNLOCK 0 VCLOSE 0 VMAX 0 VLOCKUP 0 VDECR 0 V3SWAP 0 V2SWAP 0 NFC 0 NFB 0 NFS 0 NFPEN 0 NFT 0 TF 0
[SQ] 83054191: MC 0 MPC 0 TR 0 PMINT 0 PBURN 0 PSYNC 0 TC 0 LT 0 MG 0 VD 0 VDP 0 VWD 0 VLOCK 0 VUNLOCK 0 VCLOSE 0 VMAX 0 VLOCKUP 0 VDECR 0 V3SWAP 1 V2SWAP 0 NFC 0 NFB 0 NFS 0 NFPEN 0 NFT 0 TF 3
[SQ] 83054192: MC 0 MPC 0 TR 0 PMINT 0 PBURN 0 PSYNC 0 TC 0 LT 0 MG 0 VD 0 VDP 0 VWD 0 VLOCK 0 VUNLOCK 0 VCLOSE 0 VMAX 0 VLOCKUP 0 VDECR 0 V3SWAP 0 V2SWAP 0 NFC 0 NFB 0 NFS 0 NFPEN 0 NFT 0 TF 0
[SQ] 83054193: MC 0 MPC 0 TR 0 PMINT 0 PBURN 0 PSYNC 0 TC 0 LT 0 MG 0 VD 0 VDP 0 VWD 0 VLOCK 0 VUNLOCK 0 VCLOSE 0 VMAX 0 VLOCKUP 0 VDECR 0 V3SWAP 0 V2SWAP 0 NFC 0 NFB 0 NFS 0 NFPEN 0 NFT 0 TF 2
[SQ] 83054194: MC 0 MPC 0 TR 0 PMINT 0 PBURN 0 PSYNC 0 TC 0 LT 0 MG 0 VD 0 VDP 0 VWD 0 VLOCK 0 VUNLOCK 0 VCLOSE 0 VMAX 0 VLOCKUP 0 VDECR 0 V3SWAP 0 V2SWAP 0 NFC 0 NFB 0 NFS 0 NFPEN 0 NFT 0 TF 0
[SQ] 83054195: MC 0 MPC 0 TR 0 PMINT 0 PBURN 0 PSYNC 0 TC 0 LT 0 MG 0 VD 0 VDP 0 VWD 0 VLOCK 0 VUNLOCK 0 VCLOSE 0 VMAX 0 VLOCKUP 0 VDECR 0 V3SWAP 0 V2SWAP 0 NFC 0 NFB 0 NFS 0 NFPEN 0 NFT 0 TF 0
[SQ] 83054196: MC 0 MPC 0 TR 0 PMINT 0 PBURN 0 PSYNC 0 TC 0 LT 0 MG 0 VD 0 VDP 0 VWD 0 VLOCK 0 VUNLOCK 0 VCLOSE 0 VMAX 0 VLOCKUP 0 VDECR 0 V3SWAP 0 V2SWAP 0 NFC 0 NFB 0 NFS 0 NFPEN 0 NFT 0 TF 0
[SQ] 83054197: MC 0 MPC 0 TR 0 PMINT 0 PBURN 0 PSYNC 0 TC 0 LT 0 MG 0 VD 0 VDP 0 VWD 0 VLOCK 0 VUNLOCK 0 VCLOSE 0 VMAX 0 VLOCKUP 0 VDECR 0 V3SWAP 0 V2SWAP 0 NFC 0 NFB 0 NFS 0 NFPEN 0 NFT 0 TF 2
[SQ] 83054198: MC 0 MPC 0 TR 0 PMINT 0 PBURN 0 PSYNC 0 TC 0 LT 0 MG 0 VD 0 VDP 0 VWD 0 VLOCK 0 VUNLOCK 0 VCLOSE 0 VMAX 0 VLOCKUP 0 VDECR 0 V3SWAP 0 V2SWAP 0 NFC 0 NFB 0 NFS 0 NFPEN 0 NFT 0 TF 0
[SQ] 83054199: MC 0 MPC 0 TR 0 PMINT 0 PBURN 0 PSYNC 0 TC 0 LT 0 MG 0 VD 0 VDP 0 VWD 0 VLOCK 0 VUNLOCK 0 VCLOSE 0 VMAX 0 VLOCKUP 0 VDECR 0 V3SWAP 0 V2SWAP 0 NFC 0 NFB 0 NFS 0 NFPEN 0 NFT 0 TF 0
[SQ] 83054200: MC 0 MPC 0 TR 0 PMINT 0 PBURN 0 PSYNC 0 TC 0 LT 0 MG 0 VD 0 VDP 0 VWD 0 VLOCK 0 VUNLOCK 0 VCLOSE 0 VMAX 0 VLOCKUP 0 VDECR 0 V3SWAP 0 V2SWAP 0 NFC 0 NFB 0 NFS 0 NFPEN 0 NFT 0 TF 0
[SQ] 83054201: MC 0 MPC 0 TR 0 PMINT 0 PBURN 0 PSYNC 0 TC 0 LT 0 MG 0 VD 0 VDP 0 VWD 0 VLOCK 0 VUNLOCK 0 VCLOSE 0 VMAX 0 VLOCKUP 0 VDECR 0 V3SWAP 0 V2SWAP 0 NFC 0 NFB 0 NFS 0 NFPEN 0 NFT 0 TF 0
[SQ] 83054202: MC 0 MPC 0 TR 0 PMINT 0 PBURN 0 PSYNC 0 TC 0 LT 0 MG 0 VD 0 VDP 0 VWD 0 VLOCK 0 VUNLOCK 0 VCLOSE 0 VMAX 0 VLOCKUP 0 VDECR 0 V3SWAP 0 V2SWAP 0 NFC 0 NFB 0 NFS 0 NFPEN 0 NFT 0 TF 2
[SQ] 83054203: MC 0 MPC 0 TR 0 PMINT 0 PBURN 0 PSYNC 0 TC 0 LT 0 MG 0 VD 0 VDP 0 VWD 0 VLOCK 0 VUNLOCK 0 VCLOSE 0 VMAX 0 VLOCKUP 0 VDECR 0 V3SWAP 0 V2SWAP 0 NFC 0 NFB 0 NFS 0 NFPEN 0 NFT 0 TF 0
[SQ] 83054204: MC 0 MPC 0 TR 0 PMINT 0 PBURN 0 PSYNC 0 TC 0 LT 0 MG 0 VD 0 VDP 0 VWD 0 VLOCK 0 VUNLOCK 0 VCLOSE 0 VMAX 0 VLOCKUP 0 VDECR 0 V3SWAP 1 V2SWAP 0 NFC 0 NFB 0 NFS 0 NFPEN 0 NFT 0 TF 5
[SQ] 83054205: MC 0 MPC 0 TR 0 PMINT 0 PBURN 0 PSYNC 0 TC 0 LT 0 MG 0 VD 0 VDP 0 VWD 0 VLOCK 0 VUNLOCK 0 VCLOSE 0 VMAX 0 VLOCKUP 0 VDECR 0 V3SWAP 0 V2SWAP 0 NFC 0 NFB 0 NFS 0 NFPEN 0 NFT 0 TF 2
[SQ] 83054206: MC 0 MPC 0 TR 0 PMINT 0 PBURN 0 PSYNC 0 TC 0 LT 0 MG 0 VD 0 VDP 0 VWD 0 VLOCK 0 VUNLOCK 0 VCLOSE 0 VMAX 0 VLOCKUP 0 VDECR 0 V3SWAP 0 V2SWAP 0 NFC 0 NFB 0 NFS 0 NFPEN 0 NFT 0 TF 0
[SQ] 83054207: MC 0 MPC 0 TR 0 PMINT 0 PBURN 0 PSYNC 0 TC 0 LT 0 MG 0 VD 0 VDP 0 VWD 0 VLOCK 0 VUNLOCK 0 VCLOSE 0 VMAX 0 VLOCKUP 0 VDECR 0 V3SWAP 0 V2SWAP 0 NFC 0 NFB 0 NFS 0 NFPEN 0 NFT 0 TF 0
[SQ] 83054208: MC 0 MPC 0 TR 0 PMINT 0 PBURN 0 PSYNC 0 TC 0 LT 0 MG 0 VD 0 VDP 0 VWD 0 VLOCK 0 VUNLOCK 0 VCLOSE 0 VMAX 0 VLOCKUP 0 VDECR 0 V3SWAP 0 V2SWAP 0 NFC 0 NFB 0 NFS 0 NFPEN 0 NFT 0 TF 0
[SQ] 83054209: MC 0 MPC 0 TR 0 PMINT 0 PBURN 0 PSYNC 0 TC 0 LT 0 MG 0 VD 0 VDP 0 VWD 0 VLOCK 0 VUNLOCK 0 VCLOSE 0 VMAX 0 VLOCKUP 0 VDECR 0 V3SWAP 0 V2SWAP 0 NFC 0 NFB 0 NFS 0 NFPEN 0 NFT 0 TF 0
[SQ] 83054210: MC 0 MPC 0 TR 0 PMINT 0 PBURN 0 PSYNC 0 TC 0 LT 0 MG 0 VD 0 VDP 0 VWD 0 VLOCK 0 VUNLOCK 0 VCLOSE 0 VMAX 0 VLOCKUP 0 VDECR 0 V3SWAP 0 V2SWAP 0 NFC 0 NFB 0 NFS 0 NFPEN 0 NFT 0 TF 0
[SQ] 83054211: MC 0 MPC 0 TR 0 PMINT 0 PBURN 0 PSYNC 0 TC 0 LT 0 MG 0 VD 0 VDP 0 VWD 0 VLOCK 0 VUNLOCK 0 VCLOSE 0 VMAX 0 VLOCKUP 0 VDECR 0 V3SWAP 0 V2SWAP 0 NFC 0 NFB 0 NFS 0 NFPEN 0 NFT 0 TF 0
[SQ] 83054212: MC 0 MPC 0 TR 0 PMINT 0 PBURN 0 PSYNC 0 TC 0 LT 0 MG 0 VD 0 VDP 0 VWD 0 VLOCK 0 VUNLOCK 0 VCLOSE 0 VMAX 0 VLOCKUP 0 VDECR 0 V3SWAP 0 V2SWAP 0 NFC 0 NFB 0 NFS 0 NFPEN 0 NFT 0 TF 2
[SQ] 83054213: MC 0 MPC 0 TR 0 PMINT 0 PBURN 0 PSYNC 0 TC 0 LT 0 MG 0 VD 0 VDP 0 VWD 0 VLOCK 0 VUNLOCK 0 VCLOSE 0 VMAX 0 VLOCKUP 0 VDECR 0 V3SWAP 0 V2SWAP 0 NFC 0 NFB 0 NFS 0 NFPEN 0 NFT 0 TF 0
[SQ] 83054214: MC 0 MPC 0 TR 0 PMINT 0 PBURN 0 PSYNC 0 TC 0 LT 0 MG 0 VD 0 VDP 0 VWD 0 VLOCK 0 VUNLOCK 0 VCLOSE 0 VMAX 0 VLOCKUP 0 VDECR 0 V3SWAP 0 V2SWAP 0 NFC 0 NFB 0 NFS 0 NFPEN 0 NFT 0 TF 0
[SQ] 83054215: MC 0 MPC 0 TR 0 PMINT 0 PBURN 0 PSYNC 0 TC 0 LT 0 MG 0 VD 0 VDP 0 VWD 0 VLOCK 0 VUNLOCK 0 VCLOSE 0 VMAX 0 VLOCKUP 0 VDECR 0 V3SWAP 0 V2SWAP 0 NFC 0 NFB 0 NFS 0 NFPEN 0 NFT 0 TF 0
[SQ] 83054216: MC 0 MPC 0 TR 0 PMINT 0 PBURN 0 PSYNC 0 TC 0 LT 0 MG 0 VD 0 VDP 0 VWD 0 VLOCK 0 VUNLOCK 0 VCLOSE 0 VMAX 0 VLOCKUP 0 VDECR 0 V3SWAP 0 V2SWAP 0 NFC 0 NFB 0 NFS 0 NFPEN 0 NFT 0 TF 0
[SQ] 83054217: MC 0 MPC 0 TR 0 PMINT 0 PBURN 0 PSYNC 0 TC 0 LT 0 MG 0 VD 0 VDP 0 VWD 0 VLOCK 0 VUNLOCK 0 VCLOSE 0 VMAX 0 VLOCKUP 0 VDECR 0 V3SWAP 0 V2SWAP 0 NFC 0 NFB 0 NFS 0 NFPEN 0 NFT 0 TF 0
[SQ] 83054218: MC 0 MPC 0 TR 0 PMINT 0 PBURN 0 PSYNC 0 TC 0 LT 0 MG 0 VD 0 VDP 0 VWD 0 VLOCK 0 VUNLOCK 0 VCLOSE 0 VMAX 0 VLOCKUP 0 VDECR 0 V3SWAP 0 V2SWAP 0 NFC 0 NFB 0 NFS 0 NFPEN 0 NFT 0 TF 0
[SQ] 83054219: MC 0 MPC 0 TR 0 PMINT 0 PBURN 0 PSYNC 0 TC 0 LT 0 MG 0 VD 0 VDP 0 VWD 0 VLOCK 0 VUNLOCK 0 VCLOSE 0 VMAX 0 VLOCKUP 0 VDECR 0 V3SWAP 1 V2SWAP 0 NFC 0 NFB 0 NFS 0 NFPEN 0 NFT 0 TF 3
[SQ] 83054220: MC 0 MPC 0 TR 0 PMINT 0 PBURN 0 PSYNC 0 TC 0 LT 0 MG 0 VD 0 VDP 0 VWD 0 VLOCK 0 VUNLOCK 0 VCLOSE 0 VMAX 0 VLOCKUP 0 VDECR 0 V3SWAP 0 V2SWAP 0 NFC 0 NFB 0 NFS 0 NFPEN 0 NFT 0 TF 0
[SQ] 83054221: MC 0 MPC 0 TR 0 PMINT 0 PBURN 0 PSYNC 0 TC 0 LT 0 MG 0 VD 0 VDP 0 VWD 0 VLOCK 0 VUNLOCK 0 VCLOSE 0 VMAX 0 VLOCKUP 0 VDECR 0 V3SWAP 0 V2SWAP 0 NFC 0 NFB 0 NFS 0 NFPEN 0 NFT 0 TF 0
[SQ] 83054222: MC 0 MPC 0 TR 0 PMINT 0 PBURN 0 PSYNC 0 TC 0 LT 0 MG 0 VD 0 VDP 0 VWD 0 VLOCK 0 VUNLOCK 0 VCLOSE 0 VMAX 0 VLOCKUP 0 VDECR 0 V3SWAP 0 V2SWAP 0 NFC 0 NFB 0 NFS 0 NFPEN 0 NFT 0 TF 2
[SQ] 83054223: MC 0 MPC 0 TR 0 PMINT 0 PBURN 0 PSYNC 0 TC 0 LT 0 MG 0 VD 0 VDP 0 VWD 0 VLOCK 0 VUNLOCK 0 VCLOSE 0 VMAX 0 VLOCKUP 0 VDECR 0 V3SWAP 0 V2SWAP 0 NFC 0 NFB 0 NFS 0 NFPEN 0 NFT 0 TF 2
[SQ] 83054224: MC 0 MPC 0 TR 0 PMINT 0 PBURN 0 PSYNC 0 TC 0 LT 0 MG 0 VD 0 VDP 0 VWD 0 VLOCK 0 VUNLOCK 0 VCLOSE 0 VMAX 0 VLOCKUP 0 VDECR 0 V3SWAP 0 V2SWAP 0 NFC 0 NFB 0 NFS 0 NFPEN 0 NFT 0 TF 2
[SQ] 83054225: MC 0 MPC 0 TR 0 PMINT 0 PBURN 0 PSYNC 0 TC 0 LT 0 MG 0 VD 0 VDP 0 VWD 0 VLOCK 0 VUNLOCK 0 VCLOSE 0 VMAX 0 VLOCKUP 0 VDECR 0 V3SWAP 0 V2SWAP 0 NFC 0 NFB 0 NFS 0 NFPEN 0 NFT 0 TF 0
[SQ] 83054226: MC 0 MPC 0 TR 0 PMINT 0 PBURN 0 PSYNC 0 TC 0 LT 0 MG 0 VD 0 VDP 0 VWD 0 VLOCK 0 VUNLOCK 0 VCLOSE 0 VMAX 0 VLOCKUP 0 VDECR 0 V3SWAP 0 V2SWAP 0 NFC 0 NFB 0 NFS 0 NFPEN 0 NFT 0 TF 0
[SQ] 83054227: MC 0 MPC 0 TR 0 PMINT 0 PBURN 0 PSYNC 0 TC 0 LT 0 MG 0 VD 0 VDP 0 VWD 0 VLOCK 0 VUNLOCK 0 VCLOSE 0 VMAX 0 VLOCKUP 0 VDECR 0 V3SWAP 1 V2SWAP 0 NFC 0 NFB 0 NFS 0 NFPEN 0 NFT 0 TF 3
[SQ] 83054228: MC 0 MPC 0 TR 0 PMINT 0 PBURN 0 PSYNC 0 TC 0 LT 0 MG 0 VD 0 VDP 0 VWD 0 VLOCK 0 VUNLOCK 0 VCLOSE 0 VMAX 0 VLOCKUP 0 VDECR 0 V3SWAP 0 V2SWAP 0 NFC 0 NFB 0 NFS 0 NFPEN 0 NFT 0 TF 0
[SQ] 83054229: MC 0 MPC 0 TR 0 PMINT 0 PBURN 0 PSYNC 0 TC 0 LT 0 MG 0 VD 0 VDP 0 VWD 0 VLOCK 0 VUNLOCK 0 VCLOSE 0 VMAX 0 VLOCKUP 0 VDECR 0 V3SWAP 0 V2SWAP 0 NFC 0 NFB 0 NFS 0 NFPEN 0 NFT 0 TF 0
[SQ] 83054230: MC 0 MPC 0 TR 0 PMINT 0 PBURN 0 PSYNC 0 TC 0 LT 0 MG 0 VD 0 VDP 0 VWD 0 VLOCK 0 VUNLOCK 0 VCLOSE 0 VMAX 0 VLOCKUP 0 VDECR 0 V3SWAP 0 V2SWAP 0 NFC 0 NFB 0 NFS 0 NFPEN 0 NFT 0 TF 0
[SQ] 83054231: MC 0 MPC 0 TR 0 PMINT 0 PBURN 0 PSYNC 0 TC 0 LT 0 MG 0 VD 0 VDP 0 VWD 0 VLOCK 0 VUNLOCK 0 VCLOSE 0 VMAX 0 VLOCKUP 0 VDECR 0 V3SWAP 0 V2SWAP 0 NFC 0 NFB 0 NFS 0 NFPEN 0 NFT 0 TF 0
[SQ] 83054232: MC 0 MPC 0 TR 0 PMINT 0 PBURN 0 PSYNC 0 TC 0 LT 0 MG 0 VD 0 VDP 0 VWD 0 VLOCK 0 VUNLOCK 0 VCLOSE 0 VMAX 0 VLOCKUP 0 VDECR 0 V3SWAP 0 V2SWAP 0 NFC 0 NFB 0 NFS 0 NFPEN 0 NFT 0 TF 0
[SQ] 83054233: MC 0 MPC 0 TR 0 PMINT 0 PBURN 0 PSYNC 0 TC 0 LT 0 MG 0 VD 0 VDP 0 VWD 0 VLOCK 0 VUNLOCK 0 VCLOSE 0 VMAX 0 VLOCKUP 0 VDECR 0 V3SWAP 0 V2SWAP 0 NFC 0 NFB 0 NFS 0 NFPEN 0 NFT 0 TF 0
[SQ] 83054234: MC 0 MPC 0 TR 0 PMINT 0 PBURN 0 PSYNC 0 TC 0 LT 0 MG 0 VD 0 VDP 0 VWD 0 VLOCK 0 VUNLOCK 0 VCLOSE 0 VMAX 0 VLOCKUP 0 VDECR 0 V3SWAP 0 V2SWAP 0 NFC 0 NFB 0 NFS 0 NFPEN 0 NFT 0 TF 0
[SQ] 83054235: MC 0 MPC 0 TR 0 PMINT 0 PBURN 0 PSYNC 0 TC 0 LT 0 MG 0 VD 0 VDP 0 VWD 0 VLOCK 0 VUNLOCK 0 VCLOSE 0 VMAX 0 VLOCKUP 0 VDECR 0 V3SWAP 0 V2SWAP 0 NFC 0 NFB 0 NFS 0 NFPEN 0 NFT 0 TF 0
[SQ] 83054236: MC 0 MPC 0 TR 0 PMINT 0 PBURN 0 PSYNC 0 TC 0 LT 0 MG 0 VD 0 VDP 0 VWD 0 VLOCK 0 VUNLOCK 0 VCLOSE 0 VMAX 0 VLOCKUP 0 VDECR 0 V3SWAP 0 V2SWAP 0 NFC 0 NFB 0 NFS 0 NFPEN 0 NFT 0 TF 0
[SQ] 83054237: MC 0 MPC 0 TR 0 PMINT 0 PBURN 0 PSYNC 0 TC 0 LT 0 MG 0 VD 0 VDP 0 VWD 0 VLOCK 0 VUNLOCK 0 VCLOSE 0 VMAX 0 VLOCKUP 0 VDECR 0 V3SWAP 0 V2SWAP 0 NFC 0 NFB 0 NFS 0 NFPEN 0 NFT 0 TF 0
[SQ] 83054238: MC 0 MPC 0 TR 0 PMINT 0 PBURN 0 PSYNC 0 TC 0 LT 0 MG 0 VD 0 VDP 0 VWD 0 VLOCK 0 VUNLOCK 0 VCLOSE 0 VMAX 0 VLOCKUP 0 VDECR 0 V3SWAP 0 V2SWAP 0 NFC 0 NFB 0 NFS 0 NFPEN 0 NFT 0 TF 0
[SQ] 83054239: MC 0 MPC 0 TR 0 PMINT 0 PBURN 0 PSYNC 0 TC 0 LT 0 MG 0 VD 0 VDP 0 VWD 0 VLOCK 0 VUNLOCK 0 VCLOSE 0 VMAX 0 VLOCKUP 0 VDECR 0 V3SWAP 0 V2SWAP 0 NFC 0 NFB 0 NFS 0 NFPEN 0 NFT 0 TF 1
[SQ] 83054240: MC 0 MPC 0 TR 0 PMINT 0 PBURN 0 PSYNC 0 TC 0 LT 0 MG 0 VD 0 VDP 0 VWD 0 VLOCK 0 VUNLOCK 0 VCLOSE 0 VMAX 0 VLOCKUP 0 VDECR 0 V3SWAP 0 V2SWAP 0 NFC 0 NFB 0 NFS 0 NFPEN 0 NFT 0 TF 1
[SQ] 83054241: MC 0 MPC 0 TR 0 PMINT 0 PBURN 0 PSYNC 0 TC 0 LT 0 MG 0 VD 0 VDP 0 VWD 0 VLOCK 0 VUNLOCK 0 VCLOSE 0 VMAX 0 VLOCKUP 0 VDECR 0 V3SWAP 1 V2SWAP 0 NFC 0 NFB 0 NFS 0 NFPEN 0 NFT 0 TF 3
[SQ] 83054242: MC 0 MPC 0 TR 0 PMINT 0 PBURN 0 PSYNC 0 TC 0 LT 0 MG 0 VD 0 VDP 0 VWD 0 VLOCK 0 VUNLOCK 0 VCLOSE 0 VMAX 0 VLOCKUP 0 VDECR 0 V3SWAP 0 V2SWAP 0 NFC 0 NFB 0 NFS 0 NFPEN 0 NFT 0 TF 0
[SQ] 83054243: MC 0 MPC 0 TR 0 PMINT 0 PBURN 0 PSYNC 0 TC 0 LT 0 MG 0 VD 0 VDP 0 VWD 0 VLOCK 0 VUNLOCK 0 VCLOSE 0 VMAX 0 VLOCKUP 0 VDECR 0 V3SWAP 0 V2SWAP 0 NFC 0 NFB 0 NFS 0 NFPEN 0 NFT 0 TF 0
[SQ] 83054244: MC 0 MPC 0 TR 0 PMINT 0 PBURN 0 PSYNC 0 TC 0 LT 0 MG 0 VD 0 VDP 0 VWD 0 VLOCK 0 VUNLOCK 0 VCLOSE 0 VMAX 0 VLOCKUP 0 VDECR 0 V3SWAP 0 V2SWAP 0 NFC 0 NFB 0 NFS 0 NFPEN 0 NFT 0 TF 6
[SQ] 83054245: MC 0 MPC 0 TR 0 PMINT 0 PBURN 0 PSYNC 0 TC 0 LT 0 MG 0 VD 0 VDP 0 VWD 0 VLOCK 0 VUNLOCK 0 VCLOSE 0 VMAX 0 VLOCKUP 0 VDECR 0 V3SWAP 0 V2SWAP 0 NFC 0 NFB 0 NFS 0 NFPEN 0 NFT 0 TF 0
[SQ] 83054246: MC 0 MPC 0 TR 0 PMINT 0 PBURN 0 PSYNC 0 TC 0 LT 0 MG 0 VD 0 VDP 0 VWD 0 VLOCK 0 VUNLOCK 0 VCLOSE 0 VMAX 0 VLOCKUP 0 VDECR 0 V3SWAP 0 V2SWAP 0 NFC 0 NFB 0 NFS 0 NFPEN 0 NFT 0 TF 0
[SQ] 83054247: MC 0 MPC 0 TR 0 PMINT 0 PBURN 0 PSYNC 0 TC 0 LT 0 MG 0 VD 0 VDP 0 VWD 0 VLOCK 0 VUNLOCK 0 VCLOSE 0 VMAX 0 VLOCKUP 0 VDECR 0 V3SWAP 0 V2SWAP 0 NFC 0 NFB 0 NFS 0 NFPEN 0 NFT 0 TF 6
[SQ] 83054248: MC 0 MPC 0 TR 0 PMINT 0 PBURN 0 PSYNC 0 TC 0 LT 0 MG 0 VD 0 VDP 0 VWD 0 VLOCK 0 VUNLOCK 0 VCLOSE 0 VMAX 0 VLOCKUP 0 VDECR 0 V3SWAP 0 V2SWAP 0 NFC 0 NFB 0 NFS 0 NFPEN 0 NFT 0 TF 0
[SQ] 83054249: MC 0 MPC 0 TR 0 PMINT 0 PBURN 0 PSYNC 0 TC 0 LT 0 MG 0 VD 0 VDP 0 VWD 0 VLOCK 0 VUNLOCK 0 VCLOSE 0 VMAX 0 VLOCKUP 0 VDECR 0 V3SWAP 0 V2SWAP 0 NFC 0 NFB 0 NFS 0 NFPEN 0 NFT 0 TF 0
[SQ] 83054250: MC 0 MPC 0 TR 0 PMINT 0 PBURN 0 PSYNC 0 TC 0 LT 0 MG 0 VD 0 VDP 0 VWD 0 VLOCK 0 VUNLOCK 0 VCLOSE 0 VMAX 0 VLOCKUP 0 VDECR 0 V3SWAP 0 V2SWAP 0 NFC 0 NFB 0 NFS 0 NFPEN 0 NFT 0 TF 0
[SQ] 83054251: MC 0 MPC 0 TR 0 PMINT 0 PBURN 0 PSYNC 0 TC 0 LT 0 MG 0 VD 0 VDP 0 VWD 0 VLOCK 0 VUNLOCK 0 VCLOSE 0 VMAX 0 VLOCKUP 0 VDECR 0 V3SWAP 0 V2SWAP 0 NFC 0 NFB 0 NFS 0 NFPEN 0 NFT 0 TF 0
[SQ] 83054252: MC 0 MPC 0 TR 0 PMINT 0 PBURN 0 PSYNC 0 TC 0 LT 0 MG 0 VD 0 VDP 0 VWD 0 VLOCK 0 VUNLOCK 0 VCLOSE 0 VMAX 0 VLOCKUP 0 VDECR 0 V3SWAP 0 V2SWAP 0 NFC 0 NFB 0 NFS 0 NFPEN 0 NFT 0 TF 0
[SQ] 83054253: MC 0 MPC 0 TR 0 PMINT 0 PBURN 0 PSYNC 0 TC 0 LT 0 MG 0 VD 0 VDP 0 VWD 0 VLOCK 0 VUNLOCK 0 VCLOSE 0 VMAX 0 VLOCKUP 0 VDECR 0 V3SWAP 0 V2SWAP 0 NFC 0 NFB 0 NFS 0 NFPEN 0 NFT 0 TF 0
[SQ] 83054254: MC 0 MPC 0 TR 0 PMINT 0 PBURN 0 PSYNC 0 TC 0 LT 0 MG 0 VD 0 VDP 0 VWD 0 VLOCK 0 VUNLOCK 0 VCLOSE 0 VMAX 0 VLOCKUP 0 VDECR 0 V3SWAP 0 V2SWAP 0 NFC 0 NFB 0 NFS 0 NFPEN 0 NFT 0 TF 0
[SQ] 83054255: MC 0 MPC 0 TR 0 PMINT 0 PBURN 0 PSYNC 0 TC 0 LT 0 MG 0 VD 0 VDP 0 VWD 0 VLOCK 0 VUNLOCK 0 VCLOSE 0 VMAX 0 VLOCKUP 0 VDECR 0 V3SWAP 0 V2SWAP 0 NFC 0 NFB 0 NFS 0 NFPEN 0 NFT 0 TF 0
[SQ] 83054256: MC 0 MPC 0 TR 0 PMINT 0 PBURN 0 PSYNC 0 TC 0 LT 0 MG 0 VD 0 VDP 0 VWD 0 VLOCK 0 VUNLOCK 0 VCLOSE 0 VMAX 0 VLOCKUP 0 VDECR 0 V3SWAP 0 V2SWAP 0 NFC 0 NFB 0 NFS 0 NFPEN 0 NFT 0 TF 0
[SQ] 83054257: MC 0 MPC 0 TR 0 PMINT 0 PBURN 0 PSYNC 0 TC 0 LT 0 MG 0 VD 0 VDP 0 VWD 0 VLOCK 0 VUNLOCK 0 VCLOSE 0 VMAX 0 VLOCKUP 0 VDECR 0 V3SWAP 0 V2SWAP 0 NFC 0 NFB 0 NFS 0 NFPEN 0 NFT 0 TF 0
[SQ] 83054258: MC 0 MPC 0 TR 0 PMINT 0 PBURN 0 PSYNC 0 TC 0 LT 0 MG 0 VD 0 VDP 0 VWD 0 VLOCK 0 VUNLOCK 0 VCLOSE 0 VMAX 0 VLOCKUP 0 VDECR 0 V3SWAP 0 V2SWAP 0 NFC 0 NFB 0 NFS 0 NFPEN 0 NFT 0 TF 0
[SQ] 83054259: MC 0 MPC 0 TR 0 PMINT 0 PBURN 0 PSYNC 0 TC 0 LT 0 MG 0 VD 0 VDP 0 VWD 0 VLOCK 0 VUNLOCK 0 VCLOSE 0 VMAX 0 VLOCKUP 0 VDECR 0 V3SWAP 0 V2SWAP 0 NFC 0 NFB 0 NFS 0 NFPEN 0 NFT 0 TF 0
[SQ] 83054260: MC 0 MPC 0 TR 0 PMINT 0 PBURN 0 PSYNC 0 TC 0 LT 0 MG 0 VD 0 VDP 0 VWD 0 VLOCK 0 VUNLOCK 0 VCLOSE 0 VMAX 0 VLOCKUP 0 VDECR 0 V3SWAP 0 V2SWAP 0 NFC 0 NFB 0 NFS 0 NFPEN 0 NFT 0 TF 0
[SQ] 83054261: MC 0 MPC 0 TR 0 PMINT 0 PBURN 0 PSYNC 0 TC 0 LT 0 MG 0 VD 0 VDP 0 VWD 0 VLOCK 0 VUNLOCK 0 VCLOSE 0 VMAX 0 VLOCKUP 0 VDECR 0 V3SWAP 0 V2SWAP 0 NFC 0 NFB 0 NFS 0 NFPEN 0 NFT 0 TF 2
[SQ] 83054262: MC 0 MPC 0 TR 0 PMINT 0 PBURN 0 PSYNC 0 TC 0 LT 0 MG 0 VD 0 VDP 0 VWD 0 VLOCK 0 VUNLOCK 0 VCLOSE 0 VMAX 0 VLOCKUP 0 VDECR 0 V3SWAP 0 V2SWAP 0 NFC 0 NFB 0 NFS 0 NFPEN 0 NFT 0 TF 0
[SQ] 83054263: MC 0 MPC 0 TR 0 PMINT 0 PBURN 0 PSYNC 0 TC 0 LT 0 MG 0 VD 0 VDP 0 VWD 0 VLOCK 0 VUNLOCK 0 VCLOSE 0 VMAX 0 VLOCKUP 0 VDECR 0 V3SWAP 0 V2SWAP 0 NFC 0 NFB 0 NFS 0 NFPEN 0 NFT 0 TF 0
[SQ] 83054264: MC 0 MPC 0 TR 0 PMINT 0 PBURN 0 PSYNC 0 TC 0 LT 0 MG 0 VD 0 VDP 0 VWD 0 VLOCK 0 VUNLOCK 0 VCLOSE 0 VMAX 0 VLOCKUP 0 VDECR 0 V3SWAP 3 V2SWAP 0 NFC 0 NFB 0 NFS 0 NFPEN 0 NFT 0 TF 20
[SQ] 83054265: MC 0 MPC 0 TR 0 PMINT 0 PBURN 0 PSYNC 0 TC 0 LT 0 MG 0 VD 0 VDP 0 VWD 0 VLOCK 0 VUNLOCK 0 VCLOSE 0 VMAX 0 VLOCKUP 0 VDECR 0 V3SWAP 0 V2SWAP 0 NFC 0 NFB 0 NFS 0 NFPEN 0 NFT 0 TF 0
[SQ] 83054266: MC 0 MPC 0 TR 0 PMINT 0 PBURN 0 PSYNC 0 TC 0 LT 0 MG 0 VD 0 VDP 0 VWD 0 VLOCK 0 VUNLOCK 0 VCLOSE 0 VMAX 0 VLOCKUP 0 VDECR 0 V3SWAP 0 V2SWAP 0 NFC 0 NFB 0 NFS 0 NFPEN 0 NFT 0 TF 0
[SQ] 83054267: MC 0 MPC 0 TR 0 PMINT 0 PBURN 0 PSYNC 0 TC 0 LT 0 MG 0 VD 0 VDP 0 VWD 0 VLOCK 0 VUNLOCK 0 VCLOSE 0 VMAX 0 VLOCKUP 0 VDECR 0 V3SWAP 1 V2SWAP 0 NFC 0 NFB 0 NFS 0 NFPEN 0 NFT 0 TF 5
[SQ] 83054268: MC 0 MPC 0 TR 0 PMINT 0 PBURN 0 PSYNC 0 TC 0 LT 0 MG 0 VD 0 VDP 0 VWD 0 VLOCK 0 VUNLOCK 0 VCLOSE 0 VMAX 0 VLOCKUP 0 VDECR 0 V3SWAP 0 V2SWAP 0 NFC 0 NFB 0 NFS 0 NFPEN 0 NFT 0 TF 0
[SQ] 83054269: MC 0 MPC 0 TR 0 PMINT 0 PBURN 0 PSYNC 0 TC 0 LT 0 MG 0 VD 0 VDP 0 VWD 0 VLOCK 0 VUNLOCK 0 VCLOSE 0 VMAX 0 VLOCKUP 0 VDECR 0 V3SWAP 0 V2SWAP 0 NFC 0 NFB 0 NFS 0 NFPEN 0 NFT 0 TF 0
[SQ] 83054270: MC 0 MPC 0 TR 0 PMINT 0 PBURN 0 PSYNC 0 TC 0 LT 0 MG 0 VD 0 VDP 0 VWD 0 VLOCK 0 VUNLOCK 0 VCLOSE 0 VMAX 0 VLOCKUP 0 VDECR 0 V3SWAP 0 V2SWAP 0 NFC 0 NFB 0 NFS 0 NFPEN 0 NFT 0 TF 0
[SQ] 83054271: MC 0 MPC 0 TR 0 PMINT 0 PBURN 0 PSYNC 0 TC 0 LT 0 MG 0 VD 0 VDP 0 VWD 0 VLOCK 0 VUNLOCK 0 VCLOSE 0 VMAX 0 VLOCKUP 0 VDECR 0 V3SWAP 0 V2SWAP 0 NFC 0 NFB 0 NFS 0 NFPEN 0 NFT 0 TF 0
[SQ] 83054272: MC 0 MPC 0 TR 0 PMINT 0 PBURN 0 PSYNC 0 TC 0 LT 0 MG 0 VD 0 VDP 0 VWD 0 VLOCK 0 VUNLOCK 0 VCLOSE 0 VMAX 0 VLOCKUP 0 VDECR 0 V3SWAP 0 V2SWAP 0 NFC 0 NFB 0 NFS 0 NFPEN 0 NFT 0 TF 2
[SQ] 83054273: MC 0 MPC 0 TR 0 PMINT 0 PBURN 0 PSYNC 0 TC 0 LT 0 MG 0 VD 0 VDP 0 VWD 0 VLOCK 0 VUNLOCK 0 VCLOSE 0 VMAX 0 VLOCKUP 0 VDECR 0 V3SWAP 0 V2SWAP 0 NFC 0 NFB 0 NFS 0 NFPEN 0 NFT 0 TF 0
[SQ] 83054274: MC 0 MPC 0 TR 0 PMINT 0 PBURN 0 PSYNC 0 TC 0 LT 0 MG 0 VD 0 VDP 0 VWD 0 VLOCK 0 VUNLOCK 0 VCLOSE 0 VMAX 0 VLOCKUP 0 VDECR 0 V3SWAP 0 V2SWAP 0 NFC 0 NFB 0 NFS 0 NFPEN 0 NFT 0 TF 2
[SQ] 83054275: MC 0 MPC 0 TR 0 PMINT 0 PBURN 0 PSYNC 0 TC 0 LT 0 MG 0 VD 0 VDP 0 VWD 0 VLOCK 0 VUNLOCK 0 VCLOSE 0 VMAX 0 VLOCKUP 0 VDECR 0 V3SWAP 0 V2SWAP 0 NFC 0 NFB 0 NFS 0 NFPEN 0 NFT 0 TF 0
[SQ] 83054276: MC 0 MPC 0 TR 0 PMINT 0 PBURN 0 PSYNC 0 TC 0 LT 0 MG 0 VD 0 VDP 0 VWD 0 VLOCK 0 VUNLOCK 0 VCLOSE 0 VMAX 0 VLOCKUP 0 VDECR 0 V3SWAP 0 V2SWAP 0 NFC 0 NFB 0 NFS 0 NFPEN 0 NFT 0 TF 0
[SQ] 83054277: MC 0 MPC 0 TR 0 PMINT 0 PBURN 0 PSYNC 0 TC 0 LT 0 MG 0 VD 0 VDP 0 VWD 0 VLOCK 0 VUNLOCK 0 VCLOSE 0 VMAX 0 VLOCKUP 0 VDECR 0 V3SWAP 0 V2SWAP 0 NFC 0 NFB 0 NFS 0 NFPEN 0 NFT 0 TF 0
[SQ] 83054278: MC 0 MPC 0 TR 0 PMINT 0 PBURN 0 PSYNC 0 TC 0 LT 0 MG 0 VD 0 VDP 0 VWD 0 VLOCK 0 VUNLOCK 0 VCLOSE 0 VMAX 0 VLOCKUP 0 VDECR 0 V3SWAP 0 V2SWAP 0 NFC 0 NFB 0 NFS 0 NFPEN 0 NFT 0 TF 0
[SQ] 83054279: MC 0 MPC 0 TR 0 PMINT 0 PBURN 0 PSYNC 0 TC 0 LT 0 MG 0 VD 0 VDP 0 VWD 0 VLOCK 0 VUNLOCK 0 VCLOSE 0 VMAX 0 VLOCKUP 0 VDECR 0 V3SWAP 0 V2SWAP 0 NFC 0 NFB 0 NFS 0 NFPEN 0 NFT 0 TF 0
[SQ] 83054280: MC 0 MPC 0 TR 0 PMINT 0 PBURN 0 PSYNC 0 TC 0 LT 0 MG 0 VD 0 VDP 0 VWD 0 VLOCK 0 VUNLOCK 0 VCLOSE 0 VMAX 0 VLOCKUP 0 VDECR 0 V3SWAP 1 V2SWAP 0 NFC 0 NFB 0 NFS 0 NFPEN 0 NFT 0 TF 3
[SQ] 83054281: MC 0 MPC 0 TR 0 PMINT 0 PBURN 0 PSYNC 0 TC 0 LT 0 MG 0 VD 0 VDP 0 VWD 0 VLOCK 0 VUNLOCK 0 VCLOSE 0 VMAX 0 VLOCKUP 0 VDECR 0 V3SWAP 0 V2SWAP 0 NFC 0 NFB 0 NFS 0 NFPEN 0 NFT 0 TF 0
[SQ] 83054282: MC 0 MPC 0 TR 0 PMINT 0 PBURN 0 PSYNC 0 TC 0 LT 0 MG 0 VD 0 VDP 0 VWD 0 VLOCK 0 VUNLOCK 0 VCLOSE 0 VMAX 0 VLOCKUP 0 VDECR 0 V3SWAP 0 V2SWAP 0 NFC 0 NFB 0 NFS 0 NFPEN 0 NFT 0 TF 4
[SQ] 83054283: MC 0 MPC 0 TR 0 PMINT 0 PBURN 0 PSYNC 0 TC 0 LT 0 MG 0 VD 0 VDP 0 VWD 0 VLOCK 0 VUNLOCK 0 VCLOSE 0 VMAX 0 VLOCKUP 0 VDECR 0 V3SWAP 0 V2SWAP 0 NFC 0 NFB 0 NFS 0 NFPEN 0 NFT 0 TF 0
[SQ] 83054284: MC 0 MPC 0 TR 0 PMINT 0 PBURN 0 PSYNC 0 TC 0 LT 0 MG 0 VD 0 VDP 0 VWD 0 VLOCK 0 VUNLOCK 0 VCLOSE 0 VMAX 0 VLOCKUP 0 VDECR 0 V3SWAP 0 V2SWAP 0 NFC 0 NFB 0 NFS 0 NFPEN 0 NFT 0 TF 2